query_id,query_timestamp,query_type,language_detected,chat_id,user_id,gender,country
1e42d1e9-cba5-4e9f-9f44-c9281bff2c56,2025-09-27 08:42:57.777105 UTC,text,en,9fba25aa-e0a8-4491-848f-e33dfcd01aee,553197f4-39a2-42d3-ace8-9940cd32017b,,India
d84bdade-d953-49e8-b8cb-b50e9a75ea13,2026-08-19 15:39:18.896998 UTC,text,hi,76b76d53-d13b-4802-b131-2ce784b9b31c,86aa44b2-c9eb-4ba8-91a2-a690228d046b,gender_all_male,India
0e0c7592-9021-46e4-946f-08b279cf9799,2026-08-19 15:39:42.557755 UTC,text,hi,76b76d53-d13b-4802-b131-2ce784b9b31c,86aa44b2-c9eb-4ba8-91a2-a690228d046b,gender_all_male,India
3944c2e7-5980-41a9-a931-cb0b50294405,2025-08-09 12:18:30.433266 UTC,text,en,da02370f-18ff-4afc-8b2d-aca185e4e052,7e94bfb8-76cf-401f-8ca5-ee039e3c0097,,Nigeria
0128ebb5-e14f-4a26-8ac4-1f1325f08e81,2025-08-09 12:16:36.660666 UTC,text,en,da02370f-18ff-4afc-8b2d-aca185e4e052,7e94bfb8-76cf-401f-8ca5-ee039e3c0097,,Nigeria
2f3ae211-547e-47c4-9b10-a05e13a9e257,2025-08-09 12:17:30.578336 UTC,text,en,da02370f-18ff-4afc-8b2d-aca185e4e052,7e94bfb8-76cf-401f-8ca5-ee039e3c0097,,Nigeria
6563a62c-c7b9-4736-b7e8-a850a748d207,2025-08-09 12:21:01.127919 UTC,text,en,da02370f-18ff-4afc-8b2d-aca185e4e052,7e94bfb8-76cf-401f-8ca5-ee039e3c0097,,Nigeria
cd0dbe97-5aff-4a94-b0ec-604dbcea10a7,2025-08-09 12:17:04.335288 UTC,text,en,da02370f-18ff-4afc-8b2d-aca185e4e052,7e94bfb8-76cf-401f-8ca5-ee039e3c0097,,Nigeria
df7e16ab-2efb-42ed-9a02-ba6c2899fd62,2025-08-09 12:18:11.324567 UTC,text,en,da02370f-18ff-4afc-8b2d-aca185e4e052,7e94bfb8-76cf-401f-8ca5-ee039e3c0097,,Nigeria
a4d9dd01-2760-44df-a3a9-32e879a500c2,2025-08-09 12:20:01.202311 UTC,text,en,da02370f-18ff-4afc-8b2d-aca185e4e052,7e94bfb8-76cf-401f-8ca5-ee039e3c0097,,Nigeria
5ec8e490-3f19-43ec-93e5-0ae34057c05e,2025-08-09 12:15:50.20379 UTC,text,en,da02370f-18ff-4afc-8b2d-aca185e4e052,7e94bfb8-76cf-401f-8ca5-ee039e3c0097,,Nigeria
fb4d869d-b8fc-4d3d-93db-0f86ec3db62f,2025-08-09 12:17:55.357003 UTC,text,en,da02370f-18ff-4afc-8b2d-aca185e4e052,7e94bfb8-76cf-401f-8ca5-ee039e3c0097,,Nigeria
6936a281-5ff8-4faf-b979-6d7c31f7f19a,2025-08-09 12:16:04.997641 UTC,text,en,da02370f-18ff-4afc-8b2d-aca185e4e052,7e94bfb8-76cf-401f-8ca5-ee039e3c0097,,Nigeria
f27947cc-0a78-4534-953e-95959c0a0cd9,2025-08-09 12:20:24.467297 UTC,text,en,da02370f-18ff-4afc-8b2d-aca185e4e052,7e94bfb8-76cf-401f-8ca5-ee039e3c0097,,Nigeria
3dc75191-c23d-4532-b61a-d7438e708eae,2025-08-09 12:20:42.515895 UTC,text,en,da02370f-18ff-4afc-8b2d-aca185e4e052,7e94bfb8-76cf-401f-8ca5-ee039e3c0097,,Nigeria
7bc36298-8ebc-4720-8cdb-0a3ad6681435,2024-12-29 08:33:42.952866 UTC,voice,,bf415fbc-9ef6-40b7-afaf-5ac815867aa5,b141a43e-66ad-4c5f-8c0e-2957f1006e0f,gender_all_female,India
fc67ec91-74ea-4842-bda0-4a0de24825fb,2024-12-29 08:34:19.073261 UTC,text,hi-Latn,bf415fbc-9ef6-40b7-afaf-5ac815867aa5,b141a43e-66ad-4c5f-8c0e-2957f1006e0f,gender_all_female,India
6ef045ef-a8b7-4344-b0cd-6a4f1d5c0274,2024-12-29 08:34:50.45405 UTC,text,hi-Latn,bf415fbc-9ef6-40b7-afaf-5ac815867aa5,b141a43e-66ad-4c5f-8c0e-2957f1006e0f,gender_all_female,India
39254b24-5985-4ff8-82e1-8f9631fe1eb1,2026-08-14 14:37:00.345815 UTC,text,hi,7bd53a3f-96bb-4b97-8250-14aa8534a82d,86aa44b2-c9eb-4ba8-91a2-a690228d046b,gender_all_male,India
9e5514b7-b017-4c71-aba7-ed4ac0c0c2e6,2026-08-12 16:28:53.318879 UTC,text,hi,3549db6d-6294-4494-b558-1f5ae00e3850,86aa44b2-c9eb-4ba8-91a2-a690228d046b,gender_all_male,India
735d0c63-bf43-43b5-850c-1d311203971b,2026-08-19 15:38:53.089352 UTC,text,hi,4330b487-7704-4197-917c-06f25a08e09d,86aa44b2-c9eb-4ba8-91a2-a690228d046b,gender_all_male,India
9553dd5d-ff76-41f2-9ccd-b3ec34f59693,2026-08-10 04:47:43.881382 UTC,text,hi,edc6a3fe-2aa7-4ff1-acc6-f301f0054ff9,86aa44b2-c9eb-4ba8-91a2-a690228d046b,gender_all_male,India
90254f0a-6a1e-45c6-b45b-d05bf195c23b,2025-07-14 07:04:07.425141 UTC,text,en,140a49af-6549-4e98-b68c-9e21a1fbf6de,7e94bfb8-76cf-401f-8ca5-ee039e3c0097,,Nigeria
ff3882c3-08d5-4de7-98ec-7478985a3cb7,2025-07-14 07:03:52.655618 UTC,text,en,140a49af-6549-4e98-b68c-9e21a1fbf6de,7e94bfb8-76cf-401f-8ca5-ee039e3c0097,,Nigeria
5d299edd-c89e-4022-b48d-516cf38e9daf,2025-07-14 07:03:05.478168 UTC,text,en,140a49af-6549-4e98-b68c-9e21a1fbf6de,7e94bfb8-76cf-401f-8ca5-ee039e3c0097,,Nigeria
15b51fe9-868b-4929-be31-9795e5a293cf,2025-07-14 07:02:32.374029 UTC,text,en,140a49af-6549-4e98-b68c-9e21a1fbf6de,7e94bfb8-76cf-401f-8ca5-ee039e3c0097,,Nigeria
da45429e-4d2f-4662-8067-f7633fe8f668,2025-07-14 07:03:15.931446 UTC,text,en,140a49af-6549-4e98-b68c-9e21a1fbf6de,7e94bfb8-76cf-401f-8ca5-ee039e3c0097,,Nigeria
b8785489-f0e3-41ff-898a-3e1e68643cbd,2025-07-14 07:02:09.206808 UTC,text,en,140a49af-6549-4e98-b68c-9e21a1fbf6de,7e94bfb8-76cf-401f-8ca5-ee039e3c0097,,Nigeria
ad90e96c-2ed9-4880-a77e-2ec050bd7cea,2025-07-14 07:03:38.069978 UTC,text,en,140a49af-6549-4e98-b68c-9e21a1fbf6de,7e94bfb8-76cf-401f-8ca5-ee039e3c0097,,Nigeria
0c84f8b9-399e-4897-a233-dedab59c295f,2025-07-14 07:02:55.095435 UTC,text,en,140a49af-6549-4e98-b68c-9e21a1fbf6de,7e94bfb8-76cf-401f-8ca5-ee039e3c0097,,Nigeria
9efff5eb-bbc5-4bb7-bc1a-0c6d6c4aabd7,2025-07-14 07:02:21.742978 UTC,text,en,140a49af-6549-4e98-b68c-9e21a1fbf6de,7e94bfb8-76cf-401f-8ca5-ee039e3c0097,,Nigeria
0de56005-9710-45c1-ba82-426219bbd4d5,2025-07-14 07:01:56.095596 UTC,text,en,140a49af-6549-4e98-b68c-9e21a1fbf6de,7e94bfb8-76cf-401f-8ca5-ee039e3c0097,,Nigeria
021852a3-a3fc-4555-9272-34486a93604d,2025-07-14 07:02:42.84386 UTC,text,en,140a49af-6549-4e98-b68c-9e21a1fbf6de,7e94bfb8-76cf-401f-8ca5-ee039e3c0097,,Nigeria
168f3afb-e769-436b-84f1-e27594429f85,2026-08-19 15:37:36.115547 UTC,text,hi,ad8dc766-9cb5-4446-8a43-2ab25f3be5f7,86aa44b2-c9eb-4ba8-91a2-a690228d046b,gender_all_male,India
613d6a71-3211-45b3-9f93-475fa2418037,2026-08-10 04:27:21.974722 UTC,text,hi,43e91872-db14-4662-ad91-ac3ec61eab74,86aa44b2-c9eb-4ba8-91a2-a690228d046b,gender_all_male,India
fd80fa85-5940-412e-b69c-c3fc6896120a,2026-08-10 04:36:38.283633 UTC,text,hi,43e91872-db14-4662-ad91-ac3ec61eab74,86aa44b2-c9eb-4ba8-91a2-a690228d046b,gender_all_male,India
4ebb0704-17ac-4be8-9168-3d9af9ae3f92,2026-08-10 04:34:34.967241 UTC,text,hi,43e91872-db14-4662-ad91-ac3ec61eab74,86aa44b2-c9eb-4ba8-91a2-a690228d046b,gender_all_male,India
002fb4a8-6236-4ad9-b29e-e80bb31c7650,2026-08-10 04:28:00.79656 UTC,voice,hi,43e91872-db14-4662-ad91-ac3ec61eab74,86aa44b2-c9eb-4ba8-91a2-a690228d046b,gender_all_male,India
3faf3cd4-cdd2-42e9-9e70-4400626e4b50,2026-08-10 04:30:03.812669 UTC,voice,hi,43e91872-db14-4662-ad91-ac3ec61eab74,86aa44b2-c9eb-4ba8-91a2-a690228d046b,gender_all_male,India
910a7335-024e-4927-bf19-07e0d4686a57,2026-08-10 04:32:51.032876 UTC,voice,hi,43e91872-db14-4662-ad91-ac3ec61eab74,86aa44b2-c9eb-4ba8-91a2-a690228d046b,gender_all_male,India
c3e0443e-7ce7-4687-812f-0d8aa7cefb80,2026-08-10 04:30:42.782548 UTC,voice,hi,43e91872-db14-4662-ad91-ac3ec61eab74,86aa44b2-c9eb-4ba8-91a2-a690228d046b,gender_all_male,India
d3078590-38ed-4a9a-be7d-639dcc70e1aa,2026-08-10 04:35:55.712693 UTC,voice,hi,43e91872-db14-4662-ad91-ac3ec61eab74,86aa44b2-c9eb-4ba8-91a2-a690228d046b,gender_all_male,India
4683d655-a479-440f-8894-1c82f7b3e945,2026-08-17 04:58:15.43698 UTC,text,hi,1546c161-5070-4d31-885c-4eabc7f9c297,86aa44b2-c9eb-4ba8-91a2-a690228d046b,gender_all_male,India
754bb07c-de4f-4295-a76a-d26caed568ea,2026-08-14 14:36:38.194387 UTC,text,hi,63431994-c54a-4f30-8ed2-db28fe48b659,86aa44b2-c9eb-4ba8-91a2-a690228d046b,gender_all_male,India
0332cc05-f466-4611-807a-7622fd2c9656,2025-01-01 16:13:42.725877 UTC,text,hi,f3396cb1-bb15-4693-be0c-d18e05173545,b141a43e-66ad-4c5f-8c0e-2957f1006e0f,gender_all_female,India
0b21ccac-bdac-4740-991f-f6bf4fdc6a0a,2025-01-01 16:16:17.132387 UTC,text,hi-Latn,f3396cb1-bb15-4693-be0c-d18e05173545,b141a43e-66ad-4c5f-8c0e-2957f1006e0f,gender_all_female,India
b9750d10-e77d-4992-9b39-4350cc66c57d,2025-01-01 16:01:05.29266 UTC,text,hi-Latn,f3396cb1-bb15-4693-be0c-d18e05173545,b141a43e-66ad-4c5f-8c0e-2957f1006e0f,gender_all_female,India
1b0ac40e-4d14-4714-ac6f-864660c541aa,2025-01-01 16:05:19.581671 UTC,text,id,f3396cb1-bb15-4693-be0c-d18e05173545,b141a43e-66ad-4c5f-8c0e-2957f1006e0f,gender_all_female,India
dbc613cf-b0c8-424b-9182-47c4b3a072ec,2025-01-01 16:03:09.628411 UTC,text,hi,f3396cb1-bb15-4693-be0c-d18e05173545,b141a43e-66ad-4c5f-8c0e-2957f1006e0f,gender_all_female,India
c79601b9-2c6d-4bfa-b05e-18984b0af764,2025-01-01 16:21:42.963374 UTC,text,fil,f3396cb1-bb15-4693-be0c-d18e05173545,b141a43e-66ad-4c5f-8c0e-2957f1006e0f,gender_all_female,India
162f2959-64ee-4921-b861-0539c26803b3,2025-01-01 16:07:30.391344 UTC,text,hi-Latn,f3396cb1-bb15-4693-be0c-d18e05173545,b141a43e-66ad-4c5f-8c0e-2957f1006e0f,gender_all_female,India
b79c9737-b6f1-4895-94e1-15636b27ac98,2025-01-01 16:09:41.252518 UTC,text,hi,f3396cb1-bb15-4693-be0c-d18e05173545,b141a43e-66ad-4c5f-8c0e-2957f1006e0f,gender_all_female,India
c8b3c1f0-61b0-48e9-83b0-cf21bdf409c6,2026-09-05 17:40:07.997572 UTC,text,om,f0860876-4bdc-408c-bf43-d7b6c5882f90,78f179b7-eebf-4206-abe3-26da171685ec,gender_all_male,Ethiopia
5277ef5d-09c2-4180-bb57-acddd0040bc7,2026-07-25 15:22:29.191071 UTC,text,en,54200935-7547-41af-b29b-c147459ebdc9,5f4499c1-cf0d-4ee0-b1dd-49188e5175c2,gender_all_male,Kenya
79cf4fd1-5f73-4537-9b3e-a9e8a9003ed4,2026-07-25 15:23:13.779063 UTC,text,en,54200935-7547-41af-b29b-c147459ebdc9,5f4499c1-cf0d-4ee0-b1dd-49188e5175c2,gender_all_male,Kenya
b996362f-6555-4c53-a6aa-5986fe027ab4,2026-09-05 17:39:56.827992 UTC,text,om,db90416b-6ee0-46fc-ba93-cd803c4a6df4,78f179b7-eebf-4206-abe3-26da171685ec,gender_all_male,Ethiopia
7d507b5a-bcc3-4ebf-bdf0-3f147f1ac081,2026-09-05 17:41:53.078856 UTC,text,om,bf4cac9f-f31b-4cca-95ce-5983448143ec,78f179b7-eebf-4206-abe3-26da171685ec,gender_all_male,Ethiopia
15b7f4bf-4d74-4ee0-ad4c-987e4f762d1d,2026-09-05 17:42:26.771786 UTC,text,om,bf4cac9f-f31b-4cca-95ce-5983448143ec,78f179b7-eebf-4206-abe3-26da171685ec,gender_all_male,Ethiopia
ac5033fb-3849-4b4d-b400-be81c1667df2,2026-09-05 17:40:49.101335 UTC,text,om,bf4cac9f-f31b-4cca-95ce-5983448143ec,78f179b7-eebf-4206-abe3-26da171685ec,gender_all_male,Ethiopia
30144a06-b9db-4a71-bf22-97ecc9f3866c,2026-09-05 17:41:22.998706 UTC,text,om,bf4cac9f-f31b-4cca-95ce-5983448143ec,78f179b7-eebf-4206-abe3-26da171685ec,gender_all_male,Ethiopia
4f94e713-920b-4bdb-a4d9-fbe5db996163,2026-07-20 14:33:19.950911 UTC,text,hi,2fb6af03-bdbd-4ca4-8a65-0e4f11175f33,fda8b955-b74c-479a-97a7-75e1a7fa05f7,gender_all_male,India
9743c834-911f-45c2-b76a-3293e2f83b31,2026-07-20 14:33:25.512351 UTC,text,hi,2fb6af03-bdbd-4ca4-8a65-0e4f11175f33,fda8b955-b74c-479a-97a7-75e1a7fa05f7,gender_all_male,India
57f6de1a-7267-44f7-8f45-e0a18dd4bdfc,2026-06-08 16:11:46.406965 UTC,text,hi,1b347c7e-9f22-4567-891f-79f3d2ec0e45,fda8b955-b74c-479a-97a7-75e1a7fa05f7,gender_all_male,India
4112493e-1c31-4b4a-bccd-0fc07e522aee,2026-06-08 16:11:27.750113 UTC,text,hi,1b347c7e-9f22-4567-891f-79f3d2ec0e45,fda8b955-b74c-479a-97a7-75e1a7fa05f7,gender_all_male,India
65d907e3-2247-4406-9086-18b179c93d08,2026-06-08 16:09:15.369795 UTC,text,hi,1b347c7e-9f22-4567-891f-79f3d2ec0e45,fda8b955-b74c-479a-97a7-75e1a7fa05f7,gender_all_male,India
43dc86b0-d7b6-47d9-a2de-fac85001029b,2026-07-20 14:31:56.585998 UTC,text,hi,9ad37a0d-374f-425f-b526-53bf09ccb903,fda8b955-b74c-479a-97a7-75e1a7fa05f7,gender_all_male,India
f1f4b839-dcdd-4bb8-9dc4-21cd18b12bf8,2026-07-20 14:31:42.213525 UTC,text,hi,9ad37a0d-374f-425f-b526-53bf09ccb903,fda8b955-b74c-479a-97a7-75e1a7fa05f7,gender_all_male,India
8ec61108-c244-417c-b94f-f3675c6fcd59,2026-07-07 14:01:29.390412 UTC,text,hi,ffc36ede-2f44-48a1-b9b6-2894244820c6,324e1124-fab1-487e-bb12-49125fea004d,,India
8cf23d82-547d-49d1-82a6-50f39103c0ae,2026-07-03 13:39:01.550301 UTC,image,,ac3a3cf5-a74c-4408-aaf5-14c19567c9ed,324e1124-fab1-487e-bb12-49125fea004d,,India
f1c2788f-cecd-4e4a-a49e-34d5f443d47b,2026-05-17 11:11:34.966842 UTC,text,hi,ff1cc80c-f96d-44a2-9ad2-2e2b1720443b,fda8b955-b74c-479a-97a7-75e1a7fa05f7,gender_all_male,India
fc563ae1-b969-4692-81f6-fbead9749639,2026-07-20 14:30:59.157837 UTC,text,hi,87f89486-03b1-428a-af7a-e4416fd62341,fda8b955-b74c-479a-97a7-75e1a7fa05f7,gender_all_male,India
1e985bc4-9ff3-474a-8da8-4a21cca6d6f4,2026-07-20 14:30:52.352145 UTC,text,hi,87f89486-03b1-428a-af7a-e4416fd62341,fda8b955-b74c-479a-97a7-75e1a7fa05f7,gender_all_male,India
e0f56216-3244-4301-ba89-004469793336,2026-07-03 13:36:33.547569 UTC,text,en,4a59f52f-e7ab-493f-83db-774999071d42,324e1124-fab1-487e-bb12-49125fea004d,,India
e5646d66-ca2e-4f1b-9d7b-cea7de97864d,2026-08-01 02:59:37.081674 UTC,voice,hi-Latn,a757eb45-cdc0-47f5-9d26-f55a50ab1ebd,06640174-4bbe-4212-927b-999e3766e132,,India
555d0cfc-397e-4dca-8a2c-bf60f6e24ddf,2026-07-03 13:36:56.741719 UTC,voice,hi-Latn,4a59f52f-e7ab-493f-83db-774999071d42,324e1124-fab1-487e-bb12-49125fea004d,,India
ea722820-c520-4b23-b5ef-5b48d791cdfb,2026-07-03 13:36:39.730518 UTC,text,en,4a59f52f-e7ab-493f-83db-774999071d42,324e1124-fab1-487e-bb12-49125fea004d,,India
c4fa1862-eafb-4818-8745-47c094903fed,2026-05-17 11:10:33.636015 UTC,text,hi,57f514df-9cc4-448f-b552-67fdd0517eee,fda8b955-b74c-479a-97a7-75e1a7fa05f7,gender_all_male,India
ff11267c-6b78-42a3-a5ca-1b3acd3c4e1d,2026-06-02 14:04:56.728075 UTC,text,sw,f7ab6c7e-52aa-481e-a6a5-a7dc412b93f6,20eb1301-0337-484b-ae30-9722d8807bc2,gender_all_male,Kenya
39baade3-8c58-4893-b56e-c6aaddf9524e,2026-06-02 14:06:13.107345 UTC,text,en,f7ab6c7e-52aa-481e-a6a5-a7dc412b93f6,20eb1301-0337-484b-ae30-9722d8807bc2,gender_all_male,Kenya
62474ae9-3988-4f64-b8bc-39a5fe30b992,2025-12-23 12:04:23.446272 UTC,text,en,43f1f172-aeda-46db-9be0-8634cbe26119,e5529d15-a78d-4ebd-a7c3-a2b96c2ca13b,gender_all_female,India
ade497f9-86b1-4a6e-ab5d-ebfbea140a7b,2026-06-02 14:02:52.03963 UTC,text,en,75ab97bf-8c99-4aa2-aae4-4697dee6685c,20eb1301-0337-484b-ae30-9722d8807bc2,gender_all_male,Kenya
ade3768d-689f-41e7-90fb-a6bbf512a68c,2026-08-01 02:59:06.75964 UTC,text,en,10761d5a-7a02-4b1c-972c-13def364cd00,06640174-4bbe-4212-927b-999e3766e132,,India
5602e8b6-638c-42c0-8d2f-ca874f45abf6,2026-06-02 14:01:20.750123 UTC,text,en,75ab97bf-8c99-4aa2-aae4-4697dee6685c,20eb1301-0337-484b-ae30-9722d8807bc2,gender_all_male,Kenya
111bd5fb-88d1-447e-9cf9-752d7b59f849,2026-08-01 02:59:04.233061 UTC,text,en,10761d5a-7a02-4b1c-972c-13def364cd00,06640174-4bbe-4212-927b-999e3766e132,,India
b3fa5eec-6ae7-4c1a-9118-b75777cb0eb7,2026-05-17 11:14:41.979433 UTC,text,hi,fc0259a5-2dab-4d55-b04f-d6b25645e9e3,fda8b955-b74c-479a-97a7-75e1a7fa05f7,gender_all_male,India
4a8412b6-4db0-4d79-aea2-303c09633408,2026-05-17 11:15:31.86781 UTC,text,hi,fc0259a5-2dab-4d55-b04f-d6b25645e9e3,fda8b955-b74c-479a-97a7-75e1a7fa05f7,gender_all_male,India
0efd258f-6bf0-4afe-8a50-d40b481955c1,2026-05-17 11:13:13.336562 UTC,text,hi,fc0259a5-2dab-4d55-b04f-d6b25645e9e3,fda8b955-b74c-479a-97a7-75e1a7fa05f7,gender_all_male,India
699c2391-02a4-4f2f-af02-efbeb414a754,2026-05-17 11:12:23.885872 UTC,text,hi,fc0259a5-2dab-4d55-b04f-d6b25645e9e3,fda8b955-b74c-479a-97a7-75e1a7fa05f7,gender_all_male,India
c3ad3845-141a-4741-b4dc-9da1196c3d38,2026-06-03 13:52:34.934241 UTC,text,en,42e61a93-3ae8-4200-a203-f52e2ae97dc1,20eb1301-0337-484b-ae30-9722d8807bc2,gender_all_male,Kenya
2c549771-1d20-40cc-9ff1-c926ff38f527,2026-05-21 11:41:27.467285 UTC,voice,hi,ef143242-0319-416b-9042-362448bef6e7,fda8b955-b74c-479a-97a7-75e1a7fa05f7,gender_all_male,India
38c5879d-97ff-4383-a0c9-396cb40c26fa,2026-07-03 13:38:25.777141 UTC,text,hi,fbbde0a2-9f1e-483d-a93a-fd55fd96c39f,324e1124-fab1-487e-bb12-49125fea004d,,India
32bd0b1c-3279-4cbe-9497-9d27374d9599,2026-07-03 13:37:32.068508 UTC,text,hi,fbbde0a2-9f1e-483d-a93a-fd55fd96c39f,324e1124-fab1-487e-bb12-49125fea004d,,India
e722d1fd-aa99-4108-9ce5-805336f348f8,2026-05-21 11:41:50.443401 UTC,text,hi,ef143242-0319-416b-9042-362448bef6e7,fda8b955-b74c-479a-97a7-75e1a7fa05f7,gender_all_male,India
6e035595-3912-463b-ab89-1348d3cb5af1,2026-07-03 13:37:20.558666 UTC,text,hi,fbbde0a2-9f1e-483d-a93a-fd55fd96c39f,324e1124-fab1-487e-bb12-49125fea004d,,India
acc9f718-1d92-4333-8da1-08c920e52480,2026-07-07 14:01:39.250084 UTC,text,hi,8b5998bb-3b66-4e01-9491-250f343f2037,324e1124-fab1-487e-bb12-49125fea004d,,India
d8ad374e-3985-446e-abf1-f0d9084bdee0,2026-08-05 03:14:42.04644 UTC,image,,c4a87107-de31-4cb1-bd7a-24f72198d833,06640174-4bbe-4212-927b-999e3766e132,,India
3b25211c-bb0a-4c71-8af0-08ccc29edda1,2026-05-31 04:32:53.239107 UTC,text,en,70d84a5c-d0e7-4ae3-a630-1e9ffb3ff3ad,20eb1301-0337-484b-ae30-9722d8807bc2,gender_all_male,Kenya
e71a424b-8a47-4176-b499-c7553c3d3adc,2026-07-03 13:39:44.657437 UTC,text,mr,a3fa72d8-4499-4da8-923d-859f7323537a,324e1124-fab1-487e-bb12-49125fea004d,,India
9002bbd1-07de-4206-b4f1-4d57935287b9,2026-06-04 07:04:39.814443 UTC,text,en,edad9a1b-bc5e-4a75-bead-c8e965268fd5,20eb1301-0337-484b-ae30-9722d8807bc2,gender_all_male,Kenya
935110f4-7561-4d49-850f-3c5ae12e04d1,2026-05-17 11:09:45.142521 UTC,text,hi,09b1f506-6ef1-4ab5-aa2a-1ee116527b49,fda8b955-b74c-479a-97a7-75e1a7fa05f7,gender_all_male,India
88501a31-350a-4271-99c0-6b1cd0125dcf,2026-05-17 11:09:10.39253 UTC,text,hi,09b1f506-6ef1-4ab5-aa2a-1ee116527b49,fda8b955-b74c-479a-97a7-75e1a7fa05f7,gender_all_male,India
5f6f2cd9-0e78-42ec-88cb-055a946bf442,2026-05-17 11:06:40.933728 UTC,text,hi,09706308-fa2e-46f1-b860-ce29cf6e42e1,fda8b955-b74c-479a-97a7-75e1a7fa05f7,gender_all_male,India
a85d8c8b-9c73-45b7-8096-f411f31377c6,2026-05-17 11:05:22.066288 UTC,text,hi,09706308-fa2e-46f1-b860-ce29cf6e42e1,fda8b955-b74c-479a-97a7-75e1a7fa05f7,gender_all_male,India
02fb5042-f51b-4a5a-84b4-d4b8d87d4461,2026-05-17 11:07:31.723957 UTC,text,hi,09706308-fa2e-46f1-b860-ce29cf6e42e1,fda8b955-b74c-479a-97a7-75e1a7fa05f7,gender_all_male,India
ed59dc69-64b2-4a60-afd5-e67763f24831,2026-05-17 11:08:05.153325 UTC,text,hi,09706308-fa2e-46f1-b860-ce29cf6e42e1,fda8b955-b74c-479a-97a7-75e1a7fa05f7,gender_all_male,India
a71d0466-0109-44d9-a527-6b089b579d2d,2026-05-17 11:05:56.825198 UTC,text,hi,09706308-fa2e-46f1-b860-ce29cf6e42e1,fda8b955-b74c-479a-97a7-75e1a7fa05f7,gender_all_male,India
f412a0f0-847b-453b-b738-8e12537f55fa,2026-06-03 13:53:35.972754 UTC,text,en,4334f57d-19fa-42a7-8ee8-7d7a1cf8917e,20eb1301-0337-484b-ae30-9722d8807bc2,gender_all_male,Kenya
728b50d1-dcd3-40ae-b4f1-a12b68bc3e62,2026-07-20 14:32:25.175681 UTC,text,hi,9c7e471a-53b4-41a8-b355-510e5acd1514,fda8b955-b74c-479a-97a7-75e1a7fa05f7,gender_all_male,India
5895a0d0-9389-44e5-ab25-5d4babe2e5da,2026-07-20 14:32:16.198511 UTC,text,hi,9c7e471a-53b4-41a8-b355-510e5acd1514,fda8b955-b74c-479a-97a7-75e1a7fa05f7,gender_all_male,India
1565b3cc-dfb9-47dd-86f0-a76bf4eb1818,2026-05-21 11:40:39.648085 UTC,text,mr,d879b7f8-e7c0-43c9-a52e-f5b505f8dee8,fda8b955-b74c-479a-97a7-75e1a7fa05f7,gender_all_male,India
5bcbaea3-1f65-452f-a20a-75293f523e91,2025-10-24 03:35:29.952703 UTC,text,te,f5d58d21-c6f9-4d4e-859a-8532c642ebb0,0124a4e6-b459-4e51-8d06-bb923565a1f5,,India
945a2dc3-9ef0-4db5-9bd9-6066e6c86c06,2026-01-27 05:34:41.597246 UTC,image,,ad8954f9-5393-4dde-8cf0-22dbd6b69eca,3aed217b-6ace-4a54-b90d-3a2755a98132,,India
c65f2989-1c52-482d-af35-1d515bb630fc,2026-01-27 05:30:17.03118 UTC,image,,c47a7bb3-5268-4b77-96d1-222bd480b3d0,3aed217b-6ace-4a54-b90d-3a2755a98132,,India
3f478c13-5be9-42bb-9844-fc5028d0a9ca,2025-10-17 02:37:18.131762 UTC,text,te,acd0efc0-59c7-47b0-bfda-65c4d2ccbc68,0124a4e6-b459-4e51-8d06-bb923565a1f5,,India
607afd4a-15ec-418d-b157-0d1727033e7b,2025-10-17 02:35:37.773113 UTC,image,,acd0efc0-59c7-47b0-bfda-65c4d2ccbc68,0124a4e6-b459-4e51-8d06-bb923565a1f5,,India
fd7df66f-f8d6-4408-be77-71f0ee20b6a5,2025-01-19 05:22:10.498603 UTC,voice,hi,834ff36f-975e-422c-af5e-7e952bc8b68d,fde409fe-ac1f-420e-ac8d-4409828c1bd9,gender_all_male,India
3c538ebb-0fa5-4c57-9092-5456ab18ef4c,2025-01-19 05:24:51.397365 UTC,voice,hi,834ff36f-975e-422c-af5e-7e952bc8b68d,fde409fe-ac1f-420e-ac8d-4409828c1bd9,gender_all_male,India
43310383-69e5-48fa-813b-59a6551b4510,2025-01-19 05:23:37.86145 UTC,voice,hi,834ff36f-975e-422c-af5e-7e952bc8b68d,fde409fe-ac1f-420e-ac8d-4409828c1bd9,gender_all_male,India
4e77c4d7-b9a2-4daf-9d40-1a33448215dc,2025-01-19 05:24:25.577486 UTC,voice,hi,834ff36f-975e-422c-af5e-7e952bc8b68d,fde409fe-ac1f-420e-ac8d-4409828c1bd9,gender_all_male,India
1d976547-5a3b-457a-873e-1091f958cdb6,2025-01-19 05:23:16.402836 UTC,voice,hi,834ff36f-975e-422c-af5e-7e952bc8b68d,fde409fe-ac1f-420e-ac8d-4409828c1bd9,gender_all_male,India
72e97c91-29c9-4c07-a476-bcc25d63968a,2025-01-19 05:22:59.566571 UTC,voice,hi,834ff36f-975e-422c-af5e-7e952bc8b68d,fde409fe-ac1f-420e-ac8d-4409828c1bd9,gender_all_male,India
e903e320-c76c-48e4-aa03-f5f0ba50b2b6,2025-01-19 05:25:10.75096 UTC,voice,hi,834ff36f-975e-422c-af5e-7e952bc8b68d,fde409fe-ac1f-420e-ac8d-4409828c1bd9,gender_all_male,India
a1c32de1-fa4e-491a-b3fe-98343890ff75,2025-01-19 05:24:04.306357 UTC,voice,en,834ff36f-975e-422c-af5e-7e952bc8b68d,fde409fe-ac1f-420e-ac8d-4409828c1bd9,gender_all_male,India
a76153f2-6f74-48fe-817f-b0ec8cf8a8c7,2025-01-19 05:22:35.288112 UTC,voice,hi,834ff36f-975e-422c-af5e-7e952bc8b68d,fde409fe-ac1f-420e-ac8d-4409828c1bd9,gender_all_male,India
db641160-020c-4420-918a-8fcdba1a4c2d,2026-01-27 05:33:01.919102 UTC,image,,9d972a14-1bd4-47c0-845d-f4eacc404ef5,3aed217b-6ace-4a54-b90d-3a2755a98132,,India
a894eb21-d6bb-481f-a3e2-6cc2933ea110,2026-01-27 05:31:19.378786 UTC,text,en,dcc38e69-af1a-45af-ad03-b247cb8e981e,3aed217b-6ace-4a54-b90d-3a2755a98132,,India
8cb81c1e-94f1-4449-acfb-bed18b6a918e,2026-08-15 07:13:51.146829 UTC,text,en,6f07fad7-1695-49a7-aae0-528f5412f4dd,d67c23b1-015e-41a2-842e-d1d2ec21c1db,,Nigeria
48a4f6c4-34c6-413d-b8d3-106f6f73b6f3,2026-03-05 23:01:39.976433 UTC,text,,cbcd3ea6-000a-4538-aa5f-e5c249c58957,e80dc8ae-7968-4654-b3bf-7ddfbc682db2,,Ethiopia
ec96b4c6-7f3b-4128-b89d-7af205ea30ae,2026-03-05 23:01:15.574749 UTC,text,,c28981e3-ffc0-465a-a470-943f6705d694,e80dc8ae-7968-4654-b3bf-7ddfbc682db2,,Ethiopia
121a67d0-0738-4446-98a0-84211c93e88f,2026-07-08 07:10:41.983197 UTC,image,,3a3563fd-7193-4711-b4be-6f7c88ab79dd,1e3d6bde-4f97-4704-aa53-f9ce6430a03c,,Kenya
65d04395-aa14-4bd6-97f6-eb6aba3849e5,2025-01-12 12:19:44.175733 UTC,voice,hi,966421fd-35b6-4c3f-ba69-d684f1d2e96f,e7d5b20c-4576-424f-8956-6abd77b79bea,gender_all_male,India
ed465bf2-dfef-40a2-adf6-2eeebb5132c9,2025-01-12 12:23:20.937225 UTC,image,,966421fd-35b6-4c3f-ba69-d684f1d2e96f,e7d5b20c-4576-424f-8956-6abd77b79bea,gender_all_male,India
bd7ec543-df29-473f-91d4-b0c262d6c357,2026-05-29 17:54:58.819657 UTC,text,en,fea181d6-5a99-436f-8c62-fd6987d4340f,166da9bc-49ee-49f2-bf55-bae79f8d5899,,Kenya
65e78fe2-0c62-4e72-bf41-48dc2e403707,2026-05-29 17:49:48.122198 UTC,text,en,fea181d6-5a99-436f-8c62-fd6987d4340f,166da9bc-49ee-49f2-bf55-bae79f8d5899,,Kenya
27fc5a97-ba31-4322-a4a2-49840bc52655,2026-05-29 17:53:12.948797 UTC,text,en,fea181d6-5a99-436f-8c62-fd6987d4340f,166da9bc-49ee-49f2-bf55-bae79f8d5899,,Kenya
4b3991e8-9e49-4f1d-821b-c9f330b4778e,2026-05-29 17:35:06.568874 UTC,text,en,84370f83-a595-4106-a570-792278a7ee18,166da9bc-49ee-49f2-bf55-bae79f8d5899,,Kenya
7cd9475f-8cb5-4c74-8bb8-6a40ecf64e33,2026-05-29 17:38:23.793736 UTC,text,en,84370f83-a595-4106-a570-792278a7ee18,166da9bc-49ee-49f2-bf55-bae79f8d5899,,Kenya
54ef1d77-0465-40df-b1b5-33d660013dcf,2026-05-29 17:47:16.605345 UTC,text,en,84370f83-a595-4106-a570-792278a7ee18,166da9bc-49ee-49f2-bf55-bae79f8d5899,,Kenya
6e654344-e5f2-4069-b2a2-8a4063db36ca,2026-05-29 17:45:41.655797 UTC,text,en,84370f83-a595-4106-a570-792278a7ee18,166da9bc-49ee-49f2-bf55-bae79f8d5899,,Kenya
b183e109-a2d3-40e2-8e89-c5de5ff9f762,2026-05-29 17:42:09.463921 UTC,text,en,84370f83-a595-4106-a570-792278a7ee18,166da9bc-49ee-49f2-bf55-bae79f8d5899,,Kenya
ab1dbeb8-9b51-46c4-a729-f5e3f0a4e8a9,2026-06-06 16:42:51.718796 UTC,text,en,ee673dba-d551-4a0f-8179-05e139f303fd,166da9bc-49ee-49f2-bf55-bae79f8d5899,,Kenya
23e83a19-edfe-44fb-8c19-09eb90afc7e7,2026-06-06 13:28:55.991809 UTC,text,en,df1a1600-0f17-4d0d-8211-3c8b8965d2f7,166da9bc-49ee-49f2-bf55-bae79f8d5899,,Kenya
26acb16c-46cb-4b6d-8b30-5b4ff5939cb5,2026-06-06 13:22:28.993162 UTC,text,en,df1a1600-0f17-4d0d-8211-3c8b8965d2f7,166da9bc-49ee-49f2-bf55-bae79f8d5899,,Kenya
80bf59fc-6319-42bb-a87b-40b09e5cedab,2026-06-06 13:24:55.943447 UTC,text,en,df1a1600-0f17-4d0d-8211-3c8b8965d2f7,166da9bc-49ee-49f2-bf55-bae79f8d5899,,Kenya
5edd13bb-eb67-4585-b167-ec9c1e1c30a8,2026-06-06 16:45:15.626149 UTC,text,en,b9ad2ad8-92a1-4260-b806-7751e16aa5db,166da9bc-49ee-49f2-bf55-bae79f8d5899,,Kenya
15050b11-03e3-4bf4-ad3d-67049dfc9685,2026-06-06 16:43:18.869981 UTC,text,en,e255b2ec-5428-40d7-bf58-2292cd907b15,166da9bc-49ee-49f2-bf55-bae79f8d5899,,Kenya
07f37bc0-207e-4501-b7df-5f1434157831,2026-05-29 17:31:09.374489 UTC,text,en,e7488f03-c793-4969-9118-186d2c1e182b,166da9bc-49ee-49f2-bf55-bae79f8d5899,,Kenya
03fdfc63-4cc1-41af-a43e-f474578b74d4,2026-05-29 17:26:53.08197 UTC,text,en,e7488f03-c793-4969-9118-186d2c1e182b,166da9bc-49ee-49f2-bf55-bae79f8d5899,,Kenya
12b28e22-c75b-4339-974f-8358f07ba24f,2026-05-29 17:34:12.362061 UTC,text,en,e7488f03-c793-4969-9118-186d2c1e182b,166da9bc-49ee-49f2-bf55-bae79f8d5899,,Kenya
c4342e48-6181-45c3-bcdc-007c03765fa3,2026-06-08 19:26:37.664976 UTC,text,en,9ea9bca8-cffe-4c0b-b46c-112130bfe4c9,166da9bc-49ee-49f2-bf55-bae79f8d5899,,Kenya
fdfba6ed-1bdc-4d85-bc4b-9f9062d6936a,2026-08-19 10:32:05.402776 UTC,text,om,3906a599-6e7c-40be-9e95-d80fe19c5c9f,164b524b-b406-4e00-a61d-89c1368c2a40,gender_all_male,Ethiopia
ba37a9fb-4222-425e-ad26-08e929308b87,2026-08-19 10:29:00.089662 UTC,text,om,2e0944a6-89f2-4d88-aab0-72de73ef4210,164b524b-b406-4e00-a61d-89c1368c2a40,gender_all_male,Ethiopia
36c4cd16-150c-4da7-b6fa-f9fc22ef99f0,2026-08-19 10:33:24.546164 UTC,text,om,be3582d5-78d4-4b66-a3b1-9fbee8a5eebf,164b524b-b406-4e00-a61d-89c1368c2a40,gender_all_male,Ethiopia
b9f8f4f0-b769-4ad5-862e-88582e64f326,2026-08-19 10:32:04.444959 UTC,text,om,4266e7bf-bd99-481f-a5e9-84399ca0bdae,164b524b-b406-4e00-a61d-89c1368c2a40,gender_all_male,Ethiopia
166b3b81-b76a-4ea6-9a51-ce5c1959b3a4,2026-08-19 10:32:54.922907 UTC,text,om,57baa362-7556-4435-b761-1ce06b9b934f,164b524b-b406-4e00-a61d-89c1368c2a40,gender_all_male,Ethiopia
b2ad3e6a-e965-4ec7-a6ac-7c44221849e4,2026-08-19 10:30:39.563188 UTC,text,om,848dc36d-c916-463f-8726-97a370d633c7,164b524b-b406-4e00-a61d-89c1368c2a40,gender_all_male,Ethiopia
8d4de3cf-57a2-4b5b-8478-140206696942,2026-08-19 10:34:19.965178 UTC,text,om,abcdf168-57b5-4114-b6c1-dff0cd373fd5,164b524b-b406-4e00-a61d-89c1368c2a40,gender_all_male,Ethiopia
23ed6786-967c-433c-83b1-c7fe4f565443,2026-03-20 20:42:29.676186 UTC,text,en,2021f4a0-42cb-46d4-8d7a-314f8ecd7043,bc1ea457-7aa8-4d9b-99b6-c459b8db08dc,,Nigeria
57eebab8-23c5-4ccd-84a9-e56e2038c42a,2026-01-02 09:24:32.659701 UTC,image,,0083459c-8d52-4203-a0a1-408ba6ba5514,b4a7c1ef-7802-4de3-806f-032fe1b30196,,Nigeria
0ff552e9-6227-47ec-800c-67e8e812b79a,2026-08-19 10:32:24.336438 UTC,text,om,6336188e-ffd1-437e-87c1-e2893e11c087,164b524b-b406-4e00-a61d-89c1368c2a40,gender_all_male,Ethiopia
abab4329-6668-469f-ade3-cbb45b642277,2026-08-19 10:31:10.540011 UTC,text,,bd7e464b-1098-46b2-ba82-519cc877ac5f,164b524b-b406-4e00-a61d-89c1368c2a40,gender_all_male,Ethiopia
f284e517-3eb5-4fa9-aed3-8ddf1289c056,2026-08-19 10:33:58.056046 UTC,text,,51c5e35d-ad84-47ef-935c-aa859fc548b4,164b524b-b406-4e00-a61d-89c1368c2a40,gender_all_male,Ethiopia
e14373f5-e1e5-42a9-8cda-484ef5eb04fd,2026-03-20 20:42:23.180316 UTC,text,en,a7d92cb3-a2f5-4e9c-b94f-71e5f05b08e0,bc1ea457-7aa8-4d9b-99b6-c459b8db08dc,,Nigeria
98f67603-513e-4f03-81de-bad85d5ae57f,2026-08-29 07:09:55.853941 UTC,text,en,098325bc-90f9-42e4-b246-00c4e61ca034,b65872bd-7c5d-417f-9111-564bb2811642,,India
d79ba977-4b36-4541-aacb-50ba5f75bdbf,2026-08-19 10:30:01.829405 UTC,text,om,9c755521-8c55-4822-a6fa-d4cf613db340,164b524b-b406-4e00-a61d-89c1368c2a40,gender_all_male,Ethiopia
7a1fc9f7-13b2-44b6-bcfe-94e8447ed95b,2026-08-29 07:09:25.373113 UTC,image,,763af60c-e172-4e77-951f-d82402a2e8ee,b65872bd-7c5d-417f-9111-564bb2811642,,India
83035d81-ebfc-4029-a459-2af3c3392444,2026-08-17 17:23:42.67279 UTC,text,ha,79af74ad-a4fd-449b-bd7c-3553840714f2,7f81499d-85cc-4922-a944-2e94c96a5870,,Nigeria
a86acad9-2620-4f39-9c80-d748733871e4,2026-08-17 17:25:27.007399 UTC,text,ha,79af74ad-a4fd-449b-bd7c-3553840714f2,7f81499d-85cc-4922-a944-2e94c96a5870,,Nigeria
2787ead5-42c7-4832-9555-e46f3c584915,2026-03-20 20:40:44.022936 UTC,text,en,5d6fd20a-a78a-4ce1-b721-bd2c1e2efcb6,bc1ea457-7aa8-4d9b-99b6-c459b8db08dc,,Nigeria
b755c715-9e79-45c4-a188-5549a393cdcf,2026-06-12 04:07:01.009116 UTC,text,en,a27c9e71-7568-4620-adec-300f96229611,98ad53a3-50f6-44c9-8f5c-45a1fa3b9a0e,gender_all_male,Ethiopia
5f3a7cc6-2fcd-4573-a550-0ae08a048081,2026-06-12 16:22:07.253058 UTC,text,om,3e0d0f78-e2d8-4925-a2d9-1529f270e03d,98ad53a3-50f6-44c9-8f5c-45a1fa3b9a0e,gender_all_male,Ethiopia
4d00daad-1485-4d7c-a21f-c726e5e55c5a,2025-10-05 11:51:40.867531 UTC,text,hi,eb019b40-e120-4f78-8ef7-5de56883a16c,d5e91faa-8fda-4da7-b7ac-75188a385001,gender_all_female,India
fe983340-8fce-4418-a92c-04c779178666,2025-09-29 13:34:04.277894 UTC,text,ha,64ec9c69-c582-490b-bb7a-0d1a659e0790,eae0662a-b90d-47e8-82da-74f0307a1d67,,Nigeria
06789d37-6287-4113-b3a4-65a6a61caa60,2025-08-28 16:31:21.567263 UTC,text,en,4bb868b7-368b-4ce4-998a-e2c0b17bb36e,43fff4b5-4884-4ea5-aef9-6ce081118cd2,gender_all_female,Kenya
4c31dfa1-d5e8-4788-9280-64ffa1c082a2,2025-08-28 16:30:02.325298 UTC,text,en,4bb868b7-368b-4ce4-998a-e2c0b17bb36e,43fff4b5-4884-4ea5-aef9-6ce081118cd2,gender_all_female,Kenya
e7db0201-04e7-48b6-8cc9-6d4bccefd884,2025-08-28 16:29:34.935311 UTC,text,en,4bb868b7-368b-4ce4-998a-e2c0b17bb36e,43fff4b5-4884-4ea5-aef9-6ce081118cd2,gender_all_female,Kenya
4978518c-2eda-45de-8a33-d5f235b7c8c3,2025-02-28 06:32:01.94967 UTC,text,hi,c7157130-3583-4de9-9c0b-029d3060bf37,4b2be096-6345-4deb-9488-ab188fb04b06,gender_all_male,India
85047a7e-f795-45c7-abc9-31f29fd34da0,2025-02-28 06:24:59.26947 UTC,text,hi,c7157130-3583-4de9-9c0b-029d3060bf37,4b2be096-6345-4deb-9488-ab188fb04b06,gender_all_male,India
275a6336-38e0-4349-8ada-88ba06a402ca,2025-02-28 06:30:21.926101 UTC,text,hi,c7157130-3583-4de9-9c0b-029d3060bf37,4b2be096-6345-4deb-9488-ab188fb04b06,gender_all_male,India
c6da3a16-14d6-42a2-aae9-524b7d2f9c3e,2025-02-28 06:29:55.334276 UTC,text,hi,c7157130-3583-4de9-9c0b-029d3060bf37,4b2be096-6345-4deb-9488-ab188fb04b06,gender_all_male,India
d07604bb-fe27-49fa-bb6d-f85f080c5261,2025-02-28 06:28:53.698478 UTC,text,hi,c7157130-3583-4de9-9c0b-029d3060bf37,4b2be096-6345-4deb-9488-ab188fb04b06,gender_all_male,India
4bdd94e1-18ea-49e8-a0f1-0f82ff46c4b1,2025-02-28 06:28:23.893007 UTC,voice,,c7157130-3583-4de9-9c0b-029d3060bf37,4b2be096-6345-4deb-9488-ab188fb04b06,gender_all_male,India
57e2500f-0e23-4ab4-a813-33c7fc42a761,2026-06-12 04:06:46.194882 UTC,text,om,7765e0c2-d5a2-4937-9ecc-f80a124235fd,98ad53a3-50f6-44c9-8f5c-45a1fa3b9a0e,gender_all_male,Ethiopia
8cd1ed56-ec1a-4b98-8fae-f4afd188d7a2,2025-02-28 06:32:43.851454 UTC,text,hi,c43ec335-6ad0-4253-af0d-3cd115cc0415,4b2be096-6345-4deb-9488-ab188fb04b06,gender_all_male,India
b3fa560e-178e-445b-872e-b61b960e877a,2025-08-28 16:31:44.543218 UTC,text,en,1177ba6b-70d6-4454-a22e-ddf5503d2102,43fff4b5-4884-4ea5-aef9-6ce081118cd2,gender_all_female,Kenya
ec90b6af-081d-4802-9545-2046fddf335f,2025-08-28 16:28:25.393611 UTC,text,en,8f7acc24-5426-4dd9-b6cb-56c4b89269c5,43fff4b5-4884-4ea5-aef9-6ce081118cd2,gender_all_female,Kenya
00fb87b8-67a6-4c00-9596-fbe81298ced6,2025-08-28 16:29:00.409088 UTC,text,en,8f7acc24-5426-4dd9-b6cb-56c4b89269c5,43fff4b5-4884-4ea5-aef9-6ce081118cd2,gender_all_female,Kenya
29dd42df-662b-433f-950d-de0a0d7419c1,2026-06-12 04:05:40.117857 UTC,text,en,526b6406-b486-4488-8f7d-9ce0502885af,98ad53a3-50f6-44c9-8f5c-45a1fa3b9a0e,gender_all_male,Ethiopia
5aee22ff-eb4b-4cdc-beaf-2d9ae6a5ce32,2026-06-12 04:04:08.327942 UTC,text,fil,526b6406-b486-4488-8f7d-9ce0502885af,98ad53a3-50f6-44c9-8f5c-45a1fa3b9a0e,gender_all_male,Ethiopia
a170ed04-75d0-46c5-91e1-d9e3448fa10c,2026-06-12 04:14:30.521601 UTC,image,,44a353b3-cfdf-4a58-8eb7-c23321f52724,98ad53a3-50f6-44c9-8f5c-45a1fa3b9a0e,gender_all_male,Ethiopia
106f17db-9ec5-4721-a083-e1f0e8f5c0c2,2026-06-12 04:05:18.192437 UTC,text,en,526b6406-b486-4488-8f7d-9ce0502885af,98ad53a3-50f6-44c9-8f5c-45a1fa3b9a0e,gender_all_male,Ethiopia
b9b3777d-34c6-4411-99da-938ce24aba6b,2026-06-12 04:12:31.755359 UTC,text,und,44a353b3-cfdf-4a58-8eb7-c23321f52724,98ad53a3-50f6-44c9-8f5c-45a1fa3b9a0e,gender_all_male,Ethiopia
47dc37c8-ac8b-437f-bac8-c26219755875,2025-01-22 06:47:28.447886 UTC,voice,hi,3ab3cc4b-aef9-49f2-ada8-6f33b580e609,4b2be096-6345-4deb-9488-ab188fb04b06,gender_all_male,India
81c99044-dcd9-425c-a1d4-2197362d1a79,2026-06-12 04:06:31.872861 UTC,text,en,fc43e377-12d1-4dc8-8d34-d16ecc586f48,98ad53a3-50f6-44c9-8f5c-45a1fa3b9a0e,gender_all_male,Ethiopia
3859b68a-2c4b-4ea2-a8f7-6cf7e59df5f8,2025-09-29 13:36:36.416534 UTC,text,ha,1777f707-3f69-4a2e-84c0-fe43becbc2a8,eae0662a-b90d-47e8-82da-74f0307a1d67,,Nigeria
13afb85f-133a-4457-a452-89e0b39ab128,2025-09-29 13:39:13.581809 UTC,text,ha,1777f707-3f69-4a2e-84c0-fe43becbc2a8,eae0662a-b90d-47e8-82da-74f0307a1d67,,Nigeria
0dc57968-8c30-4790-9d02-74441dd5b9d2,2026-07-02 00:47:17.487356 UTC,voice,hi,ab84eba2-1038-4f67-a021-d2158319cc74,f7b62906-b7c4-4378-a534-5a5d6b715e5c,,India
1cf96262-7ab0-412f-a690-4384592dbe89,2025-08-28 16:24:47.593672 UTC,text,en,de82a8c4-bd2c-4afd-ad61-f4b070e00a96,43fff4b5-4884-4ea5-aef9-6ce081118cd2,gender_all_female,Kenya
c2441650-03fa-470f-acad-483b7cca4b85,2025-08-28 16:25:29.321614 UTC,text,en,de82a8c4-bd2c-4afd-ad61-f4b070e00a96,43fff4b5-4884-4ea5-aef9-6ce081118cd2,gender_all_female,Kenya
23a97e1b-3ee4-4772-a74b-84d66e0efef9,2025-08-28 16:26:19.489508 UTC,text,en,de82a8c4-bd2c-4afd-ad61-f4b070e00a96,43fff4b5-4884-4ea5-aef9-6ce081118cd2,gender_all_female,Kenya
df959542-556b-4acd-8f6f-827ff05ac938,2025-08-28 16:25:08.750372 UTC,text,en,de82a8c4-bd2c-4afd-ad61-f4b070e00a96,43fff4b5-4884-4ea5-aef9-6ce081118cd2,gender_all_female,Kenya
8cd8a521-6efc-4277-a1bb-a7f2848ea8ca,2025-08-28 16:26:37.378789 UTC,text,en,de82a8c4-bd2c-4afd-ad61-f4b070e00a96,43fff4b5-4884-4ea5-aef9-6ce081118cd2,gender_all_female,Kenya
8921ddb5-ff53-497e-94b5-3c52aa5d5752,2026-07-03 07:58:30.455465 UTC,voice,hi,86be898e-1eb1-403f-8a0a-f02d635536ae,f7b62906-b7c4-4378-a534-5a5d6b715e5c,,India
620f0aa9-7762-477a-ba4f-297648403f73,2026-07-03 07:54:39.75212 UTC,text,hi,01eb814a-e50e-4c7e-b9bf-78fb157218c6,f7b62906-b7c4-4378-a534-5a5d6b715e5c,,India
bdb3cdbb-254f-41fb-8ea6-dd02a2a27481,2026-07-03 07:55:36.158451 UTC,voice,hi,01eb814a-e50e-4c7e-b9bf-78fb157218c6,f7b62906-b7c4-4378-a534-5a5d6b715e5c,,India
bd90ddac-c5d0-48ab-94a0-a1f01073fddd,2025-10-05 11:53:07.744292 UTC,text,hi,bcdba97c-ad33-47f1-9ece-ea1bc2990821,d5e91faa-8fda-4da7-b7ac-75188a385001,gender_all_female,India
4e0be103-fd61-4385-97fe-9047ce1a0b30,2025-08-28 16:27:39.285991 UTC,text,en,b78b14f2-ac93-40f7-ae97-2e65024550f0,43fff4b5-4884-4ea5-aef9-6ce081118cd2,gender_all_female,Kenya
8c03aedd-986a-4ea7-a578-3b31e0b09cb0,2026-07-03 08:00:09.036876 UTC,voice,hi,f3e6fd30-85a3-4e87-b26f-6224a99aa28e,f7b62906-b7c4-4378-a534-5a5d6b715e5c,,India
202d5c5a-b0fc-47ce-b8d4-ce78ee2e9fb9,2026-07-03 08:02:02.301305 UTC,text,hi,f3e6fd30-85a3-4e87-b26f-6224a99aa28e,f7b62906-b7c4-4378-a534-5a5d6b715e5c,,India
c9898037-a29c-4981-9d31-c3f510e01c60,2026-06-12 04:11:08.64415 UTC,voice,en,89ad6d85-7dd3-4ed5-89fb-45c48b004311,98ad53a3-50f6-44c9-8f5c-45a1fa3b9a0e,gender_all_male,Ethiopia
81bbe517-223d-4914-9371-0cb9b33a0791,2026-06-12 04:09:45.195266 UTC,text,und,89ad6d85-7dd3-4ed5-89fb-45c48b004311,98ad53a3-50f6-44c9-8f5c-45a1fa3b9a0e,gender_all_male,Ethiopia
2a123f60-a467-443a-b11f-e659ae9842dd,2026-06-17 12:26:14.863954 UTC,text,hi,63788a7e-dcfd-4c23-a3c0-d9c7594fa418,f7b62906-b7c4-4378-a534-5a5d6b715e5c,,India
2af90564-a873-411d-8266-19bcdf687021,2026-06-17 12:28:01.692432 UTC,text,hi,63788a7e-dcfd-4c23-a3c0-d9c7594fa418,f7b62906-b7c4-4378-a534-5a5d6b715e5c,,India
b2c9a03b-0941-40c6-a251-ed5f1b4c96e0,2026-07-02 00:44:06.146361 UTC,voice,hi,3df2e475-4c8f-49e6-83b1-0d59a94daf14,f7b62906-b7c4-4378-a534-5a5d6b715e5c,,India
a314b057-ea43-4916-96f9-44a830d76b37,2025-10-05 11:52:28.258763 UTC,text,hi,de72bba8-8506-4a46-bd73-0ab07541598d,d5e91faa-8fda-4da7-b7ac-75188a385001,gender_all_female,India
1431568e-6a73-4124-be34-eb7faf77fea4,2025-01-22 06:49:08.72415 UTC,voice,hi,099bf558-0cb7-4bd1-bead-42466aff1374,4b2be096-6345-4deb-9488-ab188fb04b06,gender_all_male,India
ee720be4-3147-4cd0-931b-8a7bb88de44a,2025-01-22 06:48:48.970835 UTC,voice,hi,099bf558-0cb7-4bd1-bead-42466aff1374,4b2be096-6345-4deb-9488-ab188fb04b06,gender_all_male,India
fa3bb54f-0427-416c-8b27-f18be63ca921,2025-01-22 06:50:10.585016 UTC,voice,hi,099bf558-0cb7-4bd1-bead-42466aff1374,4b2be096-6345-4deb-9488-ab188fb04b06,gender_all_male,India
df20da80-52a4-4350-9d30-caec59ec3c65,2025-01-22 06:48:27.525475 UTC,voice,hi,099bf558-0cb7-4bd1-bead-42466aff1374,4b2be096-6345-4deb-9488-ab188fb04b06,gender_all_male,India
9a9be204-986a-46f0-af28-ebef7d7fe661,2025-01-22 06:49:35.75229 UTC,voice,hi,099bf558-0cb7-4bd1-bead-42466aff1374,4b2be096-6345-4deb-9488-ab188fb04b06,gender_all_male,India
5b61d8a1-6dc9-41f9-9709-64da6ba6fbc6,2026-06-12 15:58:13.50195 UTC,text,om,82397c3f-d0bc-4830-be59-8bf40f2c98d8,98ad53a3-50f6-44c9-8f5c-45a1fa3b9a0e,gender_all_male,Ethiopia
64d6a85a-44ac-4d29-8d50-65e870e0defe,2026-09-02 02:00:17.02739 UTC,voice,kn,3bbeeb3f-cc42-4a77-8426-f533c46c8f8e,a25f4d80-1659-4ddc-ba8e-04b350d3db6c,,India
8f026e24-04e7-4913-ac87-7dc0f78fab5f,2026-09-02 02:07:03.809481 UTC,voice,kn,3bbeeb3f-cc42-4a77-8426-f533c46c8f8e,a25f4d80-1659-4ddc-ba8e-04b350d3db6c,,India
e034eb5d-74e5-4571-aaeb-44af5dcd7d2a,2026-02-12 01:20:39.848365 UTC,text,hi,0cfaf431-faa3-48f8-b771-0fa24f208671,96f21d11-5929-48a4-b04e-67b32ef6b200,,India
e6d2f1ec-f4e5-49e3-b6da-b75fa6e0d3c6,2026-09-05 13:22:12.921216 UTC,voice,hi,48d1d05f-f138-4552-b2c1-e08fe334761f,c6a24da6-acfb-4f9d-9224-75646ab609db,,India
e2b5907f-2b65-4beb-b6ca-f5849b38412e,2026-09-05 13:21:42.613761 UTC,text,hi,48d1d05f-f138-4552-b2c1-e08fe334761f,c6a24da6-acfb-4f9d-9224-75646ab609db,,India
208ca685-7dda-4d45-9c30-b3128c799675,2025-02-09 03:51:05.911323 UTC,voice,hi,b413748d-172d-40a4-b71b-27eebd0647d9,d037ac91-d600-4fd2-9b0b-a73ce430ea82,gender_all_female,India
7c5f1dfd-a339-415b-9d27-85d2a37e7f72,2025-02-09 03:51:43.679979 UTC,image,,b413748d-172d-40a4-b71b-27eebd0647d9,d037ac91-d600-4fd2-9b0b-a73ce430ea82,gender_all_female,India
b42420f3-51d4-4563-a4ae-6c246e706422,2025-01-13 06:02:51.377885 UTC,voice,,755fb86b-c123-42ee-9ff4-419b6d4f62aa,a3ad30a0-2e7e-4175-b6dc-2586f11bac7a,gender_all_male,India
0dec345f-c0cd-41ad-8f3e-9f03a6db3993,2025-01-14 00:53:52.425664 UTC,voice,,32603fff-5da5-455e-b796-c83fc24dcb82,a3ad30a0-2e7e-4175-b6dc-2586f11bac7a,gender_all_male,India
f9622f59-ff49-4feb-a067-edaa995ee546,2025-12-17 05:57:11.454532 UTC,text,hi-Latn,639f2a5f-27bf-410d-ad7f-b88c3f395433,0c19f3d5-5989-4a2d-a5e3-e5ed0ddb3b42,,India
5cac8949-ba58-42b0-8b9e-4e053cdbbe7b,2025-12-24 16:37:34.443706 UTC,text,hi-Latn,a49f675b-164a-41ed-bf39-30f7491e3e82,122f96cf-6687-41ca-9805-b91d56e454a5,,India
e0d74671-d74d-459f-84ae-1c466dd4116c,2025-12-24 16:37:48.736686 UTC,text,en,a49f675b-164a-41ed-bf39-30f7491e3e82,122f96cf-6687-41ca-9805-b91d56e454a5,,India
7c9ad690-4d8a-4508-94a7-8e4f18ed9b90,2026-09-05 14:41:01.292221 UTC,voice,hi,4deef27e-40f4-418c-aa8b-c42666efc33d,c6a24da6-acfb-4f9d-9224-75646ab609db,,India
998fce42-5906-4874-88f9-36ba4eff78fa,2025-12-17 05:53:57.819562 UTC,text,hi-Latn,5595b958-c3e5-45cb-97f9-a30f1c59eb85,0c19f3d5-5989-4a2d-a5e3-e5ed0ddb3b42,,India
531888fa-cf31-40db-8711-20514e00ffae,2025-12-17 05:52:51.218974 UTC,text,hi,5595b958-c3e5-45cb-97f9-a30f1c59eb85,0c19f3d5-5989-4a2d-a5e3-e5ed0ddb3b42,,India
2024a251-d71d-44fd-a993-07268f81a5d6,2025-12-17 05:52:25.874853 UTC,text,kha,5595b958-c3e5-45cb-97f9-a30f1c59eb85,0c19f3d5-5989-4a2d-a5e3-e5ed0ddb3b42,,India
1b4ead8a-e3e5-4dc9-aa3a-6deebc281cc1,2025-02-16 02:50:29.387788 UTC,text,hi,569f8ca9-0fff-4c2b-b513-11d606b39c17,a3ad30a0-2e7e-4175-b6dc-2586f11bac7a,gender_all_male,India
c9f9e251-1af3-4635-95fd-143c40c48d32,2026-01-17 23:12:41.125894 UTC,image,,a77820eb-86e3-4d57-8471-5e29eff77f17,cac2dfbf-dd8f-427a-aff0-3dac59fa2036,,Ethiopia
3d1815b7-c019-409d-b679-9c68fa256e2a,2025-01-06 09:12:10.420855 UTC,voice,en,3cae0848-72d9-47f8-8e7f-5625aec6345d,30043514-763a-48e5-b419-a91f0384ea1c,gender_all_male,India
b0dc4265-6134-4186-9545-f573b0106ea7,2026-01-17 23:11:14.357396 UTC,text,om,a77820eb-86e3-4d57-8471-5e29eff77f17,cac2dfbf-dd8f-427a-aff0-3dac59fa2036,,Ethiopia
bbdb54b4-488c-4c95-9b0e-2f0a0e3d4867,2026-01-17 23:14:20.953314 UTC,text,om,a77820eb-86e3-4d57-8471-5e29eff77f17,cac2dfbf-dd8f-427a-aff0-3dac59fa2036,,Ethiopia
c4260815-7a06-44c9-9793-8b9e615a93e8,2026-01-17 23:05:53.98597 UTC,image,,a77820eb-86e3-4d57-8471-5e29eff77f17,cac2dfbf-dd8f-427a-aff0-3dac59fa2036,,Ethiopia
85989c52-7e82-4db4-9125-f74a7cf54bac,2026-01-17 23:10:28.41495 UTC,image,,a77820eb-86e3-4d57-8471-5e29eff77f17,cac2dfbf-dd8f-427a-aff0-3dac59fa2036,,Ethiopia
444b8297-93db-49a5-b3a7-d5d0f0eaf73a,2025-01-06 09:11:41.06873 UTC,text,hi,3cae0848-72d9-47f8-8e7f-5625aec6345d,30043514-763a-48e5-b419-a91f0384ea1c,gender_all_male,India
b4b34634-8701-42fe-9782-c4070747bd18,2025-01-06 09:13:51.903806 UTC,text,hi,3cae0848-72d9-47f8-8e7f-5625aec6345d,30043514-763a-48e5-b419-a91f0384ea1c,gender_all_male,India
7e531c13-77c6-4a51-b388-16fdd14e047c,2025-01-06 09:12:59.779861 UTC,voice,hi,3cae0848-72d9-47f8-8e7f-5625aec6345d,30043514-763a-48e5-b419-a91f0384ea1c,gender_all_male,India
da551e55-732e-47f0-a9b9-5f96e4f93cd3,2025-01-06 09:11:13.717471 UTC,text,hi,3cae0848-72d9-47f8-8e7f-5625aec6345d,30043514-763a-48e5-b419-a91f0384ea1c,gender_all_male,India
0fae2cd4-428c-4993-8dc4-93691c7f05cc,2025-01-06 09:13:36.163959 UTC,text,hi,3cae0848-72d9-47f8-8e7f-5625aec6345d,30043514-763a-48e5-b419-a91f0384ea1c,gender_all_male,India
d5f3a3c4-bc15-4eeb-b9d2-f3e453eafa13,2026-01-17 23:04:15.240593 UTC,text,om,a77820eb-86e3-4d57-8471-5e29eff77f17,cac2dfbf-dd8f-427a-aff0-3dac59fa2036,,Ethiopia
3a2e1b8f-bfdc-4d07-93de-a5608e2484e4,2026-01-17 23:06:10.325737 UTC,text,om,a77820eb-86e3-4d57-8471-5e29eff77f17,cac2dfbf-dd8f-427a-aff0-3dac59fa2036,,Ethiopia
9e8953d1-3787-4846-bdb2-c112e5f57a55,2026-01-17 23:07:19.708614 UTC,text,om,a77820eb-86e3-4d57-8471-5e29eff77f17,cac2dfbf-dd8f-427a-aff0-3dac59fa2036,,Ethiopia
99f308c0-fa6f-42cd-b017-2c75e1638a35,2025-01-06 09:13:20.177809 UTC,text,hi,3cae0848-72d9-47f8-8e7f-5625aec6345d,30043514-763a-48e5-b419-a91f0384ea1c,gender_all_male,India
dd6d3af0-4d81-41e1-be97-bdfe002e687c,2025-01-06 09:10:35.575099 UTC,voice,hi,3cae0848-72d9-47f8-8e7f-5625aec6345d,30043514-763a-48e5-b419-a91f0384ea1c,gender_all_male,India
b43bbef3-dd75-432a-a22a-f94617b0424e,2026-01-17 23:13:20.05108 UTC,text,om,a77820eb-86e3-4d57-8471-5e29eff77f17,cac2dfbf-dd8f-427a-aff0-3dac59fa2036,,Ethiopia
16c7a314-67be-439c-ab66-0eb7907f5ad6,2025-12-24 16:38:20.601414 UTC,text,en,54f57fc9-fee4-4281-9b10-385ecc3b069e,122f96cf-6687-41ca-9805-b91d56e454a5,,India
c5a3f59a-9f26-4866-bca2-bc8f72ecc05a,2025-12-24 16:38:04.38219 UTC,text,hi-Latn,54f57fc9-fee4-4281-9b10-385ecc3b069e,122f96cf-6687-41ca-9805-b91d56e454a5,,India
829867a9-5ae2-4e11-af4e-0b8faaf93845,2025-01-13 06:03:11.112096 UTC,voice,hi,14a5e4de-8a89-47e1-bec9-9a14f5f5306b,a3ad30a0-2e7e-4175-b6dc-2586f11bac7a,gender_all_male,India
86786a78-1891-4fc1-9f10-49ac2fd54013,2025-01-13 06:03:52.63161 UTC,voice,hi,14a5e4de-8a89-47e1-bec9-9a14f5f5306b,a3ad30a0-2e7e-4175-b6dc-2586f11bac7a,gender_all_male,India
d65a8ec6-7ac4-4b41-8ecd-e868680b5eed,2026-02-16 16:10:24.116952 UTC,text,hi-Latn,96d94e4f-b32e-465d-8d52-1b4383de8d3f,46e6c26c-0417-44f9-87d1-be3a75468fa0,,India
c8249eb5-508d-490f-b24c-896e10ec84c4,2025-01-13 06:10:50.590977 UTC,voice,hi,5ebab62f-e393-4d42-821e-91a94430fd9d,a3ad30a0-2e7e-4175-b6dc-2586f11bac7a,gender_all_male,India
f1d5d72c-cf45-4fd8-84e4-6c07ea85ec79,2026-02-16 16:07:39.047524 UTC,text,hi,96d94e4f-b32e-465d-8d52-1b4383de8d3f,46e6c26c-0417-44f9-87d1-be3a75468fa0,,India
ed63ac1d-2fcb-4ea4-88b5-b42e256c777f,2026-06-22 11:35:52.471858 UTC,text,hi,67ce0c20-278d-4105-8ccf-8c68e7af4370,ed8b8c43-4007-49af-a362-eec336b7c2e8,gender_all_male,India
b29d5e62-13f6-4538-a7f6-fb04c3de4ca0,2025-01-13 06:04:54.074841 UTC,voice,hi,14a5e4de-8a89-47e1-bec9-9a14f5f5306b,a3ad30a0-2e7e-4175-b6dc-2586f11bac7a,gender_all_male,India
7bbf1826-d344-443b-b774-f616015155d2,2026-09-05 13:27:19.541339 UTC,text,hi,73a41ce1-410a-4cd6-9392-37581fc39724,c6a24da6-acfb-4f9d-9224-75646ab609db,,India
0a7a3a69-5c2f-4988-be0b-e033b5985cf0,2026-09-05 13:29:29.608742 UTC,text,hi,73a41ce1-410a-4cd6-9392-37581fc39724,c6a24da6-acfb-4f9d-9224-75646ab609db,,India
06de6f44-e915-4fab-bcf6-30164c22c440,2026-09-05 13:25:00.821983 UTC,voice,hi,73a41ce1-410a-4cd6-9392-37581fc39724,c6a24da6-acfb-4f9d-9224-75646ab609db,,India
a7d8e047-62e8-40f6-b355-89970bde26ed,2025-01-14 00:54:03.541816 UTC,voice,hi,b8f59664-3ace-4e5b-a4cf-8c6e9dc9e55f,a3ad30a0-2e7e-4175-b6dc-2586f11bac7a,gender_all_male,India
ee577f63-7204-4431-8361-ee3d799336a8,2025-11-23 19:54:29.776562 UTC,text,en,d2cddcca-c4c9-4ead-b447-4bdef66d6543,0b4e389c-99fb-44e4-812d-e4a3067ade6f,,Nigeria
470f3eb5-d003-4018-a95e-aaf304630a1b,2025-01-13 06:07:07.294227 UTC,voice,hi,0df52289-765e-430c-a572-8bef52cba96b,a3ad30a0-2e7e-4175-b6dc-2586f11bac7a,gender_all_male,India
2bf287ac-67ad-42ca-b811-a7c4ed2946ee,2025-02-08 06:03:18.178808 UTC,text,hi,1c0de4f8-1233-4c90-a457-5844465fa310,d037ac91-d600-4fd2-9b0b-a73ce430ea82,gender_all_female,India
5db161bc-099b-4e25-8de3-cbaa133a2241,2025-02-08 06:04:05.262922 UTC,text,hi,1c0de4f8-1233-4c90-a457-5844465fa310,d037ac91-d600-4fd2-9b0b-a73ce430ea82,gender_all_female,India
e84f33fb-ba55-4b7b-982d-ff77683d9911,2025-02-08 06:03:41.631202 UTC,text,hi,1c0de4f8-1233-4c90-a457-5844465fa310,d037ac91-d600-4fd2-9b0b-a73ce430ea82,gender_all_female,India
b0454cac-e613-418f-8974-ae3307773a54,2025-02-08 06:05:18.134357 UTC,voice,hi,1c0de4f8-1233-4c90-a457-5844465fa310,d037ac91-d600-4fd2-9b0b-a73ce430ea82,gender_all_female,India
11cd1133-e064-447f-b312-1d4545cf49be,2025-02-08 06:02:56.480047 UTC,text,hi,1c0de4f8-1233-4c90-a457-5844465fa310,d037ac91-d600-4fd2-9b0b-a73ce430ea82,gender_all_female,India
0f808767-3228-48e5-ae13-d79d40991acd,2025-02-08 06:02:00.564445 UTC,voice,hi,1c0de4f8-1233-4c90-a457-5844465fa310,d037ac91-d600-4fd2-9b0b-a73ce430ea82,gender_all_female,India
8842caf6-feb7-4b18-9624-8fb4f553f44a,2025-02-08 06:02:27.809661 UTC,text,hi,1c0de4f8-1233-4c90-a457-5844465fa310,d037ac91-d600-4fd2-9b0b-a73ce430ea82,gender_all_female,India
1290c53f-d5a3-434a-93cd-8257fa8d3443,2025-02-08 06:04:32.49178 UTC,text,hi,1c0de4f8-1233-4c90-a457-5844465fa310,d037ac91-d600-4fd2-9b0b-a73ce430ea82,gender_all_female,India
83455390-549c-4d42-87ad-e238556cf713,2025-02-08 06:05:43.309481 UTC,text,hi,1c0de4f8-1233-4c90-a457-5844465fa310,d037ac91-d600-4fd2-9b0b-a73ce430ea82,gender_all_female,India
f85e31a3-8619-48f1-bb7a-4e0b2bb76995,2025-01-14 00:54:42.671682 UTC,voice,hi,b2613c32-0a09-4fad-b9c0-44740f1e4a4a,a3ad30a0-2e7e-4175-b6dc-2586f11bac7a,gender_all_male,India
82afd520-683e-4471-b138-421b9aff9de9,2025-02-11 04:20:18.333556 UTC,voice,hi,dfae56cb-d4d6-43e9-ac38-f7e4fa78c8b0,a3ad30a0-2e7e-4175-b6dc-2586f11bac7a,gender_all_male,India
308d9f4a-4a23-4e43-875f-e24d691fb24c,2025-02-11 04:19:51.139977 UTC,voice,en,dfae56cb-d4d6-43e9-ac38-f7e4fa78c8b0,a3ad30a0-2e7e-4175-b6dc-2586f11bac7a,gender_all_male,India
ecd68c16-0029-45d5-8326-5c3fe4f9bc63,2025-02-11 04:23:29.882795 UTC,voice,hi,dfae56cb-d4d6-43e9-ac38-f7e4fa78c8b0,a3ad30a0-2e7e-4175-b6dc-2586f11bac7a,gender_all_male,India
d71d8be0-581c-4bdc-98ad-f9c6a583aaa4,2025-02-11 04:21:01.53904 UTC,voice,hi,dfae56cb-d4d6-43e9-ac38-f7e4fa78c8b0,a3ad30a0-2e7e-4175-b6dc-2586f11bac7a,gender_all_male,India
fa928dab-eefd-4214-a9da-f6942aa8143f,2025-02-11 04:24:23.041166 UTC,voice,,dfae56cb-d4d6-43e9-ac38-f7e4fa78c8b0,a3ad30a0-2e7e-4175-b6dc-2586f11bac7a,gender_all_male,India
1016d8ef-a340-48f8-a7fe-b46a7741f6ce,2025-02-11 04:23:06.304719 UTC,voice,hi,dfae56cb-d4d6-43e9-ac38-f7e4fa78c8b0,a3ad30a0-2e7e-4175-b6dc-2586f11bac7a,gender_all_male,India
8faeb4ef-38b2-4b59-a843-e5c98933ed73,2025-02-11 04:22:25.579732 UTC,voice,hi,dfae56cb-d4d6-43e9-ac38-f7e4fa78c8b0,a3ad30a0-2e7e-4175-b6dc-2586f11bac7a,gender_all_male,India
08d69d2f-5f8d-4a55-b777-f154df866ad8,2025-02-08 11:48:41.392317 UTC,text,hi,38c2c2e9-77cf-4b68-8327-ebb0e930db3f,191677fa-bddc-4ce1-a739-c484f013da00,gender_all_male,India
976fcc6a-d490-4fa6-be1e-0f4382897e2d,2025-02-08 11:49:43.020008 UTC,text,hi,38c2c2e9-77cf-4b68-8327-ebb0e930db3f,191677fa-bddc-4ce1-a739-c484f013da00,gender_all_male,India
7f1023b5-51c1-4618-a48a-5bedf3598505,2025-02-08 11:47:00.553887 UTC,text,hi,38c2c2e9-77cf-4b68-8327-ebb0e930db3f,191677fa-bddc-4ce1-a739-c484f013da00,gender_all_male,India
8083fd10-d2dc-4ca1-90e3-fdcfd2d508b8,2025-02-08 11:45:50.368686 UTC,text,hi,38c2c2e9-77cf-4b68-8327-ebb0e930db3f,191677fa-bddc-4ce1-a739-c484f013da00,gender_all_male,India
d9980ccd-4498-49cf-89cb-80c11b20a743,2025-02-08 11:49:20.076018 UTC,text,hi,38c2c2e9-77cf-4b68-8327-ebb0e930db3f,191677fa-bddc-4ce1-a739-c484f013da00,gender_all_male,India
4ed98472-fb50-4372-bad9-9663758c07fd,2025-02-08 11:47:27.973275 UTC,text,hi,38c2c2e9-77cf-4b68-8327-ebb0e930db3f,191677fa-bddc-4ce1-a739-c484f013da00,gender_all_male,India
a4a53415-2f15-43b5-ae86-f902202c46b2,2025-02-08 11:45:11.023129 UTC,text,hi-Latn,38c2c2e9-77cf-4b68-8327-ebb0e930db3f,191677fa-bddc-4ce1-a739-c484f013da00,gender_all_male,India
ad8cbb5a-e60b-4fa0-b108-a079c3a50d73,2025-02-08 11:48:22.54812 UTC,text,hi,38c2c2e9-77cf-4b68-8327-ebb0e930db3f,191677fa-bddc-4ce1-a739-c484f013da00,gender_all_male,India
81457131-0583-4db5-a7c6-c2d51ec0979e,2025-02-08 11:48:05.557253 UTC,text,hi,38c2c2e9-77cf-4b68-8327-ebb0e930db3f,191677fa-bddc-4ce1-a739-c484f013da00,gender_all_male,India
e5b774ea-d6b3-4eb9-b30c-91b253feec52,2025-02-08 11:49:00.674375 UTC,text,hi,38c2c2e9-77cf-4b68-8327-ebb0e930db3f,191677fa-bddc-4ce1-a739-c484f013da00,gender_all_male,India
9f030cff-b65e-464b-a1b4-9b8c4cb120cd,2025-02-08 11:47:45.767699 UTC,text,hi,38c2c2e9-77cf-4b68-8327-ebb0e930db3f,191677fa-bddc-4ce1-a739-c484f013da00,gender_all_male,India
72100c99-ab10-4a29-a7c4-a6e42a24d2e0,2025-02-08 11:46:29.489715 UTC,text,hi,38c2c2e9-77cf-4b68-8327-ebb0e930db3f,191677fa-bddc-4ce1-a739-c484f013da00,gender_all_male,India
dcbb4d3a-2dda-4c0d-a7ea-f47c729f3161,2025-09-23 01:58:40.782808 UTC,text,en,bf662b0e-78e4-45bf-b399-ca0658d9aae5,eba06ef4-a1c6-475d-833c-2f6162191332,,India
e054665e-33f0-4be7-bdf6-e63156d24b5d,2025-09-23 01:59:17.707118 UTC,text,sw,bf662b0e-78e4-45bf-b399-ca0658d9aae5,eba06ef4-a1c6-475d-833c-2f6162191332,,India
efb2bf2c-3613-45d7-ae91-326b3ef98349,2025-10-10 08:20:07.971244 UTC,image,,785b0c7f-ade1-40a2-b4c5-57dfe873c437,46c6d565-07e7-45d9-9c38-a8ec057937b3,gender_all_male,Nigeria
bd18624f-a08c-47f2-862a-e6276ac6ac3d,2025-10-10 08:05:31.492831 UTC,image,,785b0c7f-ade1-40a2-b4c5-57dfe873c437,46c6d565-07e7-45d9-9c38-a8ec057937b3,gender_all_male,Nigeria
fc0288ea-cccb-46de-a848-4572873a7490,2025-10-10 08:21:09.128675 UTC,image,,785b0c7f-ade1-40a2-b4c5-57dfe873c437,46c6d565-07e7-45d9-9c38-a8ec057937b3,gender_all_male,Nigeria
cc5739fa-a9a3-4985-93ec-cbc4937dc708,2025-10-10 08:08:11.285478 UTC,image,,785b0c7f-ade1-40a2-b4c5-57dfe873c437,46c6d565-07e7-45d9-9c38-a8ec057937b3,gender_all_male,Nigeria
23aa41b6-aad1-428e-afe3-e4461fbbb732,2025-10-10 08:10:28.570431 UTC,image,,785b0c7f-ade1-40a2-b4c5-57dfe873c437,46c6d565-07e7-45d9-9c38-a8ec057937b3,gender_all_male,Nigeria
646da481-ac37-43ee-b1b3-4cab51b070d5,2025-10-10 08:18:16.209777 UTC,image,,785b0c7f-ade1-40a2-b4c5-57dfe873c437,46c6d565-07e7-45d9-9c38-a8ec057937b3,gender_all_male,Nigeria
87304c50-99bd-4356-b765-16936e2b06dd,2025-10-10 08:26:17.728529 UTC,image,,785b0c7f-ade1-40a2-b4c5-57dfe873c437,46c6d565-07e7-45d9-9c38-a8ec057937b3,gender_all_male,Nigeria
da367735-1e42-45cb-acdc-621f962c52d1,2025-10-10 08:11:41.595792 UTC,image,,785b0c7f-ade1-40a2-b4c5-57dfe873c437,46c6d565-07e7-45d9-9c38-a8ec057937b3,gender_all_male,Nigeria
bdfb2f26-3047-498c-8077-e06c149b308b,2025-10-10 08:28:33.664014 UTC,image,,785b0c7f-ade1-40a2-b4c5-57dfe873c437,46c6d565-07e7-45d9-9c38-a8ec057937b3,gender_all_male,Nigeria
dd48f55b-b83c-4e01-bf42-4362df63fa9f,2025-10-10 08:25:28.962891 UTC,image,,785b0c7f-ade1-40a2-b4c5-57dfe873c437,46c6d565-07e7-45d9-9c38-a8ec057937b3,gender_all_male,Nigeria
dd4e9752-694e-4562-b757-1620c8776718,2025-10-10 08:23:43.718791 UTC,image,,785b0c7f-ade1-40a2-b4c5-57dfe873c437,46c6d565-07e7-45d9-9c38-a8ec057937b3,gender_all_male,Nigeria
b0e21317-4419-44a2-99b2-447ef784d83a,2025-10-10 08:13:19.936962 UTC,image,,785b0c7f-ade1-40a2-b4c5-57dfe873c437,46c6d565-07e7-45d9-9c38-a8ec057937b3,gender_all_male,Nigeria
b2a554e2-e06d-43c9-a913-35c539c4cc6b,2025-10-10 08:19:13.050258 UTC,image,,785b0c7f-ade1-40a2-b4c5-57dfe873c437,46c6d565-07e7-45d9-9c38-a8ec057937b3,gender_all_male,Nigeria
5f37e475-757d-4c79-9a3f-fcb06d1182f4,2025-10-10 08:06:24.412068 UTC,image,,785b0c7f-ade1-40a2-b4c5-57dfe873c437,46c6d565-07e7-45d9-9c38-a8ec057937b3,gender_all_male,Nigeria
c2ddcb8b-4c7b-4a3b-ab67-1323ec46ec2a,2025-10-10 08:27:26.917063 UTC,image,,785b0c7f-ade1-40a2-b4c5-57dfe873c437,46c6d565-07e7-45d9-9c38-a8ec057937b3,gender_all_male,Nigeria
c68247d8-af25-4d40-acef-ab0562791752,2025-10-10 08:24:45.34873 UTC,image,,785b0c7f-ade1-40a2-b4c5-57dfe873c437,46c6d565-07e7-45d9-9c38-a8ec057937b3,gender_all_male,Nigeria
74eacb50-76f1-4fa4-bc48-fa16d1aded1d,2025-10-10 08:22:10.898037 UTC,image,,785b0c7f-ade1-40a2-b4c5-57dfe873c437,46c6d565-07e7-45d9-9c38-a8ec057937b3,gender_all_male,Nigeria
0d7e2bb6-1637-44d7-ae9f-7f1fae2f0869,2025-10-10 08:09:16.044475 UTC,image,,785b0c7f-ade1-40a2-b4c5-57dfe873c437,46c6d565-07e7-45d9-9c38-a8ec057937b3,gender_all_male,Nigeria
a74d9020-8fc2-490b-8a97-a14e2969cd90,2025-10-10 08:12:33.338003 UTC,image,,785b0c7f-ade1-40a2-b4c5-57dfe873c437,46c6d565-07e7-45d9-9c38-a8ec057937b3,gender_all_male,Nigeria
d19898d2-5251-444b-a385-faa59a77162d,2025-10-10 08:07:17.418521 UTC,image,,785b0c7f-ade1-40a2-b4c5-57dfe873c437,46c6d565-07e7-45d9-9c38-a8ec057937b3,gender_all_male,Nigeria
14108f82-ed1d-4f77-a333-94f147af0767,2024-12-22 06:38:54.906785 UTC,text,hi-Latn,90ebb8d4-c509-49ef-8248-a5b8d5fb577a,191677fa-bddc-4ce1-a739-c484f013da00,gender_all_male,India
237aad3b-70d5-49e0-853d-8f62e6e84718,2024-12-22 06:40:09.96747 UTC,text,hi,90ebb8d4-c509-49ef-8248-a5b8d5fb577a,191677fa-bddc-4ce1-a739-c484f013da00,gender_all_male,India
d398c56b-42c1-4fcb-a3ad-64d929d3abc8,2024-12-22 06:39:29.497752 UTC,text,hi,90ebb8d4-c509-49ef-8248-a5b8d5fb577a,191677fa-bddc-4ce1-a739-c484f013da00,gender_all_male,India
20f44dcf-ac57-459a-9e58-74073de280f6,2024-12-22 06:39:10.643329 UTC,text,hi,90ebb8d4-c509-49ef-8248-a5b8d5fb577a,191677fa-bddc-4ce1-a739-c484f013da00,gender_all_male,India
03ef807f-e0eb-47cc-9be5-cf9b3b77c9f8,2024-12-22 06:39:42.39185 UTC,text,hi,90ebb8d4-c509-49ef-8248-a5b8d5fb577a,191677fa-bddc-4ce1-a739-c484f013da00,gender_all_male,India
a35f2138-5340-4ba4-8ebc-8345fb56e302,2024-12-22 06:39:55.661422 UTC,text,hi,90ebb8d4-c509-49ef-8248-a5b8d5fb577a,191677fa-bddc-4ce1-a739-c484f013da00,gender_all_male,India
689b8e74-090b-44d0-98e5-4bc8e77636fc,2025-01-18 08:52:28.646236 UTC,voice,en,4eedbbdb-7b43-4b8a-b826-cb98a4edccfa,ba71c530-453b-4332-8e0c-964c0a872cf4,gender_all_male,India
40797674-7629-4628-bf47-6893244710d1,2025-01-18 08:51:23.233007 UTC,text,hi-Latn,4eedbbdb-7b43-4b8a-b826-cb98a4edccfa,ba71c530-453b-4332-8e0c-964c0a872cf4,gender_all_male,India
a1208252-c100-4b13-a0c8-ee8ee79de366,2025-01-18 08:50:36.35454 UTC,text,hi-Latn,4eedbbdb-7b43-4b8a-b826-cb98a4edccfa,ba71c530-453b-4332-8e0c-964c0a872cf4,gender_all_male,India
d22424ae-b6d2-4a0f-93e7-e03f7bf75ff0,2025-01-18 08:51:54.839818 UTC,text,en,4eedbbdb-7b43-4b8a-b826-cb98a4edccfa,ba71c530-453b-4332-8e0c-964c0a872cf4,gender_all_male,India
dda6a035-b1d6-4b22-9eac-bdd8313ba546,2025-01-18 08:53:23.427184 UTC,text,en,4eedbbdb-7b43-4b8a-b826-cb98a4edccfa,ba71c530-453b-4332-8e0c-964c0a872cf4,gender_all_male,India
d1456a0a-7076-4c9d-b485-ae7eac45d6fe,2025-01-18 08:53:06.217539 UTC,voice,en,4eedbbdb-7b43-4b8a-b826-cb98a4edccfa,ba71c530-453b-4332-8e0c-964c0a872cf4,gender_all_male,India
afe10d3e-c4c0-4e05-a438-a69e4207b5c5,2026-06-23 07:50:06.097096 UTC,text,en,f90e41d7-97a4-4da7-b553-3073ad8aedb3,1e071176-bc4f-45e5-b4cf-eead2f40aac4,,Kenya
145aeeb6-e12e-4aed-81c2-a13af8d1d030,2026-06-23 07:50:01.297856 UTC,text,en,f90e41d7-97a4-4da7-b553-3073ad8aedb3,1e071176-bc4f-45e5-b4cf-eead2f40aac4,,Kenya
4e6f9992-b908-444c-9a81-d049f2d4ec7b,2026-03-14 15:01:59.575554 UTC,text,hi,42e87aff-0f97-4b95-930c-e127dfbce74c,119e2b33-dfda-40c2-9a6f-b35d86191e9f,,India
3a7897c2-507b-44d6-a560-c97aa15eed1e,2026-03-14 15:02:37.414108 UTC,text,hi,42e87aff-0f97-4b95-930c-e127dfbce74c,119e2b33-dfda-40c2-9a6f-b35d86191e9f,,India
5b7b4624-fa51-4d52-a68a-0efedd06661a,2025-02-01 06:25:21.229612 UTC,text,hi,ec060ad6-f0bb-4530-9ef9-1ce247c918cb,e569ea42-deb8-4433-9131-3dbdfb364f02,gender_all_female,India
9bad39bb-d7db-4da9-8e47-77f42f8b3b3f,2025-02-01 06:31:56.924364 UTC,text,hi,ec060ad6-f0bb-4530-9ef9-1ce247c918cb,e569ea42-deb8-4433-9131-3dbdfb364f02,gender_all_female,India
bbb48b48-40f4-4be5-88e6-c3346835bf95,2025-02-01 06:25:45.604698 UTC,text,hi,ec060ad6-f0bb-4530-9ef9-1ce247c918cb,e569ea42-deb8-4433-9131-3dbdfb364f02,gender_all_female,India
7990876d-2b26-40db-bdc8-0fbca8f4fb4b,2025-02-01 06:32:47.171768 UTC,text,hi,ec060ad6-f0bb-4530-9ef9-1ce247c918cb,e569ea42-deb8-4433-9131-3dbdfb364f02,gender_all_female,India
0b3642ae-760a-4bfa-9110-6d0327d10b7f,2025-02-01 06:26:35.918463 UTC,text,hi,ec060ad6-f0bb-4530-9ef9-1ce247c918cb,e569ea42-deb8-4433-9131-3dbdfb364f02,gender_all_female,India
7e2df5c8-460e-4fe1-af14-e82afe6af33a,2025-02-01 06:26:56.543454 UTC,text,hi,ec060ad6-f0bb-4530-9ef9-1ce247c918cb,e569ea42-deb8-4433-9131-3dbdfb364f02,gender_all_female,India
d5b63975-d77b-48a4-b54f-8c1486b3558e,2025-02-01 06:44:20.511109 UTC,text,hi,ec060ad6-f0bb-4530-9ef9-1ce247c918cb,e569ea42-deb8-4433-9131-3dbdfb364f02,gender_all_female,India
274f0ee1-1cbb-46dc-ae35-7a6cf59d87d3,2025-02-01 06:43:55.281171 UTC,text,hi,ec060ad6-f0bb-4530-9ef9-1ce247c918cb,e569ea42-deb8-4433-9131-3dbdfb364f02,gender_all_female,India
27304bf8-cbd1-4caf-8912-c6c228d9ccdc,2025-02-01 06:26:13.717406 UTC,text,hi,ec060ad6-f0bb-4530-9ef9-1ce247c918cb,e569ea42-deb8-4433-9131-3dbdfb364f02,gender_all_female,India
caba667b-298e-43ff-8dda-cd393bed3a40,2025-02-01 06:29:20.028576 UTC,text,hi,ec060ad6-f0bb-4530-9ef9-1ce247c918cb,e569ea42-deb8-4433-9131-3dbdfb364f02,gender_all_female,India
7a7ffdf8-42c3-46ca-b9c9-4fca459ed42a,2025-02-01 06:44:47.090257 UTC,text,hi,ec060ad6-f0bb-4530-9ef9-1ce247c918cb,e569ea42-deb8-4433-9131-3dbdfb364f02,gender_all_female,India
e5604221-8e09-410b-ad88-de586c96e21d,2025-02-01 06:43:34.292146 UTC,text,hi,ec060ad6-f0bb-4530-9ef9-1ce247c918cb,e569ea42-deb8-4433-9131-3dbdfb364f02,gender_all_female,India
56b1177d-eab1-4e0f-96ad-ccf00893c210,2025-02-01 06:24:44.43201 UTC,text,hi,ec060ad6-f0bb-4530-9ef9-1ce247c918cb,e569ea42-deb8-4433-9131-3dbdfb364f02,gender_all_female,India
fd730cce-7882-4be7-b5ff-803c1c46abce,2026-03-28 05:06:27.448197 UTC,image,,a9eca8d5-1d9f-4b9f-85b5-0606bfd81a0f,119e2b33-dfda-40c2-9a6f-b35d86191e9f,,India
368c74ea-3f0b-4810-9a45-b370c87adf94,2026-03-14 15:00:11.904988 UTC,text,hi,6a45d461-aed7-4a8d-833b-36d8c1653860,119e2b33-dfda-40c2-9a6f-b35d86191e9f,,India
73d1cc7a-06cf-457a-9a6c-d58518a2b450,2025-01-14 08:17:33.960189 UTC,text,hi,b06f2b19-4dff-4436-8021-f5d7589fa3d5,e569ea42-deb8-4433-9131-3dbdfb364f02,gender_all_female,India
9c9fdaae-c433-4c34-8342-9cfa052b48a1,2025-01-14 08:16:43.356834 UTC,text,hi,b06f2b19-4dff-4436-8021-f5d7589fa3d5,e569ea42-deb8-4433-9131-3dbdfb364f02,gender_all_female,India
770e10a1-4c0b-4326-ad40-abdb98042ddd,2025-01-14 08:15:52.516314 UTC,text,hi,b06f2b19-4dff-4436-8021-f5d7589fa3d5,e569ea42-deb8-4433-9131-3dbdfb364f02,gender_all_female,India
536c4a70-bdde-47bb-a981-bae17a259bf9,2025-01-14 08:18:06.348926 UTC,text,hi,b06f2b19-4dff-4436-8021-f5d7589fa3d5,e569ea42-deb8-4433-9131-3dbdfb364f02,gender_all_female,India
3bb2c439-cc55-48f8-8ddd-ed7fe9b95afc,2025-01-14 08:17:51.011916 UTC,text,hi,b06f2b19-4dff-4436-8021-f5d7589fa3d5,e569ea42-deb8-4433-9131-3dbdfb364f02,gender_all_female,India
88310974-3029-46db-85e0-8a4fbecd441c,2025-01-14 08:16:27.854895 UTC,text,hi,b06f2b19-4dff-4436-8021-f5d7589fa3d5,e569ea42-deb8-4433-9131-3dbdfb364f02,gender_all_female,India
606bd895-b04b-4f15-b832-ffc21bdf4d5d,2025-01-14 08:16:09.082326 UTC,text,hi,b06f2b19-4dff-4436-8021-f5d7589fa3d5,e569ea42-deb8-4433-9131-3dbdfb364f02,gender_all_female,India
c2df39f4-2925-4c7c-a85d-0438af927e1a,2025-01-14 08:17:00.175008 UTC,text,hi,b06f2b19-4dff-4436-8021-f5d7589fa3d5,e569ea42-deb8-4433-9131-3dbdfb364f02,gender_all_female,India
c02ef62e-cdbe-4763-852b-a881aaf225ba,2025-01-14 08:18:22.578921 UTC,text,hi,b06f2b19-4dff-4436-8021-f5d7589fa3d5,e569ea42-deb8-4433-9131-3dbdfb364f02,gender_all_female,India
35b89544-652a-48cf-96b0-d73a6208a331,2025-01-14 08:17:17.768977 UTC,text,hi,b06f2b19-4dff-4436-8021-f5d7589fa3d5,e569ea42-deb8-4433-9131-3dbdfb364f02,gender_all_female,India
c9ddf9f7-2fda-4f12-b61d-54fd114944c0,2026-03-28 05:10:18.438092 UTC,text,hi,5201330c-657a-40b6-8e80-c1b1de5163ad,119e2b33-dfda-40c2-9a6f-b35d86191e9f,,India
70d6bfef-8488-4133-a5e2-81b9bbab5792,2026-03-28 05:09:01.359482 UTC,image,,5201330c-657a-40b6-8e80-c1b1de5163ad,119e2b33-dfda-40c2-9a6f-b35d86191e9f,,India
85a5a4aa-c414-48ee-bd89-7b392f307cce,2026-03-27 03:50:50.452191 UTC,text,hi,ad9b170f-0f42-4eb2-9f23-26bbdb46c0e9,119e2b33-dfda-40c2-9a6f-b35d86191e9f,,India
cf46e1a8-e694-4afa-aa82-b96de947ae9e,2026-03-27 03:50:20.25734 UTC,text,hi,ad9b170f-0f42-4eb2-9f23-26bbdb46c0e9,119e2b33-dfda-40c2-9a6f-b35d86191e9f,,India
ad06b55e-f2f8-4518-a8c6-d5174e04fc39,2026-02-10 08:54:52.702332 UTC,text,hi,a73b2c99-03d3-4178-ac37-5c09c7df5f78,119e2b33-dfda-40c2-9a6f-b35d86191e9f,,India
b73b5856-8ea1-4bf1-8bc3-fa251ecd6dce,2025-02-01 06:45:41.730323 UTC,text,hi,428777b0-cd46-47b0-90b6-41ce9e9103c0,e569ea42-deb8-4433-9131-3dbdfb364f02,gender_all_female,India
a3df278d-df4c-4ceb-a2ea-748feab01484,2026-03-14 14:58:37.518915 UTC,text,hi,ac48e914-e3d7-4aea-b8f6-cd7b6a33a799,119e2b33-dfda-40c2-9a6f-b35d86191e9f,,India
131f0e10-9807-45ac-a233-81bcfdf9f41c,2026-02-10 08:50:51.115751 UTC,text,hi,d1a8966a-d672-472e-9581-07027e302bc8,119e2b33-dfda-40c2-9a6f-b35d86191e9f,,India
64593f7e-1202-4f8f-a898-d8d820c9cff4,2026-02-10 08:52:39.8436 UTC,text,hi,6aeb9b2d-7432-4259-9dd1-2aaace0a07bf,119e2b33-dfda-40c2-9a6f-b35d86191e9f,,India
fee2aaac-51f9-4b53-b308-0f7cfb6bd5d9,2026-03-01 06:20:53.786191 UTC,text,hi,f849ad94-5bb6-4fac-a549-1ea5f1b3a62b,119e2b33-dfda-40c2-9a6f-b35d86191e9f,,India
517942d9-9e8d-4676-9806-37d94918dcfb,2026-03-01 06:18:52.742923 UTC,text,hi,f849ad94-5bb6-4fac-a549-1ea5f1b3a62b,119e2b33-dfda-40c2-9a6f-b35d86191e9f,,India
03f2e91c-e347-40e2-860c-602129f9d9ac,2026-06-23 07:50:48.926005 UTC,text,en,dd62d3ae-0009-48e7-9480-e98c959f145e,1e071176-bc4f-45e5-b4cf-eead2f40aac4,,Kenya
eb0b73b4-0b46-4cf7-aa18-a07ce149da3e,2026-07-30 20:10:22.547777 UTC,text,,45ec2a32-0883-4d22-bf86-d53b9425bb33,f2d08dc2-18c4-4fe8-9e8e-1ad10947dae0,gender_all_male,Ethiopia
0fc9778c-38ea-4154-b140-4bd2b8bfc9a9,2026-08-31 19:22:50.714685 UTC,text,om,1df002a2-f6f9-4859-8907-4f4c25010baa,f2d08dc2-18c4-4fe8-9e8e-1ad10947dae0,gender_all_male,Ethiopia
94b2cd66-94e2-42df-b0d9-9bca10a9bbb5,2026-08-31 19:21:45.349909 UTC,text,fi,1df002a2-f6f9-4859-8907-4f4c25010baa,f2d08dc2-18c4-4fe8-9e8e-1ad10947dae0,gender_all_male,Ethiopia
88e53fcf-540a-4797-86b0-07961da4a82f,2026-08-31 19:21:28.468347 UTC,text,om,dcbab531-87ab-4898-95a4-6c6e646f394f,f2d08dc2-18c4-4fe8-9e8e-1ad10947dae0,gender_all_male,Ethiopia
627f2ec9-a265-4284-81d9-aee6dbe6fff5,2026-06-12 14:33:59.517764 UTC,text,om,31c2ea48-edde-443d-8b06-9b1ce56d837d,f2d08dc2-18c4-4fe8-9e8e-1ad10947dae0,gender_all_male,Ethiopia
197a97ae-f8a9-4802-86cc-6fa484b3e566,2026-08-13 11:53:00.332854 UTC,text,om,f0660085-ca01-4169-a62e-1bc965bef237,f2d08dc2-18c4-4fe8-9e8e-1ad10947dae0,gender_all_male,Ethiopia
15412d81-f617-4e68-ac59-873a01015335,2026-07-15 12:05:02.667176 UTC,text,om,652080ac-71e3-49eb-8e50-2b02eb3f9d31,f2d08dc2-18c4-4fe8-9e8e-1ad10947dae0,gender_all_male,Ethiopia
372d897f-cc23-4981-8276-f4ef37489f4e,2026-07-15 12:05:33.602498 UTC,text,om,652080ac-71e3-49eb-8e50-2b02eb3f9d31,f2d08dc2-18c4-4fe8-9e8e-1ad10947dae0,gender_all_male,Ethiopia
d168cd42-51f0-4aef-a60a-e842350f2ea4,2026-07-15 12:03:48.963885 UTC,text,om,652080ac-71e3-49eb-8e50-2b02eb3f9d31,f2d08dc2-18c4-4fe8-9e8e-1ad10947dae0,gender_all_male,Ethiopia
0c20a8a1-0cd1-4ef9-9d60-7b3cacdb7bcf,2026-06-11 16:20:12.206957 UTC,text,om,2eae2aab-f7e1-448d-a506-10b9b3b47f73,f2d08dc2-18c4-4fe8-9e8e-1ad10947dae0,gender_all_male,Ethiopia
b944e0dd-df23-47bf-8032-69d5c514b49e,2026-08-21 20:00:29.606178 UTC,text,om,d97d79bf-8fe5-4ae2-a68b-36268f6046d1,f2d08dc2-18c4-4fe8-9e8e-1ad10947dae0,gender_all_male,Ethiopia
3cd0adcf-1411-4e21-a8ca-b76d16950733,2026-08-21 15:44:38.786131 UTC,text,hi,1b961955-8393-4991-b731-fd4eb286e710,7e0e935f-c24e-424c-a6c9-769a294a41c8,,India
8c70d4fd-5509-4f23-a60f-b793ca3abed8,2026-07-21 11:06:47.005091 UTC,text,om,f2ef0408-6486-424e-85a5-225fed916dec,f2d08dc2-18c4-4fe8-9e8e-1ad10947dae0,gender_all_male,Ethiopia
e066543f-8c9b-4a98-a25c-e48e51201a9c,2026-07-15 06:55:45.256334 UTC,text,om,f2ef0408-6486-424e-85a5-225fed916dec,f2d08dc2-18c4-4fe8-9e8e-1ad10947dae0,gender_all_male,Ethiopia
97e249ab-fc2c-472c-ae2b-92dd7b74f263,2026-07-15 06:58:57.91506 UTC,text,om,f2ef0408-6486-424e-85a5-225fed916dec,f2d08dc2-18c4-4fe8-9e8e-1ad10947dae0,gender_all_male,Ethiopia
181bbc0a-988c-43ac-8600-6ee7e29a992e,2026-07-15 06:54:29.71232 UTC,voice,om,f2ef0408-6486-424e-85a5-225fed916dec,f2d08dc2-18c4-4fe8-9e8e-1ad10947dae0,gender_all_male,Ethiopia
32020c4f-e023-4aa4-a847-00e116681cbc,2026-07-15 06:50:54.598727 UTC,text,om,f2ef0408-6486-424e-85a5-225fed916dec,f2d08dc2-18c4-4fe8-9e8e-1ad10947dae0,gender_all_male,Ethiopia
7b794353-f3c8-43e1-a4b7-b1d418b5b371,2026-08-31 07:22:40.84546 UTC,text,om,9f46b338-6d86-42ee-a0e1-f76baea0f529,f2d08dc2-18c4-4fe8-9e8e-1ad10947dae0,gender_all_male,Ethiopia
cc3eb5ca-13f9-4e69-bb9e-25e164052491,2026-08-31 19:21:27.249282 UTC,text,om,9f46b338-6d86-42ee-a0e1-f76baea0f529,f2d08dc2-18c4-4fe8-9e8e-1ad10947dae0,gender_all_male,Ethiopia
b92d755e-9746-4216-98ac-0b80d7a3150a,2026-07-08 16:27:24.894561 UTC,text,om,6c0c9355-927a-405a-bbe1-e3b89651b449,f2d08dc2-18c4-4fe8-9e8e-1ad10947dae0,gender_all_male,Ethiopia
0fd20683-45ce-42c1-9b48-ac29138fea3a,2026-08-29 12:01:50.181141 UTC,text,om,f5aeb533-9449-4cc0-bcb2-a23491b7af6f,f2d08dc2-18c4-4fe8-9e8e-1ad10947dae0,gender_all_male,Ethiopia
472b56b2-48c4-427d-9e1c-a4627d573b30,2026-08-21 19:59:54.676768 UTC,text,om,13e4bf23-b6ec-4f55-98c1-c946d950bb4a,f2d08dc2-18c4-4fe8-9e8e-1ad10947dae0,gender_all_male,Ethiopia
e6fbb9ce-b9e1-4239-bc29-6d4ae2b3555c,2026-08-13 16:38:55.670989 UTC,text,om,44c51100-4f1d-4893-9a71-7866da7008e8,f2d08dc2-18c4-4fe8-9e8e-1ad10947dae0,gender_all_male,Ethiopia
f78ea5e9-f62c-463f-a249-5bdb75cb9554,2026-07-05 17:26:33.205843 UTC,text,om,713ccd1e-96a5-4737-b516-c45abf41e37b,f2d08dc2-18c4-4fe8-9e8e-1ad10947dae0,gender_all_male,Ethiopia
4a330a33-b204-46d7-8075-33a74fd22a2f,2026-07-30 08:21:33.825366 UTC,voice,om,6467ae8b-2b74-4fbd-a8fe-41d37cec499b,f2d08dc2-18c4-4fe8-9e8e-1ad10947dae0,gender_all_male,Ethiopia
227817d5-844e-453f-8384-090fcca2bbce,2025-01-18 01:13:32.349879 UTC,text,hi,e785c3ec-a315-4fe3-8593-596359851157,8bad2349-00e5-4222-9715-c14f3f9cb50b,gender_all_male,India
e16818ea-8ecc-4b75-9269-8ff9f49566ec,2025-01-18 01:10:06.740135 UTC,text,hi,e785c3ec-a315-4fe3-8593-596359851157,8bad2349-00e5-4222-9715-c14f3f9cb50b,gender_all_male,India
90a63b65-13a0-4a32-a17e-6cb813624252,2025-01-18 01:10:58.843967 UTC,text,hi,e785c3ec-a315-4fe3-8593-596359851157,8bad2349-00e5-4222-9715-c14f3f9cb50b,gender_all_male,India
81a52a2b-84ca-4647-be7e-ed1f6c0d291d,2025-01-18 01:13:13.692043 UTC,text,hi,e785c3ec-a315-4fe3-8593-596359851157,8bad2349-00e5-4222-9715-c14f3f9cb50b,gender_all_male,India
78452aa0-dc99-4889-bc49-176c60fe8e6d,2025-01-18 01:10:44.170734 UTC,text,hi,e785c3ec-a315-4fe3-8593-596359851157,8bad2349-00e5-4222-9715-c14f3f9cb50b,gender_all_male,India
8c339e14-15ae-4816-a8f1-4160888edb96,2025-01-18 01:12:43.708511 UTC,text,hi,e785c3ec-a315-4fe3-8593-596359851157,8bad2349-00e5-4222-9715-c14f3f9cb50b,gender_all_male,India
91846b0d-bfdf-49b8-9015-2737b160d539,2025-01-18 01:12:27.072373 UTC,text,hi,e785c3ec-a315-4fe3-8593-596359851157,8bad2349-00e5-4222-9715-c14f3f9cb50b,gender_all_male,India
1f43051d-4d3a-4113-b4bd-23757d239c27,2025-01-18 01:11:56.697669 UTC,text,hi,e785c3ec-a315-4fe3-8593-596359851157,8bad2349-00e5-4222-9715-c14f3f9cb50b,gender_all_male,India
56ce5991-3986-446e-bf71-73446376dbb5,2025-01-18 01:12:58.224348 UTC,text,hi,e785c3ec-a315-4fe3-8593-596359851157,8bad2349-00e5-4222-9715-c14f3f9cb50b,gender_all_male,India
40029d20-6797-41e1-a8d3-d4674cf20823,2025-01-18 01:13:52.651326 UTC,text,hi,e785c3ec-a315-4fe3-8593-596359851157,8bad2349-00e5-4222-9715-c14f3f9cb50b,gender_all_male,India
3dcfe3b1-6463-45b4-87ec-cfc909b72e08,2025-01-18 01:11:40.731935 UTC,text,hi,e785c3ec-a315-4fe3-8593-596359851157,8bad2349-00e5-4222-9715-c14f3f9cb50b,gender_all_male,India
dbd76bb5-810a-440c-951a-cd8e147a0c71,2026-07-30 08:26:49.112868 UTC,text,,20f199bc-1f19-45d7-9a63-f6e5ed9c9257,f2d08dc2-18c4-4fe8-9e8e-1ad10947dae0,gender_all_male,Ethiopia
b91dc15a-7525-4ab0-85b4-14d0531171b7,2026-07-31 17:20:45.209591 UTC,text,om,9dd030dc-e0f2-499e-a73e-af3c6e44b1bc,f2d08dc2-18c4-4fe8-9e8e-1ad10947dae0,gender_all_male,Ethiopia
ced54f20-062f-4fb7-9ee7-cf3d9a1963ff,2026-09-05 19:59:03.296373 UTC,text,om,b1a1610a-fade-49fe-a756-fc17bbe8e8d6,f2d08dc2-18c4-4fe8-9e8e-1ad10947dae0,gender_all_male,Ethiopia
e89e1f03-4d65-4adf-a88b-2ac79221d829,2026-09-01 21:40:36.170379 UTC,text,om,7840179f-fd13-41c4-abd7-5561058148c0,f2d08dc2-18c4-4fe8-9e8e-1ad10947dae0,gender_all_male,Ethiopia
8405a4db-f160-4c8b-b253-3521441f42be,2026-08-11 14:23:41.138588 UTC,text,hi,6ffbe6ce-d0c2-41cd-885e-b5ae0a776be3,7e0e935f-c24e-424c-a6c9-769a294a41c8,,India
2812982c-1422-4c95-999e-0254f3d081c9,2026-09-01 21:39:47.738985 UTC,text,om,7840179f-fd13-41c4-abd7-5561058148c0,f2d08dc2-18c4-4fe8-9e8e-1ad10947dae0,gender_all_male,Ethiopia
d3b60884-4999-4d33-9bc8-d647dd3c2fda,2026-09-01 21:39:16.914293 UTC,text,om,7840179f-fd13-41c4-abd7-5561058148c0,f2d08dc2-18c4-4fe8-9e8e-1ad10947dae0,gender_all_male,Ethiopia
3969a4b8-3178-435f-951c-17b837595b59,2026-07-30 08:28:36.592328 UTC,text,om,7eafc5f7-565d-412f-a409-be2562fbfa1b,f2d08dc2-18c4-4fe8-9e8e-1ad10947dae0,gender_all_male,Ethiopia
7ff63c82-44a4-41a7-90aa-df1fba027743,2026-07-30 08:35:02.262179 UTC,text,om,7eafc5f7-565d-412f-a409-be2562fbfa1b,f2d08dc2-18c4-4fe8-9e8e-1ad10947dae0,gender_all_male,Ethiopia
c299b1bc-1c74-4478-884b-5a233bf005fb,2026-09-01 10:11:40.626619 UTC,text,om,81d30561-123a-419e-806c-c3f5fcb3b760,f2d08dc2-18c4-4fe8-9e8e-1ad10947dae0,gender_all_male,Ethiopia
be78c063-366d-44b2-b5c4-b17df5744bf6,2026-09-05 12:33:42.690756 UTC,voice,om,81d30561-123a-419e-806c-c3f5fcb3b760,f2d08dc2-18c4-4fe8-9e8e-1ad10947dae0,gender_all_male,Ethiopia
e2a4e207-897f-4daf-8f40-dd163c29a5eb,2026-06-12 12:40:23.856505 UTC,text,om,7c628fc5-00a6-4bde-8b97-e89f554902ae,f2d08dc2-18c4-4fe8-9e8e-1ad10947dae0,gender_all_male,Ethiopia
4a5d076b-2879-4a79-b4b7-8c60e8f3f7a7,2026-07-30 20:07:34.65742 UTC,text,om,54ba9d0c-a933-4d92-925f-90d8da357370,f2d08dc2-18c4-4fe8-9e8e-1ad10947dae0,gender_all_male,Ethiopia
d1387acc-fe3c-4fa6-b308-e34d513b2bd3,2026-06-12 12:33:13.649847 UTC,text,om,7c628fc5-00a6-4bde-8b97-e89f554902ae,f2d08dc2-18c4-4fe8-9e8e-1ad10947dae0,gender_all_male,Ethiopia
8362a1a7-e4de-47ba-b144-b61c5af1c59d,2026-06-12 12:38:54.270996 UTC,text,om,7c628fc5-00a6-4bde-8b97-e89f554902ae,f2d08dc2-18c4-4fe8-9e8e-1ad10947dae0,gender_all_male,Ethiopia
bdd6d37f-735f-4143-bb4b-9ae57410b6e2,2026-07-31 09:25:29.142281 UTC,text,om,32a14122-d157-4f7d-87c1-b09a591a1a88,f2d08dc2-18c4-4fe8-9e8e-1ad10947dae0,gender_all_male,Ethiopia
5affbf95-0a58-4ce4-b40d-c96b19939c75,2026-08-29 12:05:37.526555 UTC,text,om,642c5439-c420-40e5-a6e0-2408d7ee9cd0,f2d08dc2-18c4-4fe8-9e8e-1ad10947dae0,gender_all_male,Ethiopia
df84daf6-71b7-4847-a638-bb28804c96c8,2026-08-29 12:04:37.005912 UTC,text,om,642c5439-c420-40e5-a6e0-2408d7ee9cd0,f2d08dc2-18c4-4fe8-9e8e-1ad10947dae0,gender_all_male,Ethiopia
8becd9ed-b84f-4789-a3df-c075790b1a61,2026-08-24 07:52:14.170317 UTC,text,om,9d553e78-018c-488f-9f9f-00020703fa5b,f2d08dc2-18c4-4fe8-9e8e-1ad10947dae0,gender_all_male,Ethiopia
90bc7feb-cbbc-421c-a9a5-2203f7eedca2,2026-08-24 07:53:05.995388 UTC,text,om,9d553e78-018c-488f-9f9f-00020703fa5b,f2d08dc2-18c4-4fe8-9e8e-1ad10947dae0,gender_all_male,Ethiopia
f800f913-6000-4bca-ae52-120a7b115136,2026-08-17 12:00:34.680055 UTC,text,om,fedecdcf-9f93-4599-b998-bd55b0e076b7,f2d08dc2-18c4-4fe8-9e8e-1ad10947dae0,gender_all_male,Ethiopia
42e5ff0b-df0c-4c77-8c72-188fde1adc3f,2026-08-07 16:49:54.340548 UTC,text,om,340e1fe7-41dc-4cba-bbd1-e973d547c037,f2d08dc2-18c4-4fe8-9e8e-1ad10947dae0,gender_all_male,Ethiopia
51a9af53-5849-416f-a386-fa95b7fd3a58,2026-08-04 06:18:52.635721 UTC,text,om,137ea932-7aed-4ba7-afff-f6cc4eaf99e3,f2d08dc2-18c4-4fe8-9e8e-1ad10947dae0,gender_all_male,Ethiopia
c1d5044d-b00a-41bb-88e9-f96e2dba1964,2026-08-04 06:19:55.816436 UTC,text,om,137ea932-7aed-4ba7-afff-f6cc4eaf99e3,f2d08dc2-18c4-4fe8-9e8e-1ad10947dae0,gender_all_male,Ethiopia
01c0cda8-77ad-42f0-9f17-802b8d52e866,2026-07-30 08:37:27.394784 UTC,text,om,f9ac4f5e-bd5a-405b-802d-b298ac375e28,f2d08dc2-18c4-4fe8-9e8e-1ad10947dae0,gender_all_male,Ethiopia
77daafad-0982-490c-ae7a-05b58cbda095,2026-07-30 08:38:27.925712 UTC,text,om,f9ac4f5e-bd5a-405b-802d-b298ac375e28,f2d08dc2-18c4-4fe8-9e8e-1ad10947dae0,gender_all_male,Ethiopia
95aae6cc-085a-4dea-ab98-772e78fcad93,2026-07-31 09:21:44.845431 UTC,text,om,ec7b9c7e-1835-474f-b625-c072f24a0873,f2d08dc2-18c4-4fe8-9e8e-1ad10947dae0,gender_all_male,Ethiopia
cef6192b-b30b-4af5-a0fe-78cc406975d7,2026-07-31 03:25:29.494468 UTC,text,om,ec7b9c7e-1835-474f-b625-c072f24a0873,f2d08dc2-18c4-4fe8-9e8e-1ad10947dae0,gender_all_male,Ethiopia
1598efab-f31f-4c28-b764-554cfe5bc173,2026-08-03 09:24:16.896646 UTC,text,om,dadfbf49-4529-42de-98b1-8d770375a8eb,f2d08dc2-18c4-4fe8-9e8e-1ad10947dae0,gender_all_male,Ethiopia
459ba353-097b-433e-9620-9e5985c281cd,2026-08-04 06:21:21.615578 UTC,text,om,dd6d372f-5da3-4626-b53d-29da5ad29288,f2d08dc2-18c4-4fe8-9e8e-1ad10947dae0,gender_all_male,Ethiopia
d502f609-e33c-460c-b74f-4ff917765e3c,2026-07-31 14:54:05.810128 UTC,text,om,91b0f869-f17b-4735-827b-9ce0e17517e0,f2d08dc2-18c4-4fe8-9e8e-1ad10947dae0,gender_all_male,Ethiopia
cccf41b0-ce67-4117-883a-231e7a227843,2026-08-18 17:12:07.728049 UTC,text,om,82029e57-a146-4dc9-b609-f9746ab06600,f2d08dc2-18c4-4fe8-9e8e-1ad10947dae0,gender_all_male,Ethiopia
a400af72-402a-4c79-8140-81188b734ee6,2026-09-01 10:10:46.517957 UTC,text,om,4aaeea80-37f4-4f31-84f7-5b404700d0ef,f2d08dc2-18c4-4fe8-9e8e-1ad10947dae0,gender_all_male,Ethiopia
e12fc1b7-2a36-49db-8765-7d3eb6ddf13e,2026-06-11 16:20:43.895476 UTC,text,la,217096e2-e2ab-4ec2-aa78-cee648db7941,f2d08dc2-18c4-4fe8-9e8e-1ad10947dae0,gender_all_male,Ethiopia
79b29bf8-0b0d-4d3f-a510-8a283bd8d003,2026-07-12 18:09:21.262665 UTC,text,om,c68afc07-10dd-473a-87b8-1abd5ab067fc,f2d08dc2-18c4-4fe8-9e8e-1ad10947dae0,gender_all_male,Ethiopia
7d389e34-da0f-404b-9e16-03d86803837a,2026-06-12 12:40:54.560105 UTC,text,om,c7f7948f-2d87-4577-8f32-23b76f7ddf56,f2d08dc2-18c4-4fe8-9e8e-1ad10947dae0,gender_all_male,Ethiopia
efc13cda-6e65-4016-8e87-e05b7891884c,2026-08-03 05:39:18.238247 UTC,text,om,6ab46e17-32f4-40f7-a18a-fbedb8b61c0a,f2d08dc2-18c4-4fe8-9e8e-1ad10947dae0,gender_all_male,Ethiopia
61c83b2c-3369-4789-adb6-0927cfd36b9d,2026-08-02 05:24:08.075034 UTC,text,hi,e86cdeda-6705-42a7-be08-52c54f0fcddf,7e0e935f-c24e-424c-a6c9-769a294a41c8,,India
29c20ac6-4b1d-49fb-8912-be4910cc8bc0,2026-08-02 05:15:47.874455 UTC,text,hi,e86cdeda-6705-42a7-be08-52c54f0fcddf,7e0e935f-c24e-424c-a6c9-769a294a41c8,,India
1300f35e-9d28-4340-8d5c-b33e906b52ad,2026-08-02 05:12:51.559694 UTC,voice,hi,e86cdeda-6705-42a7-be08-52c54f0fcddf,7e0e935f-c24e-424c-a6c9-769a294a41c8,,India
8512bb73-fde7-4e1d-bb76-4c28ef475380,2026-08-02 05:18:23.289323 UTC,text,hi,e86cdeda-6705-42a7-be08-52c54f0fcddf,7e0e935f-c24e-424c-a6c9-769a294a41c8,,India
4568376f-5fe7-4123-8b78-502d390d6ac5,2026-08-02 05:20:08.499496 UTC,voice,hi,e86cdeda-6705-42a7-be08-52c54f0fcddf,7e0e935f-c24e-424c-a6c9-769a294a41c8,,India
ebf6ac10-cc90-4e7a-b007-74f29ecb170d,2026-08-02 20:59:15.892332 UTC,text,om,c6f9c278-068e-4842-b3e5-1fbbbdd19056,f2d08dc2-18c4-4fe8-9e8e-1ad10947dae0,gender_all_male,Ethiopia
b955a643-5e76-4daa-ad4b-14e4573ce432,2026-07-15 06:46:35.443762 UTC,text,om,3a9a1ed1-9dc8-4013-8845-970ec75f27bf,f2d08dc2-18c4-4fe8-9e8e-1ad10947dae0,gender_all_male,Ethiopia
6a8a366d-951c-44c5-abe3-d4765236b945,2026-08-02 21:00:36.035196 UTC,text,om,c6f9c278-068e-4842-b3e5-1fbbbdd19056,f2d08dc2-18c4-4fe8-9e8e-1ad10947dae0,gender_all_male,Ethiopia
0b67f686-7a03-4739-b57f-e78eb17e5423,2026-08-29 12:04:02.007372 UTC,text,fi,ae1d5e46-f01b-4535-a039-b5b06d69cace,f2d08dc2-18c4-4fe8-9e8e-1ad10947dae0,gender_all_male,Ethiopia
96c9d548-c2bd-4bd7-bd91-e6df2069536f,2026-08-29 12:03:11.780947 UTC,text,om,ae1d5e46-f01b-4535-a039-b5b06d69cace,f2d08dc2-18c4-4fe8-9e8e-1ad10947dae0,gender_all_male,Ethiopia
94f1c6f2-439c-42d2-a0da-b6261325341d,2026-08-29 12:02:44.443119 UTC,text,,ae1d5e46-f01b-4535-a039-b5b06d69cace,f2d08dc2-18c4-4fe8-9e8e-1ad10947dae0,gender_all_male,Ethiopia
2b25f0b3-ecc7-408c-8187-20e711a676d9,2025-01-17 04:10:02.744712 UTC,voice,hi,a85257e1-e163-4687-bae7-0ec922cc2ad3,1eb94b99-f276-4d64-8211-535ca45b8a3c,gender_all_male,India
71eec038-cfcf-4127-9ecb-a54d2f4e14f4,2026-08-03 18:39:33.651218 UTC,text,om,949fb997-186b-4432-8c8e-d46e045ab022,f2d08dc2-18c4-4fe8-9e8e-1ad10947dae0,gender_all_male,Ethiopia
f0b38ca4-1664-401e-96cc-1d265fae1e92,2026-08-02 05:27:12.42854 UTC,text,hi,48ff0829-456a-47e5-98c7-e3f0791a08a9,7e0e935f-c24e-424c-a6c9-769a294a41c8,,India
823264e1-05dc-4d8b-bd4f-35b0ae42e45f,2026-07-15 08:37:44.634834 UTC,text,om,1d2d3912-44e5-43ab-a323-e15579ff4ae2,f2d08dc2-18c4-4fe8-9e8e-1ad10947dae0,gender_all_male,Ethiopia
fce9795f-7f6d-4ce2-a490-7e66aa939884,2025-01-14 07:24:14.090874 UTC,text,hi,ac42a069-fbdd-49f0-874a-72e3d8e84639,1eb94b99-f276-4d64-8211-535ca45b8a3c,gender_all_male,India
0cf0e310-d766-46b9-bea5-613a8a994386,2025-01-14 07:24:50.350912 UTC,voice,hi,ac42a069-fbdd-49f0-874a-72e3d8e84639,1eb94b99-f276-4d64-8211-535ca45b8a3c,gender_all_male,India
61d2ec85-aa13-487c-b9c8-7e159497b352,2025-01-14 07:23:48.502245 UTC,text,hi,ac42a069-fbdd-49f0-874a-72e3d8e84639,1eb94b99-f276-4d64-8211-535ca45b8a3c,gender_all_male,India
119266be-7396-413c-b076-4aca496ab681,2025-01-14 07:24:24.684185 UTC,text,hi,ac42a069-fbdd-49f0-874a-72e3d8e84639,1eb94b99-f276-4d64-8211-535ca45b8a3c,gender_all_male,India
4e14cdde-1827-4b60-9ae2-b447425e6b82,2025-01-14 07:24:02.305944 UTC,text,hi,ac42a069-fbdd-49f0-874a-72e3d8e84639,1eb94b99-f276-4d64-8211-535ca45b8a3c,gender_all_male,India
6ab05b82-053c-498a-b953-ca9120c80d59,2026-07-15 06:48:39.546112 UTC,voice,am,d4f6043c-5149-40c7-b444-2d393c9fea67,f2d08dc2-18c4-4fe8-9e8e-1ad10947dae0,gender_all_male,Ethiopia
f524a719-17e9-4079-ad75-9875f7a59578,2026-08-20 16:09:31.4204 UTC,text,om,f8e3a5bd-267a-447b-b060-c69fa652af8c,f2d08dc2-18c4-4fe8-9e8e-1ad10947dae0,gender_all_male,Ethiopia
2ac23ef2-2247-4755-962b-68d1bce13f9c,2026-08-29 12:02:20.136907 UTC,text,om,c654c91f-8eb0-4f61-b651-d527ce19f353,f2d08dc2-18c4-4fe8-9e8e-1ad10947dae0,gender_all_male,Ethiopia
7926297f-d3cd-4a7c-a13b-6ffac6f387bf,2025-01-17 04:09:28.180055 UTC,voice,hi,d77e4e4e-0804-4b7c-879b-d687dac3b3d8,1eb94b99-f276-4d64-8211-535ca45b8a3c,gender_all_male,India
85a82866-04cb-4a5c-91af-2506fb7b6144,2025-01-17 04:08:52.405854 UTC,text,hi,d77e4e4e-0804-4b7c-879b-d687dac3b3d8,1eb94b99-f276-4d64-8211-535ca45b8a3c,gender_all_male,India
84eb3c80-3c15-4a95-8d64-95cdc27fca00,2026-06-11 10:02:40.664368 UTC,text,om,d82bf874-ebc5-43b2-8550-8399b0f80c67,f2d08dc2-18c4-4fe8-9e8e-1ad10947dae0,gender_all_male,Ethiopia
56028fef-9a77-4923-b834-e31a5decfbdf,2026-07-07 19:47:25.43919 UTC,text,om,c3ff4f81-ab77-4153-b726-ccc15ad8638e,f2d08dc2-18c4-4fe8-9e8e-1ad10947dae0,gender_all_male,Ethiopia
ee9f794d-374d-4bbf-9d5f-29b3cd06e24d,2026-07-09 18:31:06.307601 UTC,text,om,a377d6b4-23c0-4dc6-8187-d98816d98bb9,f2d08dc2-18c4-4fe8-9e8e-1ad10947dae0,gender_all_male,Ethiopia
9139df85-a559-4408-be79-b75f81beb71e,2026-07-07 19:47:14.983696 UTC,text,om,c3ff4f81-ab77-4153-b726-ccc15ad8638e,f2d08dc2-18c4-4fe8-9e8e-1ad10947dae0,gender_all_male,Ethiopia
8705ddb1-fea3-4718-a5c5-16b431c7e661,2026-07-30 17:42:34.594324 UTC,text,om,f20c5fb4-fcbc-4fb3-adde-3294e086308d,f2d08dc2-18c4-4fe8-9e8e-1ad10947dae0,gender_all_male,Ethiopia
88c1469e-7b67-4ffd-aef5-ef84655180a6,2026-07-30 19:34:22.255731 UTC,text,om,f20c5fb4-fcbc-4fb3-adde-3294e086308d,f2d08dc2-18c4-4fe8-9e8e-1ad10947dae0,gender_all_male,Ethiopia
50ea754c-f36c-4516-a70e-29688ef46bca,2026-08-18 17:32:17.981437 UTC,text,om,50053295-2fdb-4e23-b2f0-bf3a15a7564c,f2d08dc2-18c4-4fe8-9e8e-1ad10947dae0,gender_all_male,Ethiopia
60a0a488-e1a7-44f4-8141-c8a930c7f5d0,2026-08-29 11:59:14.291792 UTC,text,om,7a2d86c2-1f80-40ca-b5c1-0f6b92c8bf64,f2d08dc2-18c4-4fe8-9e8e-1ad10947dae0,gender_all_male,Ethiopia
5f9fe036-775b-41ed-aef1-217deda2e0d9,2026-08-29 12:24:47.77881 UTC,text,om,b1830f44-ba89-47b3-8da2-a588715eb9ee,f2d08dc2-18c4-4fe8-9e8e-1ad10947dae0,gender_all_male,Ethiopia
88ccce84-638a-4fb3-ac22-aaeef7ddb197,2026-08-28 18:12:10.736817 UTC,image,,c6d1f485-0015-494f-b646-4e38438be91d,ffc294fb-5463-44e9-aa55-b9d896df7193,,Kenya
ae00cf0b-bbb0-4d44-b752-01a054266077,2025-06-15 05:30:47.775449 UTC,text,en,707a4b9a-8be8-404a-8092-695eacef1e55,61ec5894-2e12-4bbb-9b35-7eae9ce36bfe,,Kenya
74b43ef5-e406-4a56-9b6e-10da382c98c0,2025-06-12 08:55:31.881686 UTC,text,en,707a4b9a-8be8-404a-8092-695eacef1e55,61ec5894-2e12-4bbb-9b35-7eae9ce36bfe,,Kenya
9c153821-2184-481d-8f74-dd76a8fc56f2,2025-06-15 05:45:08.339413 UTC,text,en,707a4b9a-8be8-404a-8092-695eacef1e55,61ec5894-2e12-4bbb-9b35-7eae9ce36bfe,,Kenya
9cf04b6c-a226-4e6a-9f4f-035fd1e62d82,2025-06-15 05:36:44.717548 UTC,text,sw,707a4b9a-8be8-404a-8092-695eacef1e55,61ec5894-2e12-4bbb-9b35-7eae9ce36bfe,,Kenya
3130fab1-8479-4bc6-b088-ea3079cc8c91,2025-06-12 08:51:15.844096 UTC,text,en,707a4b9a-8be8-404a-8092-695eacef1e55,61ec5894-2e12-4bbb-9b35-7eae9ce36bfe,,Kenya
7ebacc9e-86ae-4e9d-b9cf-0cef24bf2231,2025-06-12 08:49:51.102995 UTC,text,en,707a4b9a-8be8-404a-8092-695eacef1e55,61ec5894-2e12-4bbb-9b35-7eae9ce36bfe,,Kenya
b3c45406-feb8-4cd5-95d7-4a20c5f74e09,2025-06-15 05:44:36.619943 UTC,image,,707a4b9a-8be8-404a-8092-695eacef1e55,61ec5894-2e12-4bbb-9b35-7eae9ce36bfe,,Kenya
ac5c3f46-d553-4674-aa7a-043736de0da7,2025-06-15 05:33:29.778325 UTC,text,en,707a4b9a-8be8-404a-8092-695eacef1e55,61ec5894-2e12-4bbb-9b35-7eae9ce36bfe,,Kenya
d4ab0974-dbd7-4462-b42f-e801e332cfff,2025-06-15 05:40:51.451716 UTC,image,,707a4b9a-8be8-404a-8092-695eacef1e55,61ec5894-2e12-4bbb-9b35-7eae9ce36bfe,,Kenya
a1a17d74-ef71-4211-b6cd-3e4ad707399b,2025-06-15 05:34:45.110988 UTC,text,en,707a4b9a-8be8-404a-8092-695eacef1e55,61ec5894-2e12-4bbb-9b35-7eae9ce36bfe,,Kenya
0a8a31df-fe84-42d7-a0a8-185220c43e9a,2025-06-12 08:53:55.411559 UTC,text,sw,707a4b9a-8be8-404a-8092-695eacef1e55,61ec5894-2e12-4bbb-9b35-7eae9ce36bfe,,Kenya
d4f925b9-def6-4db9-ab76-add32859371d,2025-06-15 05:35:33.30886 UTC,text,en,707a4b9a-8be8-404a-8092-695eacef1e55,61ec5894-2e12-4bbb-9b35-7eae9ce36bfe,,Kenya
0f87fcc6-da47-4993-b613-161aceea7b85,2025-06-12 08:44:13.760425 UTC,text,en,707a4b9a-8be8-404a-8092-695eacef1e55,61ec5894-2e12-4bbb-9b35-7eae9ce36bfe,,Kenya
83e649c7-2335-47c3-bfec-c6596650f41e,2025-06-15 05:41:47.176905 UTC,text,en,707a4b9a-8be8-404a-8092-695eacef1e55,61ec5894-2e12-4bbb-9b35-7eae9ce36bfe,,Kenya
8f42071d-4d22-4cf5-8444-2a6504c82d99,2025-06-15 05:37:33.448019 UTC,text,en,707a4b9a-8be8-404a-8092-695eacef1e55,61ec5894-2e12-4bbb-9b35-7eae9ce36bfe,,Kenya
bfd2bfd0-0429-4cd7-ab88-9a4b5b37a9e8,2025-06-15 05:42:59.438001 UTC,text,en,707a4b9a-8be8-404a-8092-695eacef1e55,61ec5894-2e12-4bbb-9b35-7eae9ce36bfe,,Kenya
aac50931-541f-4272-8ac1-7c9faf6617cf,2025-06-12 08:48:23.055247 UTC,text,en,707a4b9a-8be8-404a-8092-695eacef1e55,61ec5894-2e12-4bbb-9b35-7eae9ce36bfe,,Kenya
f5a4c239-11b6-49fc-949a-8a81e7f2bae6,2025-06-15 05:32:26.67958 UTC,text,en,707a4b9a-8be8-404a-8092-695eacef1e55,61ec5894-2e12-4bbb-9b35-7eae9ce36bfe,,Kenya
2e89821c-6e40-40f0-9f92-bea936c78692,2025-06-12 08:52:18.650653 UTC,text,en,707a4b9a-8be8-404a-8092-695eacef1e55,61ec5894-2e12-4bbb-9b35-7eae9ce36bfe,,Kenya
215cfe97-eee4-4693-b658-0a60dc297a2a,2025-06-12 08:42:37.809496 UTC,text,sw,707a4b9a-8be8-404a-8092-695eacef1e55,61ec5894-2e12-4bbb-9b35-7eae9ce36bfe,,Kenya
5e6b8f61-e6dd-4e65-91c5-bbae5295b4c7,2025-06-12 08:45:22.724934 UTC,text,bem,707a4b9a-8be8-404a-8092-695eacef1e55,61ec5894-2e12-4bbb-9b35-7eae9ce36bfe,,Kenya
350c22af-43b8-4bcb-83e6-c4dc65f5acec,2025-06-15 05:38:56.415241 UTC,text,en,707a4b9a-8be8-404a-8092-695eacef1e55,61ec5894-2e12-4bbb-9b35-7eae9ce36bfe,,Kenya
4b94ab18-5461-432a-a2a1-ad29199ebf23,2025-06-12 08:47:27.70983 UTC,text,en,707a4b9a-8be8-404a-8092-695eacef1e55,61ec5894-2e12-4bbb-9b35-7eae9ce36bfe,,Kenya
0bedced6-af77-4a53-b931-3d6c57df8e7b,2025-06-15 05:27:50.743355 UTC,text,sw,707a4b9a-8be8-404a-8092-695eacef1e55,61ec5894-2e12-4bbb-9b35-7eae9ce36bfe,,Kenya
cb7f1d23-ce9e-44ff-aca7-63f65223bd3a,2025-06-15 05:29:12.707111 UTC,text,en,707a4b9a-8be8-404a-8092-695eacef1e55,61ec5894-2e12-4bbb-9b35-7eae9ce36bfe,,Kenya
fc5c936f-2e07-4930-927c-7bc24d66eb2a,2026-06-28 18:44:25.049522 UTC,text,en,96f74d3b-2c9a-4df6-b057-ed179ca68bc4,61ec5894-2e12-4bbb-9b35-7eae9ce36bfe,,Kenya
00f089d4-5d0b-4c38-b641-04a9216c17fc,2026-06-28 18:22:24.058479 UTC,text,en,96f74d3b-2c9a-4df6-b057-ed179ca68bc4,61ec5894-2e12-4bbb-9b35-7eae9ce36bfe,,Kenya
cc39c26d-7628-490f-a767-65ba737babe5,2026-06-28 18:24:40.323581 UTC,text,en,96f74d3b-2c9a-4df6-b057-ed179ca68bc4,61ec5894-2e12-4bbb-9b35-7eae9ce36bfe,,Kenya
87ada967-f0ec-463d-8c26-dd3db3eb355e,2026-06-28 18:47:41.05697 UTC,text,en,96f74d3b-2c9a-4df6-b057-ed179ca68bc4,61ec5894-2e12-4bbb-9b35-7eae9ce36bfe,,Kenya
fcf9ab0c-a8ec-405b-8d03-fdb713c15f2a,2026-06-28 18:39:56.344948 UTC,text,en,96f74d3b-2c9a-4df6-b057-ed179ca68bc4,61ec5894-2e12-4bbb-9b35-7eae9ce36bfe,,Kenya
f4df9c79-1609-4264-803d-419a3a204189,2026-06-28 18:27:15.694983 UTC,text,en,96f74d3b-2c9a-4df6-b057-ed179ca68bc4,61ec5894-2e12-4bbb-9b35-7eae9ce36bfe,,Kenya
8514f039-8893-4afa-a63b-2a9da76f7e2c,2026-06-28 18:33:29.438728 UTC,text,en,96f74d3b-2c9a-4df6-b057-ed179ca68bc4,61ec5894-2e12-4bbb-9b35-7eae9ce36bfe,,Kenya
dd1621d9-7791-4f94-afdf-68e26a4ba7d0,2026-06-28 18:29:30.029495 UTC,text,en,96f74d3b-2c9a-4df6-b057-ed179ca68bc4,61ec5894-2e12-4bbb-9b35-7eae9ce36bfe,,Kenya
6599e606-f153-42e9-a122-a9fe9e3a1cf8,2026-06-28 18:20:05.443821 UTC,text,en,96f74d3b-2c9a-4df6-b057-ed179ca68bc4,61ec5894-2e12-4bbb-9b35-7eae9ce36bfe,,Kenya
bea57701-f52b-478d-a026-bbe82762fa51,2026-06-28 18:31:38.295324 UTC,text,en,96f74d3b-2c9a-4df6-b057-ed179ca68bc4,61ec5894-2e12-4bbb-9b35-7eae9ce36bfe,,Kenya
5d31a6a8-cc7c-407c-bdae-6d87df76bfcf,2026-08-28 18:10:49.406045 UTC,image,,4cae1f28-a811-4494-9e18-03dc35c39df7,ffc294fb-5463-44e9-aa55-b9d896df7193,,Kenya
08291405-330d-4cba-bf0b-20ca808b4372,2026-07-01 16:06:51.28885 UTC,text,hi,524d2f00-862a-4698-a891-1daf16470e41,94094fc2-1f19-4787-8e89-6313836d95c3,,India
3f284bfa-dcbf-4c54-8a69-dec1f52b3669,2026-07-03 17:22:10.835576 UTC,text,hi,926e61ac-1f87-45f4-a33d-c7ce1e630df8,94094fc2-1f19-4787-8e89-6313836d95c3,,India
152e82f1-bfa2-468b-8757-43516cc6f69d,2026-07-03 17:21:02.405542 UTC,text,hi,926e61ac-1f87-45f4-a33d-c7ce1e630df8,94094fc2-1f19-4787-8e89-6313836d95c3,,India
e52a665e-4c29-4dc7-8e53-b991c9b89745,2026-05-10 06:56:07.021793 UTC,text,te,a961ff81-5a8c-47da-bc32-806564eaa527,e0b1b1b0-fcae-457a-8d9a-ae226d46515d,gender_all_female,India
14ba102d-22f6-4b58-856e-ee2496acbce7,2025-09-06 16:51:28.889337 UTC,text,en,753afa02-b2ae-4d3b-a3c3-9792f3afd1fa,61ec5894-2e12-4bbb-9b35-7eae9ce36bfe,,Kenya
dd09076a-517f-44d0-ab78-f81e274c57ae,2026-09-01 16:43:32.677466 UTC,text,en,1f50fd99-1fa5-4c60-bcfb-cac55981b4be,ffc294fb-5463-44e9-aa55-b9d896df7193,,Kenya
d3b6ef0f-45bf-4190-a985-cf3e7db42f7b,2026-09-01 16:43:37.950625 UTC,text,en,1f50fd99-1fa5-4c60-bcfb-cac55981b4be,ffc294fb-5463-44e9-aa55-b9d896df7193,,Kenya
68134b5e-8e22-42c8-a0d8-7291fbc89ae4,2025-01-31 11:48:16.146455 UTC,text,ha,be6ee923-dbc5-4f98-b941-3ae962380a3a,7c0f7254-e675-4971-832c-514041bf40f0,gender_all_male,India
2d9df666-309b-460d-abf3-da5a8f4e34e2,2025-01-31 11:49:29.587109 UTC,text,hi-Latn,be6ee923-dbc5-4f98-b941-3ae962380a3a,7c0f7254-e675-4971-832c-514041bf40f0,gender_all_male,India
678a031c-bc24-48ee-9ec5-a5e7af206541,2025-01-31 11:50:27.394497 UTC,text,hi-Latn,be6ee923-dbc5-4f98-b941-3ae962380a3a,7c0f7254-e675-4971-832c-514041bf40f0,gender_all_male,India
9c58dd05-b466-4268-93ea-3ee974121b0c,2025-01-31 11:49:57.205451 UTC,text,hi-Latn,be6ee923-dbc5-4f98-b941-3ae962380a3a,7c0f7254-e675-4971-832c-514041bf40f0,gender_all_male,India
41ba753f-0dfe-4045-8bab-e36a03390b2b,2025-01-31 11:49:04.369697 UTC,text,hi-Latn,be6ee923-dbc5-4f98-b941-3ae962380a3a,7c0f7254-e675-4971-832c-514041bf40f0,gender_all_male,India
94e8f888-42ef-4071-b023-7108a9427a37,2025-01-31 11:51:12.027922 UTC,text,hi-Latn,be6ee923-dbc5-4f98-b941-3ae962380a3a,7c0f7254-e675-4971-832c-514041bf40f0,gender_all_male,India
acde8f5c-005e-4e06-a33b-17599668f47a,2025-01-31 11:51:47.17208 UTC,text,hi-Latn,be6ee923-dbc5-4f98-b941-3ae962380a3a,7c0f7254-e675-4971-832c-514041bf40f0,gender_all_male,India
17caf6ee-b093-4e32-87f2-c03034b89c0e,2025-06-12 08:36:42.363405 UTC,text,en,f158fe39-7540-47da-a84c-701b34d37709,61ec5894-2e12-4bbb-9b35-7eae9ce36bfe,,Kenya
21115bd7-a2b3-46f1-bfa0-6c2403010199,2025-06-12 08:37:56.614258 UTC,text,en,f158fe39-7540-47da-a84c-701b34d37709,61ec5894-2e12-4bbb-9b35-7eae9ce36bfe,,Kenya
3b68e7c3-0066-47eb-b36d-431a675f0bab,2025-06-12 08:38:30.42469 UTC,text,en,f158fe39-7540-47da-a84c-701b34d37709,61ec5894-2e12-4bbb-9b35-7eae9ce36bfe,,Kenya
c06fe16a-5793-4b3a-8468-adbf51686659,2026-08-27 07:31:22.210705 UTC,text,en,7f67e22b-03a4-4cad-941d-9113ac70cd62,ffc294fb-5463-44e9-aa55-b9d896df7193,,Kenya
f518a5b6-d69b-4285-bd16-b65168b9e8db,2026-07-01 18:02:24.197195 UTC,text,hi,712f0ccb-8444-4125-b3d8-0e2662120c7b,94094fc2-1f19-4787-8e89-6313836d95c3,,India
b552ad80-c842-462e-8a63-a7746bf66961,2026-07-01 18:01:36.744443 UTC,text,hi,712f0ccb-8444-4125-b3d8-0e2662120c7b,94094fc2-1f19-4787-8e89-6313836d95c3,,India
797303eb-882d-4d8b-a9ac-5810af1a7f5b,2025-08-10 09:57:22.36191 UTC,text,sw,6cb4bc75-ecc0-4734-8469-1ca75f62be01,61ec5894-2e12-4bbb-9b35-7eae9ce36bfe,,Kenya
a9d3b762-ba6a-49e2-8084-3dc54ff35603,2026-02-19 14:43:47.670414 UTC,text,en,aedc824e-e497-4bd6-9155-109412c51146,61ec5894-2e12-4bbb-9b35-7eae9ce36bfe,,Kenya
62f0f4dd-3990-4e91-b05c-f3564d5e3ba7,2026-06-03 15:20:09.381855 UTC,text,en,aedc824e-e497-4bd6-9155-109412c51146,61ec5894-2e12-4bbb-9b35-7eae9ce36bfe,,Kenya
270ead3b-dbd0-4c6a-9b02-914591711409,2026-08-27 07:16:25.145903 UTC,text,en,ae107bb3-7d80-4659-b7cd-17d3f9e41b13,ffc294fb-5463-44e9-aa55-b9d896df7193,,Kenya
29e507fe-8877-4c05-b4cd-857202f07807,2026-08-28 10:33:59.114706 UTC,text,en,ee68aa5e-443b-45a0-b2cc-717c7c841632,ffc294fb-5463-44e9-aa55-b9d896df7193,,Kenya
d7e02a72-d907-4eb5-9b0a-8cf1ecca72c9,2026-08-28 10:33:13.583832 UTC,voice,en,ee68aa5e-443b-45a0-b2cc-717c7c841632,ffc294fb-5463-44e9-aa55-b9d896df7193,,Kenya
38caa2dd-0d4c-4ad7-bdfc-3a4e67a1ebbc,2025-06-12 08:32:32.329165 UTC,text,en,72c6347b-cb40-47a6-a0c4-e89b6440aebb,61ec5894-2e12-4bbb-9b35-7eae9ce36bfe,,Kenya
3cfac877-4ca7-4dc5-bf0a-2caa2dd88bb6,2025-06-12 08:32:05.227476 UTC,text,en,72c6347b-cb40-47a6-a0c4-e89b6440aebb,61ec5894-2e12-4bbb-9b35-7eae9ce36bfe,,Kenya
9c2506c6-58e0-4f04-b3c4-6ad4f58592ee,2025-06-12 08:30:02.429254 UTC,text,en,72c6347b-cb40-47a6-a0c4-e89b6440aebb,61ec5894-2e12-4bbb-9b35-7eae9ce36bfe,,Kenya
08e2a47d-4b5b-4ace-9a2b-03b7830c37e8,2025-06-12 08:30:34.01372 UTC,text,en,72c6347b-cb40-47a6-a0c4-e89b6440aebb,61ec5894-2e12-4bbb-9b35-7eae9ce36bfe,,Kenya
9cf634bf-8851-4703-9e1f-2b7bc6d64637,2025-06-12 08:31:48.714552 UTC,text,en,72c6347b-cb40-47a6-a0c4-e89b6440aebb,61ec5894-2e12-4bbb-9b35-7eae9ce36bfe,,Kenya
20f765a7-d1af-4840-8d4e-c3dc927630e8,2025-06-12 08:31:06.449781 UTC,text,en,72c6347b-cb40-47a6-a0c4-e89b6440aebb,61ec5894-2e12-4bbb-9b35-7eae9ce36bfe,,Kenya
c92e80b9-7f02-4225-b793-7362c72f17c0,2025-06-12 08:29:47.447804 UTC,text,en,72c6347b-cb40-47a6-a0c4-e89b6440aebb,61ec5894-2e12-4bbb-9b35-7eae9ce36bfe,,Kenya
a14fb512-8bae-4200-b3d0-660a88b7eb5c,2025-06-12 08:29:18.345338 UTC,text,en,72c6347b-cb40-47a6-a0c4-e89b6440aebb,61ec5894-2e12-4bbb-9b35-7eae9ce36bfe,,Kenya
54d6da2a-1593-4ed3-9375-853e021fb22d,2025-06-12 08:30:16.860788 UTC,text,en,72c6347b-cb40-47a6-a0c4-e89b6440aebb,61ec5894-2e12-4bbb-9b35-7eae9ce36bfe,,Kenya
be86c743-7e05-4cbc-a693-860e81e2dc21,2025-06-12 08:29:33.227555 UTC,text,en,72c6347b-cb40-47a6-a0c4-e89b6440aebb,61ec5894-2e12-4bbb-9b35-7eae9ce36bfe,,Kenya
162ff8fc-dde5-4946-92c7-9b9248bcb5e3,2025-06-12 08:31:28.638263 UTC,text,en,72c6347b-cb40-47a6-a0c4-e89b6440aebb,61ec5894-2e12-4bbb-9b35-7eae9ce36bfe,,Kenya
968c0ba3-9674-4e5e-94d0-9e7f0fba7955,2025-06-12 08:30:52.440723 UTC,text,en,72c6347b-cb40-47a6-a0c4-e89b6440aebb,61ec5894-2e12-4bbb-9b35-7eae9ce36bfe,,Kenya
fe4f7933-39dd-4fc4-bc1a-92f19eea34fd,2025-10-17 10:51:02.36726 UTC,text,en,60ba172e-5b3d-4996-8aa8-39a5388bd92b,61ec5894-2e12-4bbb-9b35-7eae9ce36bfe,,Kenya
b6a4ded3-0180-449c-b1b4-86c2ae031966,2025-08-30 18:03:31.774188 UTC,text,en,4d0be5d4-cf2b-4ef9-bc9f-23518d67a4c4,61ec5894-2e12-4bbb-9b35-7eae9ce36bfe,,Kenya
78068b3b-2310-4f61-a425-8948d3b78b1e,2026-08-27 07:17:28.462776 UTC,text,en,add4a7d8-dff8-492e-8933-51086769ab81,ffc294fb-5463-44e9-aa55-b9d896df7193,,Kenya
c3e33b19-589b-488a-8317-edaf8e446b0c,2025-08-10 09:54:48.118128 UTC,text,en,66841363-ac20-4649-b803-9506971a110c,61ec5894-2e12-4bbb-9b35-7eae9ce36bfe,,Kenya
59fb66a6-67b5-4164-b270-e65f7b7981b6,2025-01-31 12:49:31.199081 UTC,text,en,42b50fcf-9d6f-47f7-829f-0155a478d4b7,7c0f7254-e675-4971-832c-514041bf40f0,gender_all_male,India
dfc38550-2581-4002-84f2-5b8b004a4093,2025-06-21 14:13:51.33097 UTC,text,en,90cfcc2c-9f93-4aae-935b-31181ede1430,61ec5894-2e12-4bbb-9b35-7eae9ce36bfe,,Kenya
9f330469-2c0a-478e-92cf-9147afc17aa5,2026-07-03 17:20:08.528658 UTC,text,hi,db24d19c-dd18-43e2-8293-d0a6e6c8675a,94094fc2-1f19-4787-8e89-6313836d95c3,,India
b67a9d72-7c28-44ad-8990-03edb48735d5,2025-02-05 03:51:56.367342 UTC,text,en,3bf5e25f-43e4-476b-af08-5855eddd4fbc,4a067989-0b1d-4f55-8da3-fbd6c510136f,gender_all_male,India
14583739-5768-43be-aa30-7303127be085,2026-07-20 14:25:39.613053 UTC,text,,b77b9a47-e6e8-41b4-9a6e-89880a375f74,39f49376-02c2-4460-9b0b-16938974241b,gender_all_male,India
d93ebb27-c79d-4773-8d65-b9057332bd26,2026-04-16 16:32:43.135262 UTC,text,en,d46b1c3d-c28a-44db-b8d9-8a3a86083277,39f49376-02c2-4460-9b0b-16938974241b,gender_all_male,India
db21acbd-79c2-424a-82ed-85de0315abb4,2025-02-05 03:53:14.514968 UTC,text,en,8a990769-e293-4f3b-beae-f589b6a7ff41,4a067989-0b1d-4f55-8da3-fbd6c510136f,gender_all_male,India
95bf012e-6953-43e1-92e1-b474440e943e,2026-05-21 07:19:05.402759 UTC,text,en,d830c5aa-522b-4393-9830-36843bc501e9,88dba38e-205e-4973-aed9-86dd8ee85f6d,,Kenya
8925a8f8-e48d-47fc-a305-3e825509c61c,2026-05-21 07:21:42.552461 UTC,text,en,d830c5aa-522b-4393-9830-36843bc501e9,88dba38e-205e-4973-aed9-86dd8ee85f6d,,Kenya
b72c8a33-b34f-400c-872f-d8f461919a0b,2026-05-21 07:06:43.225584 UTC,text,en,d830c5aa-522b-4393-9830-36843bc501e9,88dba38e-205e-4973-aed9-86dd8ee85f6d,,Kenya
07a82654-1c36-4b67-add0-6103b0b1460d,2025-02-05 03:52:45.812709 UTC,text,en,781f7c36-bf05-4b32-8973-23865a2e29ba,4a067989-0b1d-4f55-8da3-fbd6c510136f,gender_all_male,India
71576bed-daf3-48ba-8450-35c5cf092aca,2025-02-05 03:52:12.694755 UTC,text,en,e435335b-7cc9-4f15-8552-0cee77857803,4a067989-0b1d-4f55-8da3-fbd6c510136f,gender_all_male,India
eee27a07-9e6f-4f7a-a555-dfe0a20f9eb6,2026-04-30 07:56:14.216823 UTC,text,kn,80677d6b-abf1-4854-9768-e9a2186e0cd6,39f49376-02c2-4460-9b0b-16938974241b,gender_all_male,India
d53d0ba0-c43b-4689-a614-ca8affa88416,2025-02-15 02:16:36.961241 UTC,text,en,fe47d6a8-43b9-452e-ad86-d6c6fd8da5ae,4a067989-0b1d-4f55-8da3-fbd6c510136f,gender_all_male,India
5133569d-c78e-48c4-b96e-42ff7c6a1aa4,2025-02-05 03:53:49.102466 UTC,text,en,449c102f-0b22-43b8-aa5b-12b9d1fcc575,4a067989-0b1d-4f55-8da3-fbd6c510136f,gender_all_male,India
7a42b555-8102-492c-a20f-751bbdbc687a,2025-02-05 03:53:00.127032 UTC,text,en,6b7d5b2b-1bf6-4749-8396-2b001cb771de,4a067989-0b1d-4f55-8da3-fbd6c510136f,gender_all_male,India
d6f0a09f-fd83-4641-9ede-3e577c17eda8,2026-01-25 18:58:30.951124 UTC,text,sw,79cb373a-6b8b-4482-a1ca-677a8a6d35f9,37878bf8-383e-449e-9e3d-f925b82d81af,,Kenya
5818983f-3f7d-44d9-bdad-67a2fc46f725,2026-05-11 07:12:58.125917 UTC,text,kn,883e6fc9-bd06-444c-a70c-6c02b53f66bf,39f49376-02c2-4460-9b0b-16938974241b,gender_all_male,India
2c93b74a-c2c0-43b6-8558-351db7a8b62c,2026-05-11 07:15:33.356793 UTC,text,kn,883e6fc9-bd06-444c-a70c-6c02b53f66bf,39f49376-02c2-4460-9b0b-16938974241b,gender_all_male,India
8e96d690-87de-4c86-a956-aba87e2a5c96,2025-02-05 03:53:30.714247 UTC,text,en,8a8a6bcb-5ee0-4511-b69c-6332cf49a2d6,4a067989-0b1d-4f55-8da3-fbd6c510136f,gender_all_male,India
7d696397-46fd-419d-93a0-ffa3e945f727,2026-02-22 14:08:35.601372 UTC,text,kn,971e06ea-315e-44c0-a827-401bdfdbaced,39f49376-02c2-4460-9b0b-16938974241b,gender_all_male,India
4d8d916d-23c6-4daa-a4cf-febb099005a1,2026-04-14 02:28:41.388897 UTC,text,kn,71b0e54c-b6b6-4693-aea7-10527d3bd4bd,39f49376-02c2-4460-9b0b-16938974241b,gender_all_male,India
10a9648d-6aeb-44a2-8d31-8a61f171b904,2025-02-15 02:16:58.526912 UTC,text,en,2224add8-f6a6-4976-b5ec-f91c076bc7ac,4a067989-0b1d-4f55-8da3-fbd6c510136f,gender_all_male,India
cf1c72fe-989c-4f40-91ed-0b9aa18028c7,2025-02-15 02:16:31.231496 UTC,text,en,6d4112f1-e552-49d1-80ce-b3910d28c207,4a067989-0b1d-4f55-8da3-fbd6c510136f,gender_all_male,India
3bc9eb9d-176a-4afd-8441-eb33a5da394d,2025-02-05 03:52:26.438635 UTC,text,en,bb3d13d0-fee2-467c-8541-d34e6beea880,4a067989-0b1d-4f55-8da3-fbd6c510136f,gender_all_male,India
6f48c48f-e87c-462e-9645-32a53b905a28,2025-02-05 03:51:39.125491 UTC,text,en,ddf50ea8-73fc-47ba-acec-142c5eca3989,4a067989-0b1d-4f55-8da3-fbd6c510136f,gender_all_male,India
88404137-8d08-430a-926f-75a44e7c0487,2026-04-04 14:35:40.229505 UTC,text,en,8382b1e1-1b4f-4e64-a498-486aa2f323db,39f49376-02c2-4460-9b0b-16938974241b,gender_all_male,India
16022549-76c1-4084-a4bb-56b0fe64b1bf,2025-02-15 02:26:53.978867 UTC,text,en,1c955204-450d-4c4c-83ab-9a655c7cf46a,4a067989-0b1d-4f55-8da3-fbd6c510136f,gender_all_male,India
c9d14643-b22c-41b2-95da-3259604653e2,2026-01-25 18:55:25.512374 UTC,text,sw,2f4f9abc-0183-4421-abf1-fbb9e2f9bd69,37878bf8-383e-449e-9e3d-f925b82d81af,,Kenya
249192d2-14c3-4f7c-b046-a87d8631d202,2026-01-25 18:56:15.952527 UTC,text,sw,2f4f9abc-0183-4421-abf1-fbb9e2f9bd69,37878bf8-383e-449e-9e3d-f925b82d81af,,Kenya
930b383d-1f9d-4ba9-98ca-8f534fbad735,2026-01-25 18:57:26.279238 UTC,text,sw,2f4f9abc-0183-4421-abf1-fbb9e2f9bd69,37878bf8-383e-449e-9e3d-f925b82d81af,,Kenya
747076a3-2209-4283-8e0a-597398cdac10,2025-02-05 03:52:29.682429 UTC,text,en,5ea50308-d0e0-4fa0-91a3-858137914e9c,4a067989-0b1d-4f55-8da3-fbd6c510136f,gender_all_male,India
151dcfa1-52b2-42a8-8cd6-a682328ae0d7,2025-02-15 02:16:51.460374 UTC,text,en,f0de13f0-3bc4-4183-a24c-23ed890ba16f,4a067989-0b1d-4f55-8da3-fbd6c510136f,gender_all_male,India
b133af29-14d5-4bc9-b688-b531da4e7479,2026-03-12 01:57:40.57517 UTC,text,kn,78936485-d6cc-43e2-95d1-ed93dff2cf83,39f49376-02c2-4460-9b0b-16938974241b,gender_all_male,India
c5c6c1fd-00c6-4de4-bc21-4bcf874d151d,2026-03-03 13:31:22.416682 UTC,text,en,5c0beb44-174d-4bbd-8b75-469c95b06610,39f49376-02c2-4460-9b0b-16938974241b,gender_all_male,India
9f0c1499-6fb2-49da-ae8b-0a97e6bc0e58,2025-11-16 10:56:24.589063 UTC,text,am,67148d93-6db9-438f-acf4-5650d882f0ba,24b61da8-981f-4e0f-a5d5-0faad1ee4853,gender_all_male,Ethiopia
1f692e76-98ff-41f3-9c7f-0b31fd008373,2025-02-15 02:16:23.782626 UTC,text,en,a3cf3d7c-f066-4bee-bb2a-db01e384e687,4a067989-0b1d-4f55-8da3-fbd6c510136f,gender_all_male,India
a7db21c6-fb40-44a8-a952-ff39abd98fa6,2026-02-22 12:44:35.244639 UTC,voice,kn,04c7f4f8-294f-43e9-8aca-a15485708a82,39f49376-02c2-4460-9b0b-16938974241b,gender_all_male,India
27c1285a-dd63-419c-9a01-bd5827a123f3,2026-02-22 13:09:57.641012 UTC,text,kn,04c7f4f8-294f-43e9-8aca-a15485708a82,39f49376-02c2-4460-9b0b-16938974241b,gender_all_male,India
ab8dcab5-8b61-4b02-bd73-fa3df4b23ad5,2026-07-18 16:01:10.198835 UTC,text,en,7150780a-24ee-40b7-8ee6-3a07c71aef31,39f49376-02c2-4460-9b0b-16938974241b,gender_all_male,India
0a7f4b30-90d1-496f-be3a-900044fa8abd,2026-02-21 17:02:26.269763 UTC,image,,cbbddc5b-a7cd-4bb9-80a4-9d688c7dadd2,39f49376-02c2-4460-9b0b-16938974241b,gender_all_male,India
7ee8e800-ae6a-404d-817b-3050dc5f1eb3,2025-02-15 02:26:39.5112 UTC,text,en,65a702b6-ef5c-4877-9292-7ef1c5caa22d,4a067989-0b1d-4f55-8da3-fbd6c510136f,gender_all_male,India
11a0ac71-bd79-4ad2-9d92-f2420601faaa,2026-07-16 10:20:08.462176 UTC,text,am,ca64b487-dee5-4518-adef-b12c87826449,ba987564-1fed-43ed-a244-2bf41d9070bf,gender_all_female,Ethiopia
ab7fee0e-e770-45b7-83ad-8379e8a3abee,2026-07-19 19:39:56.853327 UTC,text,am,27b9c752-8a19-4bb9-a618-3d1a62cbaa3c,ba987564-1fed-43ed-a244-2bf41d9070bf,gender_all_female,Ethiopia
589295c9-1709-41c7-a3b1-35c6b6e460b7,2026-07-19 19:39:26.503791 UTC,text,am,27b9c752-8a19-4bb9-a618-3d1a62cbaa3c,ba987564-1fed-43ed-a244-2bf41d9070bf,gender_all_female,Ethiopia
f4eb2771-647c-412e-a341-238fea62877e,2026-07-16 09:29:29.758211 UTC,text,am,c9414ee3-531c-45a4-bd3f-c652eb7ebec0,ba987564-1fed-43ed-a244-2bf41d9070bf,gender_all_female,Ethiopia
c26cf6bd-90c4-49c5-b4af-786b192f8026,2026-03-09 13:31:42.224017 UTC,text,en,b6f5a7f7-e37b-4808-bfaa-0d06621be0a4,7ac4b779-ca2f-48de-8c98-307ac4716184,,Nigeria
e7b5a194-972b-45e3-8c0f-140b9d365a5e,2026-07-14 18:13:22.871816 UTC,image,,13b11d76-751e-4b32-a587-3c5de3c0a029,c863b039-95bf-4f42-aa23-5c2427c2fff2,gender_all_male,Nigeria
421b9b5a-f0d4-4e0e-b081-7705eb522fa1,2026-07-14 18:09:49.419532 UTC,voice,en,13b11d76-751e-4b32-a587-3c5de3c0a029,c863b039-95bf-4f42-aa23-5c2427c2fff2,gender_all_male,Nigeria
fdfbdc9a-2209-4d68-92ef-ed80fe5b8c92,2026-07-14 18:12:12.146671 UTC,image,,13b11d76-751e-4b32-a587-3c5de3c0a029,c863b039-95bf-4f42-aa23-5c2427c2fff2,gender_all_male,Nigeria
01c45e77-1648-4c88-89df-5bb3d8a1fe04,2026-07-14 18:14:39.820409 UTC,text,en,13b11d76-751e-4b32-a587-3c5de3c0a029,c863b039-95bf-4f42-aa23-5c2427c2fff2,gender_all_male,Nigeria
0b8321eb-5bbd-47f1-949e-6c2ec0914806,2026-04-16 13:54:56.593058 UTC,text,en,27a09aa9-bff3-4f6a-b2a4-741f1e111b9d,7ac4b779-ca2f-48de-8c98-307ac4716184,,Nigeria
843ef477-d7b8-449f-adbb-87c53d7b25f1,2026-03-09 10:12:05.927109 UTC,text,en,64ae3c09-0ffa-4ea9-8f7b-1cfe288c0868,7ac4b779-ca2f-48de-8c98-307ac4716184,,Nigeria
40c2acb3-6c2c-4ff6-b46d-695c2f483719,2026-04-02 10:34:46.103402 UTC,text,en,4ef3321e-2942-46a5-93c1-f23b0c8d7211,7ac4b779-ca2f-48de-8c98-307ac4716184,,Nigeria
6c81e314-1349-43bb-8e0c-096142f64789,2026-05-15 16:39:47.139866 UTC,text,en,2ac4d6d5-8586-428e-be0e-cef5d5d4b88e,7ac4b779-ca2f-48de-8c98-307ac4716184,,Nigeria
e0d391d1-d127-4987-ada3-09b230384e0b,2026-01-10 16:47:58.070396 UTC,text,en,7623decf-4bc6-4b80-a326-343662a3fa00,7ac4b779-ca2f-48de-8c98-307ac4716184,,Nigeria
3d434377-537d-41eb-9ee1-f9de3be849fc,2026-03-10 15:18:15.454505 UTC,text,en,c57d5d26-b64c-4e5d-b729-ca353ca74925,7ac4b779-ca2f-48de-8c98-307ac4716184,,Nigeria
10628c1a-ffe6-4d0f-bae1-a5b9fb3b2d54,2026-03-10 15:11:06.002781 UTC,text,en,c57d5d26-b64c-4e5d-b729-ca353ca74925,7ac4b779-ca2f-48de-8c98-307ac4716184,,Nigeria
8396b2ee-0a3f-487b-a54e-cecfc6a87478,2026-04-10 10:31:03.049919 UTC,text,en,01ccf1d9-b63a-42e9-ba4e-c2b69a84c03f,7ac4b779-ca2f-48de-8c98-307ac4716184,,Nigeria
950732fb-81e9-4799-a332-9b157694c43f,2026-03-03 02:31:41.786757 UTC,image,,976c27b1-c703-44c0-bc3c-a1bda1494526,41f67a8c-6347-4c2d-8f4b-f3d981eeb9c4,,India
7aad470e-d798-466d-9bad-db95d23e3401,2026-05-26 14:06:56.84134 UTC,text,en,436991df-9b31-4015-bada-8d182a92d2a8,7ac4b779-ca2f-48de-8c98-307ac4716184,,Nigeria
f0dffc9a-d63a-4be9-b720-26b4dfac1be6,2026-04-10 13:32:05.695877 UTC,text,en,01d76d48-138a-4171-9801-8bbfbf3d843b,7ac4b779-ca2f-48de-8c98-307ac4716184,,Nigeria
a61cbd6f-fdc4-463e-8326-e92fb93e0237,2026-03-10 15:18:20.022348 UTC,text,en,543369eb-e2e8-44e6-9e53-2e87548d5ead,7ac4b779-ca2f-48de-8c98-307ac4716184,,Nigeria
5238d317-a1c2-4214-b16c-fbb5f71d4b92,2026-03-03 02:34:18.335667 UTC,image,,8b3812ff-1858-42cb-8815-f7a8207db637,41f67a8c-6347-4c2d-8f4b-f3d981eeb9c4,,India
7035d340-e818-437e-b222-2188ad0caa50,2025-10-14 12:16:50.181217 UTC,text,en,866057ff-31ca-40ea-90f9-1bd62d6bdb6b,2343f3ee-a38d-4110-bfdb-0ce4ab064bd8,gender_all_male,Kenya
1a51cc1f-57f2-48f7-9156-5cc9f5e8b857,2026-07-15 14:38:42.125335 UTC,text,,ed1ddf1c-de3c-4b27-b345-3e388edd890a,7fe052fe-154e-4169-b984-ebe60f395325,gender_all_male,India
8d99f182-0039-4f0e-8476-90dc2892ac9a,2026-05-01 05:39:31.233265 UTC,text,en,e1d488a2-1c44-43c1-aaf5-3bb9fb627ed2,2343f3ee-a38d-4110-bfdb-0ce4ab064bd8,gender_all_male,Kenya
ac02a0db-7f30-4859-b0b2-0e1ea58c2a87,2026-05-18 13:27:23.52321 UTC,text,en,11da0777-0adf-4705-9533-a920b2fe4f8b,2343f3ee-a38d-4110-bfdb-0ce4ab064bd8,gender_all_male,Kenya
f9f1933d-8fc5-4472-8a3a-9820c0a048e4,2025-02-23 06:22:32.950201 UTC,text,en,d8cc8aad-7343-4ff8-98ab-06ba774b53d3,2343f3ee-a38d-4110-bfdb-0ce4ab064bd8,gender_all_male,Kenya
d6792723-1e07-417e-b788-2bc27c062a27,2025-02-23 06:20:23.688037 UTC,text,en,d8cc8aad-7343-4ff8-98ab-06ba774b53d3,2343f3ee-a38d-4110-bfdb-0ce4ab064bd8,gender_all_male,Kenya
27ad4588-fa5d-4c35-80ea-b8058583c911,2026-06-19 09:59:13.451382 UTC,text,hi,1ccae49e-a2f1-4071-a9de-4d9028b084c4,68a56ab1-8eb8-454f-af02-0c254bd6a82d,,India
6d6d18a3-fee5-4956-824c-0062105a075a,2026-05-26 09:39:07.452299 UTC,image,,afc9e6ff-eef4-4e17-9531-16cbf3d6fe0b,10aff9c2-40fa-4042-8e54-6e6b96de7d83,,India
ba19bd62-0af8-4645-8eaa-36f7b5199a59,2025-06-04 19:43:56.74653 UTC,text,en,225b021a-a304-4a0a-b58a-d1235384a9b9,2343f3ee-a38d-4110-bfdb-0ce4ab064bd8,gender_all_male,Kenya
e689685d-d762-4cb2-ba48-0786511ab238,2025-01-31 11:20:39.166453 UTC,voice,hi,14a9a5c1-4c21-417b-b97f-b4f999f2810b,7fe052fe-154e-4169-b984-ebe60f395325,gender_all_male,India
d43f61ed-5ecf-4000-8c8d-2bd761869cc6,2025-01-31 11:21:09.270571 UTC,text,hi,14a9a5c1-4c21-417b-b97f-b4f999f2810b,7fe052fe-154e-4169-b984-ebe60f395325,gender_all_male,India
0b8f758f-6d4c-4846-8f20-1bec26fd6b3d,2026-08-29 08:12:27.971423 UTC,text,am,7b0ef205-6a22-46f8-b6bb-39449100e5a2,22185c24-3b48-4df3-9d64-3ea8e7a5bf6e,gender_all_male,Ethiopia
7a020a53-171a-4485-9c9c-32efe4d210c8,2025-01-31 11:17:42.152668 UTC,text,hi,6d74d3ad-8ea1-47d5-af10-08565cc39bd3,7fe052fe-154e-4169-b984-ebe60f395325,gender_all_male,India
7bc8e383-8b4f-45b5-9f45-8fec60ee03b3,2025-01-31 11:15:27.545578 UTC,voice,hi,6d74d3ad-8ea1-47d5-af10-08565cc39bd3,7fe052fe-154e-4169-b984-ebe60f395325,gender_all_male,India
9f64eb30-60ee-4a57-985e-5b807fdf2bb2,2025-01-31 11:15:57.671851 UTC,text,hi,6d74d3ad-8ea1-47d5-af10-08565cc39bd3,7fe052fe-154e-4169-b984-ebe60f395325,gender_all_male,India
2f6c9a23-ae31-450a-9d43-a9cf6985833b,2025-01-31 11:16:47.64173 UTC,text,hi,6d74d3ad-8ea1-47d5-af10-08565cc39bd3,7fe052fe-154e-4169-b984-ebe60f395325,gender_all_male,India
5c2e18b2-3496-4384-9035-aafde9821380,2025-10-14 12:01:26.759043 UTC,text,en,ecaa5802-2255-423f-b566-ee54e12bb629,2343f3ee-a38d-4110-bfdb-0ce4ab064bd8,gender_all_male,Kenya
554eada8-00ea-4baf-81e1-138bac050944,2025-10-14 12:12:43.498612 UTC,text,en,ecaa5802-2255-423f-b566-ee54e12bb629,2343f3ee-a38d-4110-bfdb-0ce4ab064bd8,gender_all_male,Kenya
b71cb0a8-2eb5-4b30-be10-7afd56b8fb63,2025-10-14 12:15:55.847269 UTC,text,en,ecaa5802-2255-423f-b566-ee54e12bb629,2343f3ee-a38d-4110-bfdb-0ce4ab064bd8,gender_all_male,Kenya
65574502-b278-4d97-9623-dce01d2ee8d9,2025-10-14 12:14:09.191055 UTC,text,en,ecaa5802-2255-423f-b566-ee54e12bb629,2343f3ee-a38d-4110-bfdb-0ce4ab064bd8,gender_all_male,Kenya
a71c3dad-60fe-4227-8435-0bbc34b72441,2025-10-14 12:15:02.268681 UTC,text,en,ecaa5802-2255-423f-b566-ee54e12bb629,2343f3ee-a38d-4110-bfdb-0ce4ab064bd8,gender_all_male,Kenya
68c28fc1-e260-4a91-965d-1dc7d925fbde,2025-06-04 19:29:22.78256 UTC,text,en,14d30bed-4691-476c-ac69-bbce06855b94,2343f3ee-a38d-4110-bfdb-0ce4ab064bd8,gender_all_male,Kenya
fab5d346-2672-46b5-bbf2-e306c5f01f0b,2025-06-04 19:36:02.385875 UTC,text,en,14d30bed-4691-476c-ac69-bbce06855b94,2343f3ee-a38d-4110-bfdb-0ce4ab064bd8,gender_all_male,Kenya
4da66654-8699-4ae9-a38f-c886ea70ad69,2025-06-04 19:39:59.726655 UTC,text,en,14d30bed-4691-476c-ac69-bbce06855b94,2343f3ee-a38d-4110-bfdb-0ce4ab064bd8,gender_all_male,Kenya
294e9f97-0783-44cb-9c07-fc9815f5b838,2025-06-04 19:33:10.87291 UTC,text,en,14d30bed-4691-476c-ac69-bbce06855b94,2343f3ee-a38d-4110-bfdb-0ce4ab064bd8,gender_all_male,Kenya
f87cba57-9664-4ecf-8c71-67be8c3938c1,2025-06-04 19:26:32.702328 UTC,text,en,14d30bed-4691-476c-ac69-bbce06855b94,2343f3ee-a38d-4110-bfdb-0ce4ab064bd8,gender_all_male,Kenya
2daa4c58-6700-4c60-8afb-e86de2bedce2,2026-06-19 09:59:49.012932 UTC,text,hi-Latn,7952b4a2-5b95-425d-820a-798d9603a08c,68a56ab1-8eb8-454f-af02-0c254bd6a82d,,India
96f24d13-e338-4a4a-ad08-eba1e64e8764,2025-05-20 07:47:00.20154 UTC,text,en,fdb552a8-f370-499a-8296-b91ad4ffdae4,2343f3ee-a38d-4110-bfdb-0ce4ab064bd8,gender_all_male,Kenya
10d301bf-a671-421d-9fdc-22b96625561b,2026-05-01 05:49:34.353084 UTC,text,en,63c97a57-6dd1-4616-9f8c-17d844886667,2343f3ee-a38d-4110-bfdb-0ce4ab064bd8,gender_all_male,Kenya
f609f03d-10c5-4afb-b69c-f7e4ba31d030,2025-04-26 06:17:51.109213 UTC,voice,hi,95b15f38-693d-499e-8500-ffe4ef56c76f,8f895622-1bf2-441a-9b19-ac783150ff40,gender_all_female,India
491d0aff-5508-494c-bd3c-ffad31586159,2026-07-11 21:20:59.958009 UTC,text,am,0498e81d-ad5c-4b9c-a725-9a04e45daf23,90655538-217b-4500-b4b2-870c6947e36d,gender_all_prefer_not_to_say,Ethiopia
a971b7a5-7396-4b87-b857-5cad44cbecb4,2026-01-18 16:40:02.045727 UTC,text,en,d75c33cd-1017-4a6c-85fe-5e4920ec0962,df9441a2-e541-45af-a2d9-ec691a53559e,,India
a49d618c-ce84-43a1-9fef-4e525e7856b8,2026-01-18 16:42:17.253881 UTC,text,te,d75c33cd-1017-4a6c-85fe-5e4920ec0962,df9441a2-e541-45af-a2d9-ec691a53559e,,India
4afd8213-69bb-45e0-b299-18a302a3936e,2026-07-29 06:44:28.432927 UTC,voice,hi,3b3c2e29-314e-49f9-8065-4fba40c56f8d,87fc4a92-6491-4919-b9e8-c6aaf9fddf7c,,India
91aed621-d424-40ab-b523-72ef36d67565,2026-07-29 06:45:50.920308 UTC,voice,hi,3b3c2e29-314e-49f9-8065-4fba40c56f8d,87fc4a92-6491-4919-b9e8-c6aaf9fddf7c,,India
110f4c9d-091b-4cff-a7d5-f9f017a2f4a8,2026-07-29 06:47:31.712436 UTC,image,,3b3c2e29-314e-49f9-8065-4fba40c56f8d,87fc4a92-6491-4919-b9e8-c6aaf9fddf7c,,India
69329998-006c-4bce-a8ca-3d6a548460b7,2026-07-11 21:27:41.490383 UTC,image,,2aece5dc-ae82-4233-b00f-1fb798eec062,90655538-217b-4500-b4b2-870c6947e36d,gender_all_prefer_not_to_say,Ethiopia
1b5bf1c1-e863-43e5-ac55-5f9c10fbf6d3,2025-05-16 08:28:43.515542 UTC,text,hi,b5e7fb86-88e8-4053-a7fc-b433b5f90a19,8f895622-1bf2-441a-9b19-ac783150ff40,gender_all_female,India
a59249a9-8434-481a-bc06-cfe09971d13c,2026-05-19 09:48:16.1414 UTC,text,en,a8a54b0b-6030-444e-b259-5d7ea26e4364,a894f0f7-f17b-4759-b352-5aa8271fc17d,gender_all_male,Kenya
1257502c-c063-4a4f-94b7-8ed1fa405780,2026-07-29 06:42:05.578155 UTC,voice,hi,1a726f45-fdc1-4030-a27f-f0ea4dd93e27,87fc4a92-6491-4919-b9e8-c6aaf9fddf7c,,India
832eef50-1fca-4edc-8aef-71bc3c24b031,2026-07-29 06:41:38.79677 UTC,text,hi,1a726f45-fdc1-4030-a27f-f0ea4dd93e27,87fc4a92-6491-4919-b9e8-c6aaf9fddf7c,,India
a84063ee-50e9-4a30-a751-10b2a4b30fd3,2026-07-29 06:43:10.242555 UTC,text,hi,1a726f45-fdc1-4030-a27f-f0ea4dd93e27,87fc4a92-6491-4919-b9e8-c6aaf9fddf7c,,India
4ce008bb-d9e9-485b-b216-c8bd49040ec5,2026-07-29 06:48:09.990734 UTC,voice,hi,ec8dfad5-71e4-4ac7-9ec3-0b0dfe6ec028,87fc4a92-6491-4919-b9e8-c6aaf9fddf7c,,India
c7c8cab5-ce0f-4c1b-9f5b-d14fe3a28058,2026-07-29 06:54:10.322252 UTC,voice,hi,ec8dfad5-71e4-4ac7-9ec3-0b0dfe6ec028,87fc4a92-6491-4919-b9e8-c6aaf9fddf7c,,India
5035a3c1-afc1-4bc1-b4db-e1f8ae567b17,2026-07-29 06:52:24.398481 UTC,voice,hi,ec8dfad5-71e4-4ac7-9ec3-0b0dfe6ec028,87fc4a92-6491-4919-b9e8-c6aaf9fddf7c,,India
1d01b865-57dc-4fff-b6c1-b862ebaeb36e,2026-07-29 06:50:27.954387 UTC,voice,hi,ec8dfad5-71e4-4ac7-9ec3-0b0dfe6ec028,87fc4a92-6491-4919-b9e8-c6aaf9fddf7c,,India
a6a6acef-de28-4ab5-93ef-2156f486c37d,2026-07-29 06:55:35.080723 UTC,voice,hi,ec8dfad5-71e4-4ac7-9ec3-0b0dfe6ec028,87fc4a92-6491-4919-b9e8-c6aaf9fddf7c,,India
392c7cc3-08be-40bc-8ebc-294f6084c234,2026-01-18 16:43:01.702493 UTC,text,te,e5165fea-993c-444e-8985-4e93a2f7f2b0,df9441a2-e541-45af-a2d9-ec691a53559e,,India
5801ad20-7712-4d8b-92d8-62e040c51566,2026-01-18 16:46:41.489906 UTC,text,te,e5165fea-993c-444e-8985-4e93a2f7f2b0,df9441a2-e541-45af-a2d9-ec691a53559e,,India
9e27ccf7-79f5-443f-b71d-dec3f81719e0,2026-01-18 16:44:34.474646 UTC,text,te,e5165fea-993c-444e-8985-4e93a2f7f2b0,df9441a2-e541-45af-a2d9-ec691a53559e,,India
90ce2944-b9b3-4774-901f-5e38301a06fe,2026-01-18 16:47:40.906899 UTC,text,te,e5165fea-993c-444e-8985-4e93a2f7f2b0,df9441a2-e541-45af-a2d9-ec691a53559e,,India
043782df-0aa4-4c3a-a793-d723d992d2a4,2026-07-11 21:34:16.475685 UTC,text,am,0968f008-b246-4340-82b6-36bf68142de9,90655538-217b-4500-b4b2-870c6947e36d,gender_all_prefer_not_to_say,Ethiopia
6b1d0083-5972-40be-b6e2-674ed406d3e4,2026-07-11 21:53:35.729493 UTC,voice,am,b4817fa3-7c98-41a5-a401-999130e4fc34,90655538-217b-4500-b4b2-870c6947e36d,gender_all_prefer_not_to_say,Ethiopia
ad4e1b2d-249b-41cc-b1c8-a13e26fcdbed,2026-07-11 21:41:56.406769 UTC,text,am,b4817fa3-7c98-41a5-a401-999130e4fc34,90655538-217b-4500-b4b2-870c6947e36d,gender_all_prefer_not_to_say,Ethiopia
df98410b-a86a-4939-9921-0107c4f929ef,2026-07-11 21:54:14.886323 UTC,text,am,b4817fa3-7c98-41a5-a401-999130e4fc34,90655538-217b-4500-b4b2-870c6947e36d,gender_all_prefer_not_to_say,Ethiopia
e1e9d43a-6d74-4dbc-9761-aac7fd820648,2026-07-11 21:50:34.552962 UTC,voice,am,b4817fa3-7c98-41a5-a401-999130e4fc34,90655538-217b-4500-b4b2-870c6947e36d,gender_all_prefer_not_to_say,Ethiopia
c398b881-6f73-488a-933e-8875100029f0,2026-07-11 21:57:24.161289 UTC,voice,am,b4817fa3-7c98-41a5-a401-999130e4fc34,90655538-217b-4500-b4b2-870c6947e36d,gender_all_prefer_not_to_say,Ethiopia
d76a0959-d742-4a9d-9f7c-282dc71dc26e,2026-07-11 22:02:12.502858 UTC,text,am,b4817fa3-7c98-41a5-a401-999130e4fc34,90655538-217b-4500-b4b2-870c6947e36d,gender_all_prefer_not_to_say,Ethiopia
9d229e8a-5a43-49db-8ce0-b115dc27b100,2026-07-11 21:51:24.979106 UTC,voice,am,b4817fa3-7c98-41a5-a401-999130e4fc34,90655538-217b-4500-b4b2-870c6947e36d,gender_all_prefer_not_to_say,Ethiopia
3344b620-22b7-498a-aa97-6491ad8c72a5,2026-07-11 22:03:48.568485 UTC,text,am,54b46e43-6bd9-4a08-b1f8-bbc162e8fc0d,90655538-217b-4500-b4b2-870c6947e36d,gender_all_prefer_not_to_say,Ethiopia
32137111-7f3e-4552-9031-2a20aca5b4ed,2026-07-29 06:40:47.743167 UTC,text,hi,45437824-b575-449b-a409-9e7238cf3c4d,87fc4a92-6491-4919-b9e8-c6aaf9fddf7c,,India
4c1dc2da-b5ee-46d0-aa73-de082e4ad6f8,2026-07-29 06:48:15.789124 UTC,image,,654b6736-fb0f-4047-9d1e-693899d36f95,87fc4a92-6491-4919-b9e8-c6aaf9fddf7c,,India
05c6e4d5-51fd-43d8-8044-84a40538e11d,2025-04-24 10:16:24.483855 UTC,text,hi,cd7a5a34-be46-45af-8af5-af80c2f63c8e,8f895622-1bf2-441a-9b19-ac783150ff40,gender_all_female,India
f5e7ea1b-00d9-40da-94d1-64aa3bc53b1c,2026-07-11 21:27:20.297686 UTC,image,,a109dc4b-dc6a-4cff-860c-796c9c68d575,90655538-217b-4500-b4b2-870c6947e36d,gender_all_prefer_not_to_say,Ethiopia
88079279-7020-4afc-aea7-03e122786b77,2026-07-11 21:10:37.074461 UTC,image,,75e90f75-af7f-4286-bb05-19c8f37f909a,90655538-217b-4500-b4b2-870c6947e36d,gender_all_prefer_not_to_say,Ethiopia
d8c05112-36c6-4a4a-b4f5-ec82b4e359a2,2026-07-11 21:13:09.104782 UTC,voice,am,75e90f75-af7f-4286-bb05-19c8f37f909a,90655538-217b-4500-b4b2-870c6947e36d,gender_all_prefer_not_to_say,Ethiopia
673bf56d-9537-4eab-92c1-af7378e6032c,2026-07-11 21:17:58.95153 UTC,image,,75e90f75-af7f-4286-bb05-19c8f37f909a,90655538-217b-4500-b4b2-870c6947e36d,gender_all_prefer_not_to_say,Ethiopia
0ec4ea88-8904-4a44-b30f-e26e6d39a565,2026-07-11 21:15:04.909538 UTC,voice,am,75e90f75-af7f-4286-bb05-19c8f37f909a,90655538-217b-4500-b4b2-870c6947e36d,gender_all_prefer_not_to_say,Ethiopia
cfd12f66-58c1-47c1-b6a6-d05c7b425d6c,2026-07-11 21:24:09.55222 UTC,image,,1da2b5f9-bdcc-4cee-a7dc-a2e87698bb23,90655538-217b-4500-b4b2-870c6947e36d,gender_all_prefer_not_to_say,Ethiopia
21342648-ec91-4ff4-94f0-4c9450f8e5e4,2025-05-14 07:26:43.855309 UTC,text,hi,fb116b45-e6fb-4769-8865-fb5dce438ff2,8f895622-1bf2-441a-9b19-ac783150ff40,gender_all_female,India
41faf510-feb8-4da9-802f-0335165cbd2f,2026-07-11 21:07:19.574123 UTC,image,,97505352-211d-4828-87dd-cafd85a7fdf3,90655538-217b-4500-b4b2-870c6947e36d,gender_all_prefer_not_to_say,Ethiopia
f6a58f9f-5d8d-446e-9ee5-35e2286f2060,2026-07-11 21:32:09.555689 UTC,image,,97505352-211d-4828-87dd-cafd85a7fdf3,90655538-217b-4500-b4b2-870c6947e36d,gender_all_prefer_not_to_say,Ethiopia
10efb074-240e-427c-a239-181a427d1993,2026-07-29 06:43:27.267934 UTC,voice,hi,fcd556f9-2c97-47eb-b7b3-e46dc1eb60dd,87fc4a92-6491-4919-b9e8-c6aaf9fddf7c,,India
1dba784d-a166-4c38-a4e7-56dda3278375,2025-06-12 13:38:54.334813 UTC,text,und,5e4a3b85-1b7e-421a-93a8-4e3b620ce5e2,28c90fd7-2b0a-4c28-85d0-8e48ce2e6c33,,Ethiopia
ef6eeb8e-e2ae-4838-beb5-aa5a19457bb5,2025-06-12 13:38:30.424836 UTC,text,am,5e4a3b85-1b7e-421a-93a8-4e3b620ce5e2,28c90fd7-2b0a-4c28-85d0-8e48ce2e6c33,,Ethiopia
cc397104-0559-4a99-a7db-c4909d775543,2026-01-30 07:18:52.176114 UTC,text,hi,de9b406f-53cb-43bf-9707-da519042b96c,acd1e85b-2a12-46ac-9707-ae54da6dbda4,gender_all_male,India
09379cb8-e147-43c9-80d4-f075b406021b,2025-12-03 08:27:13.805625 UTC,text,hi,235c3a97-94af-43ad-9ee1-07d13c5b453e,acd1e85b-2a12-46ac-9707-ae54da6dbda4,gender_all_male,India
616ac98d-bb99-4339-bebd-9e2394a5ec2b,2025-10-04 07:10:03.388451 UTC,text,hi,8f794e8c-257f-4f2b-8c82-aacae4f942b6,db6afb65-ed39-4ab4-8d17-82144a5ecf4e,gender_all_male,India
95761310-758c-4f27-b3c0-d8118f2162fb,2026-03-27 15:48:55.032484 UTC,text,hi,56d4caa4-bf0e-4deb-b043-669cfed21942,acd1e85b-2a12-46ac-9707-ae54da6dbda4,gender_all_male,India
503c4170-e9b1-4f8e-ad8b-0bc870049ebe,2025-11-21 13:30:18.180561 UTC,text,hi,7e1bada3-3f03-4aa6-97e4-8d164600e2f5,acd1e85b-2a12-46ac-9707-ae54da6dbda4,gender_all_male,India
4ca4fa6d-ddff-48ad-8534-8c0cc83776d2,2025-06-12 13:39:20.417002 UTC,text,am,3b2a5fa2-f594-48ca-92a2-75620a4cd6c1,28c90fd7-2b0a-4c28-85d0-8e48ce2e6c33,,Ethiopia
66a8f3fc-69a1-4d8d-8f55-ccbca02fe09e,2025-12-01 09:25:44.821545 UTC,text,hi,e5370fb4-7a98-456d-b769-adfc431b09e0,acd1e85b-2a12-46ac-9707-ae54da6dbda4,gender_all_male,India
1aabd9b5-532b-4044-92df-d927725ea63f,2025-12-24 06:43:36.528462 UTC,text,hi,e90f210c-791c-428e-a806-c00d1b9195a5,acd1e85b-2a12-46ac-9707-ae54da6dbda4,gender_all_male,India
6f952f6a-f982-4fde-a77b-7da8b8b12ada,2025-06-12 13:35:05.083098 UTC,text,am,9fc8e4ed-4db5-4b9c-bd52-d3d97e7651e5,28c90fd7-2b0a-4c28-85d0-8e48ce2e6c33,,Ethiopia
012083db-f3e2-4ef4-9a04-e494708f69e5,2025-06-12 13:35:30.629959 UTC,text,und,9fc8e4ed-4db5-4b9c-bd52-d3d97e7651e5,28c90fd7-2b0a-4c28-85d0-8e48ce2e6c33,,Ethiopia
fad4c02f-7072-4e5e-83cc-1fcc8b224266,2025-06-12 13:35:51.128048 UTC,text,und,9fc8e4ed-4db5-4b9c-bd52-d3d97e7651e5,28c90fd7-2b0a-4c28-85d0-8e48ce2e6c33,,Ethiopia
a5b60069-a6ba-4f81-b1f7-1841f14abe85,2026-05-06 13:16:16.717348 UTC,text,en,1957fb14-51fc-435e-8e7f-8eddd3c466dd,b70962eb-e7f8-449e-8649-409dbc453918,gender_all_female,Kenya
02c59fd5-7e60-4a7a-bc7d-f863929a25a9,2026-01-30 07:18:07.175352 UTC,text,hi,f75beba5-c98a-4b38-8b59-7ac8fccdb307,acd1e85b-2a12-46ac-9707-ae54da6dbda4,gender_all_male,India
42a4fe8f-e17e-4c6b-a26e-0c29ee620866,2025-11-07 08:11:35.715441 UTC,text,hi,ced75c2e-25d8-42bf-ae68-43fd0b96b3ba,acd1e85b-2a12-46ac-9707-ae54da6dbda4,gender_all_male,India
e1f5a818-79f0-406a-aa86-b75560a9bc71,2025-11-07 08:13:50.671748 UTC,text,hi,ced75c2e-25d8-42bf-ae68-43fd0b96b3ba,acd1e85b-2a12-46ac-9707-ae54da6dbda4,gender_all_male,India
b6af0421-3a88-4335-90fa-80609eb9f395,2025-10-03 14:50:27.46647 UTC,voice,hi,11b3c185-ef33-40fe-ba8e-c7d780fc8338,db6afb65-ed39-4ab4-8d17-82144a5ecf4e,gender_all_male,India
9e6f5a08-6fa5-485e-9ceb-332587a711cd,2025-11-21 13:28:05.309617 UTC,text,hi,c3fe85ed-f09c-435e-a95b-d4ae0b041791,acd1e85b-2a12-46ac-9707-ae54da6dbda4,gender_all_male,India
fd4ffff4-cce6-4c72-ab4e-4b79b1939cb2,2026-03-19 23:47:28.604601 UTC,text,hi,c3d3e114-15ca-446e-9abf-ee7e00e1eb2b,acd1e85b-2a12-46ac-9707-ae54da6dbda4,gender_all_male,India
fe02c8dd-cf4e-431d-941b-05959db72338,2026-05-15 10:40:10.457208 UTC,text,hi,3f6b5309-c36c-4b7a-bad7-2c351daa1791,acd1e85b-2a12-46ac-9707-ae54da6dbda4,gender_all_male,India
ac5a6f1d-cd0a-4e3d-bc3a-6bf957bfe844,2026-05-15 10:42:22.962183 UTC,text,hi,3f6b5309-c36c-4b7a-bad7-2c351daa1791,acd1e85b-2a12-46ac-9707-ae54da6dbda4,gender_all_male,India
b1eb81d1-c21a-4723-bd91-3b58d212c0d5,2026-05-15 10:41:09.46694 UTC,text,hi,3f6b5309-c36c-4b7a-bad7-2c351daa1791,acd1e85b-2a12-46ac-9707-ae54da6dbda4,gender_all_male,India
afba33fe-52ef-466d-ac24-f5798742a6b6,2025-11-07 08:09:29.061342 UTC,text,hi,b570598b-89a2-4de7-a816-72fdb575b46a,acd1e85b-2a12-46ac-9707-ae54da6dbda4,gender_all_male,India
4700847f-9d3b-49ad-ad2c-3b39b07d47db,2025-11-21 13:29:28.412812 UTC,text,hi,f3ff1ecf-fae1-4882-8559-99bf6e0c9e8f,acd1e85b-2a12-46ac-9707-ae54da6dbda4,gender_all_male,India
e4b78bae-ad8d-4f90-aaab-db2a82147c25,2025-06-12 13:43:55.975463 UTC,text,und,f0f4de74-aeca-4e62-a3b7-40f94b2596bb,28c90fd7-2b0a-4c28-85d0-8e48ce2e6c33,,Ethiopia
b4c994f2-fd8c-4b9d-9934-904e4ee1f2fe,2025-06-12 13:43:40.277335 UTC,text,und,f0f4de74-aeca-4e62-a3b7-40f94b2596bb,28c90fd7-2b0a-4c28-85d0-8e48ce2e6c33,,Ethiopia
785d8c6e-8d12-4e51-8bc6-dcefd8bd7e39,2025-06-12 13:43:21.870011 UTC,text,am,f0f4de74-aeca-4e62-a3b7-40f94b2596bb,28c90fd7-2b0a-4c28-85d0-8e48ce2e6c33,,Ethiopia
b1214da2-5b02-4348-8fb6-0b1f9b6235d9,2025-06-12 13:45:19.552976 UTC,image,,f0f4de74-aeca-4e62-a3b7-40f94b2596bb,28c90fd7-2b0a-4c28-85d0-8e48ce2e6c33,,Ethiopia
c8ae7707-6b0d-4c05-8f85-372a9ba31054,2025-06-12 13:37:56.422316 UTC,text,und,2d1b23f1-33e3-4112-a816-860bf28cd625,28c90fd7-2b0a-4c28-85d0-8e48ce2e6c33,,Ethiopia
8647ee69-13b9-42f2-b63e-2e96c45d7ece,2025-06-12 13:37:36.303094 UTC,text,am,2d1b23f1-33e3-4112-a816-860bf28cd625,28c90fd7-2b0a-4c28-85d0-8e48ce2e6c33,,Ethiopia
e0d3bf70-6190-4820-814d-0cb2b3f72571,2025-06-12 13:38:13.450126 UTC,text,und,2d1b23f1-33e3-4112-a816-860bf28cd625,28c90fd7-2b0a-4c28-85d0-8e48ce2e6c33,,Ethiopia
8198ee4e-f05e-47ec-8b43-53f50822c8ed,2026-03-26 11:32:56.342366 UTC,text,hi,ddbe674f-bbf3-4099-a92a-2a07e1768800,acd1e85b-2a12-46ac-9707-ae54da6dbda4,gender_all_male,India
337a7eb6-87d6-4d84-8370-a8eb8e20ae77,2025-11-07 08:05:29.540742 UTC,text,hi,d9f5ec85-81c3-4c17-8d92-44fdf4fdd545,acd1e85b-2a12-46ac-9707-ae54da6dbda4,gender_all_male,India
1a284d6b-63cd-4aaf-9335-065fe0fd8a9a,2025-06-12 13:37:14.586198 UTC,text,und,02d0b21f-d1b3-4291-910b-a1485e40d5af,28c90fd7-2b0a-4c28-85d0-8e48ce2e6c33,,Ethiopia
31b566d3-8484-4ae7-8fc6-6eedf0cd9bc0,2025-06-12 13:36:23.789712 UTC,text,am,02d0b21f-d1b3-4291-910b-a1485e40d5af,28c90fd7-2b0a-4c28-85d0-8e48ce2e6c33,,Ethiopia
f992139e-192c-4283-9085-197ef4382e91,2025-06-12 13:36:42.973622 UTC,text,und,02d0b21f-d1b3-4291-910b-a1485e40d5af,28c90fd7-2b0a-4c28-85d0-8e48ce2e6c33,,Ethiopia
603df548-6785-45bf-9d4a-50aab1660f49,2025-06-12 13:37:00.808003 UTC,text,und,02d0b21f-d1b3-4291-910b-a1485e40d5af,28c90fd7-2b0a-4c28-85d0-8e48ce2e6c33,,Ethiopia
43e62912-cf1e-4aec-aca3-af568cbccd48,2025-12-24 02:21:31.681094 UTC,text,hi,6eae8a2f-bfba-4594-b46c-8a23a5ba5c54,acd1e85b-2a12-46ac-9707-ae54da6dbda4,gender_all_male,India
0addafe3-4dc7-4258-991a-1b59334c697d,2025-12-01 09:27:36.982763 UTC,text,hi,17c9aa06-8dde-4d06-9356-60502d554d21,acd1e85b-2a12-46ac-9707-ae54da6dbda4,gender_all_male,India
b198e626-fb46-4ecd-9f3f-42596ae48319,2026-08-02 17:35:49.696881 UTC,text,,18ec13c2-b78d-4230-ba21-40f723a15313,93b953ce-c3c1-4005-b90e-18cf2ad0877c,,Ethiopia
8bb14426-a577-414c-adc0-eae6c77fefb2,2025-10-07 11:38:29.628229 UTC,image,,07908db2-8688-4923-b900-b5efab9d1671,ba973c2d-6f18-4989-b4f4-c5c69e5231f6,,India
b100f4f6-a3af-432d-bddd-c4e55c6be0ca,2026-08-04 13:43:44.722867 UTC,text,om,232cb161-eb2c-48b9-b6fb-3f44daf88bea,93b953ce-c3c1-4005-b90e-18cf2ad0877c,,Ethiopia
33151f4f-caab-4d42-be07-a36daaa76f52,2026-01-03 04:05:01.198437 UTC,text,am,ffcd0571-b503-413c-bd5c-48365c75cf60,7aed0ff9-ef94-45cd-826a-2da048788d27,,Ethiopia
f93f6f78-4a90-425f-97b0-5e4b77781676,2026-08-02 17:36:17.417928 UTC,text,om,2b62aa50-dd18-4489-be9c-b7051b135c3a,93b953ce-c3c1-4005-b90e-18cf2ad0877c,,Ethiopia
093afcbd-4ab2-4724-9441-61133a1d117e,2025-10-07 11:39:08.450763 UTC,image,,094c573b-b7d3-44f2-b828-9af2171c14b5,ba973c2d-6f18-4989-b4f4-c5c69e5231f6,,India
d8dfc18e-12cf-44b2-87ee-b17e256f5f49,2026-08-02 17:34:21.505774 UTC,text,,5a1b94cc-c077-4b6e-b1bd-508cd13c1bbf,93b953ce-c3c1-4005-b90e-18cf2ad0877c,,Ethiopia
6eb0a18e-05b0-4e37-97f5-8c7610216773,2025-10-13 08:50:11.171526 UTC,image,,300d1e81-cedf-4e55-962f-24a9bc3c3535,ba973c2d-6f18-4989-b4f4-c5c69e5231f6,,India
4d4fb524-5543-4303-ad19-34937d22622d,2025-12-25 20:08:41.626024 UTC,text,am,dbb44fd4-b984-4275-933c-be519b71beba,7aed0ff9-ef94-45cd-826a-2da048788d27,,Ethiopia
8ef6651d-e740-4ee6-851a-2a3edce7846f,2025-10-13 08:51:14.427762 UTC,image,,300d1e81-cedf-4e55-962f-24a9bc3c3535,ba973c2d-6f18-4989-b4f4-c5c69e5231f6,,India
5148523f-67f4-4000-9a3a-eadf8b699006,2026-01-02 12:56:50.632171 UTC,text,am,de386786-43bb-4de7-907d-bb3cff10f758,7aed0ff9-ef94-45cd-826a-2da048788d27,,Ethiopia
e37a748b-532a-4938-880c-221ec5469bda,2025-10-20 07:20:30.307689 UTC,image,,87f43b5c-8b7a-488f-9db5-ba266af8062d,ba973c2d-6f18-4989-b4f4-c5c69e5231f6,,India
0d8057a8-9fe3-46cb-b55e-116dc5a0cea5,2025-10-07 11:41:39.067978 UTC,image,,a6e5e2ca-83d0-4f15-84e1-b594d73d7b07,ba973c2d-6f18-4989-b4f4-c5c69e5231f6,,India
59525309-dd9d-49e3-b6e0-308f06a2f3ee,2026-08-02 17:33:41.064307 UTC,text,om,2d21793d-be51-4556-9f55-f8000dcfc42b,93b953ce-c3c1-4005-b90e-18cf2ad0877c,,Ethiopia
4968fbcf-d1e0-4b91-9d2f-5f7d736a9f90,2026-07-02 11:22:04.519151 UTC,text,,2c24b239-1509-4678-ab6b-84f8964dd75f,93b953ce-c3c1-4005-b90e-18cf2ad0877c,,Ethiopia
78c2b315-c56f-4d7f-bd45-5b1d1d7c1961,2026-02-24 17:48:49.239481 UTC,text,am,54d55c77-88cb-4e6d-89ae-92fa36235d7b,7aed0ff9-ef94-45cd-826a-2da048788d27,,Ethiopia
4d895747-463a-421d-bbaa-e2704c3d6683,2026-07-02 11:22:39.9462 UTC,text,om,2c24b239-1509-4678-ab6b-84f8964dd75f,93b953ce-c3c1-4005-b90e-18cf2ad0877c,,Ethiopia
2cf1a7e4-fc78-47e0-ac69-6d52387315f7,2025-10-20 07:19:07.014681 UTC,image,,fa901252-b1bd-42f6-89fc-cfbf497b2c5a,ba973c2d-6f18-4989-b4f4-c5c69e5231f6,,India
2b4e4007-3f05-4fde-98aa-261235c601d3,2026-07-02 11:19:49.026226 UTC,text,,28ee06b9-fea4-4400-8b47-dcb1249b6ec8,93b953ce-c3c1-4005-b90e-18cf2ad0877c,,Ethiopia
13f88214-5add-4ab0-81e6-15af96ac079d,2026-01-03 04:02:28.378825 UTC,text,am,62efae1d-a0d2-4b77-9fcc-6d226b98d267,7aed0ff9-ef94-45cd-826a-2da048788d27,,Ethiopia
8e4973ce-b83f-4090-8d1f-cac4ea3f09f2,2026-05-03 09:05:15.807369 UTC,text,hi,fcf10660-ed07-4580-89cb-64b0ff4b88f4,e560ef09-9d9c-4c71-b3bf-c555cd61094f,,India
0ea72749-3d3a-45c8-85cd-875319f7c247,2026-05-03 06:56:51.57382 UTC,text,hi,5ed19048-8206-4d92-9e17-761b42fbe845,e560ef09-9d9c-4c71-b3bf-c555cd61094f,,India
99199381-cfe7-4e53-8f82-b29f43691981,2026-05-03 07:11:02.720925 UTC,voice,hi,bb268f78-f279-46f8-959b-99a145d0b502,e560ef09-9d9c-4c71-b3bf-c555cd61094f,,India
a9638018-f693-4678-9d99-0cdd0b8c2644,2026-05-03 07:09:40.340323 UTC,voice,hi,bb268f78-f279-46f8-959b-99a145d0b502,e560ef09-9d9c-4c71-b3bf-c555cd61094f,,India
25fe4c63-07fd-45a0-b529-017d8852cdc3,2026-05-03 07:08:51.780317 UTC,voice,hi,bb268f78-f279-46f8-959b-99a145d0b502,e560ef09-9d9c-4c71-b3bf-c555cd61094f,,India
e4519898-e6d1-48d4-9d09-b8ef9bd1f45c,2026-05-03 07:10:19.348263 UTC,voice,hi,bb268f78-f279-46f8-959b-99a145d0b502,e560ef09-9d9c-4c71-b3bf-c555cd61094f,,India
748de922-89b3-4c03-b2c2-2c2bfa19fe6b,2026-05-03 07:11:45.703041 UTC,voice,hi,bb268f78-f279-46f8-959b-99a145d0b502,e560ef09-9d9c-4c71-b3bf-c555cd61094f,,India
6f944105-304f-4e90-80c9-f78eb4d3eec0,2026-05-03 07:16:16.324003 UTC,voice,hi,6bc53b3c-2526-440d-9ed9-fe943f4da5dc,e560ef09-9d9c-4c71-b3bf-c555cd61094f,,India
95ca582d-d158-4c5d-89cb-4e121b72e7fb,2025-10-09 06:46:25.780374 UTC,text,en,72642b28-f57f-4a36-8235-396adf483fa6,8aff02ae-e5a0-41d6-ad92-9a429517fa5c,,India
6398bc7f-72c3-4aac-9b4a-445e49217388,2026-03-11 07:14:51.220689 UTC,text,hmn,cff723a5-f317-45fc-b8d3-752ca874542f,4115001f-1e0a-4408-99ec-4a43d01098cf,,India
85c92902-d8b6-4b65-82c5-1521ecb57f3e,2026-05-03 09:08:43.915269 UTC,text,hi,d1b5edb1-699e-4597-bb00-b09156d1a20d,e560ef09-9d9c-4c71-b3bf-c555cd61094f,,India
38103940-684e-4fa3-ba54-d49b3db8511f,2026-05-03 07:05:19.022792 UTC,voice,hi,d49f2fa5-fef8-4085-b473-44a3ee090a3f,e560ef09-9d9c-4c71-b3bf-c555cd61094f,,India
50e7d93b-d470-43ae-81b5-0f70736b9ccb,2026-05-03 07:06:22.26809 UTC,voice,hi,d49f2fa5-fef8-4085-b473-44a3ee090a3f,e560ef09-9d9c-4c71-b3bf-c555cd61094f,,India
c4306830-69f1-463a-961a-7fd7b91a9572,2026-07-24 09:42:20.353128 UTC,text,en,b7131f93-d1e6-4478-b344-253346d83fdb,7b61c432-4b70-4f5c-bc8e-020cbadbf582,,India
f95ee84d-9e58-49e8-a59d-d5445382656e,2026-07-24 09:41:17.00053 UTC,text,en,b7131f93-d1e6-4478-b344-253346d83fdb,7b61c432-4b70-4f5c-bc8e-020cbadbf582,,India
4fc61de2-a481-402d-90f2-7df27cc85795,2026-05-03 07:13:21.246866 UTC,voice,hi,2c26db9e-2f18-4457-acc5-7cf2dd85df90,e560ef09-9d9c-4c71-b3bf-c555cd61094f,,India
b8ab57f1-949d-460e-a096-a78d8dd492a3,2026-05-03 07:14:03.299509 UTC,image,,2c26db9e-2f18-4457-acc5-7cf2dd85df90,e560ef09-9d9c-4c71-b3bf-c555cd61094f,,India
3a5e7a03-df57-4ec3-9323-b944040f9130,2026-05-03 07:12:37.787825 UTC,voice,hi,2c26db9e-2f18-4457-acc5-7cf2dd85df90,e560ef09-9d9c-4c71-b3bf-c555cd61094f,,India
d2c3368c-0959-457a-9c3b-979470c94976,2026-05-04 07:47:52.888406 UTC,voice,hi,1acb854a-e617-4fdf-a3a6-593c6e6203e3,e560ef09-9d9c-4c71-b3bf-c555cd61094f,,India
6fa85835-02bf-4241-8893-7b303a416f19,2026-05-03 06:57:19.521335 UTC,voice,hi,6cf4a5e2-7615-4e35-9024-bddc65369c9f,e560ef09-9d9c-4c71-b3bf-c555cd61094f,,India
c9bd1805-7e84-4ed0-8afe-4106cbdcb78a,2026-05-03 07:03:25.593436 UTC,image,,6cf4a5e2-7615-4e35-9024-bddc65369c9f,e560ef09-9d9c-4c71-b3bf-c555cd61094f,,India
670ea1e7-b9a6-4873-86dc-fb35ce14b423,2026-05-03 07:04:18.994763 UTC,voice,hi,6cf4a5e2-7615-4e35-9024-bddc65369c9f,e560ef09-9d9c-4c71-b3bf-c555cd61094f,,India
3282d83a-9d38-40f5-ba96-cdb5594a95ad,2026-05-03 07:00:52.506774 UTC,voice,hi,6cf4a5e2-7615-4e35-9024-bddc65369c9f,e560ef09-9d9c-4c71-b3bf-c555cd61094f,,India
b61b582e-e29e-41e4-bf4a-c4b82de30d1e,2026-05-03 06:58:09.22247 UTC,voice,hi,6cf4a5e2-7615-4e35-9024-bddc65369c9f,e560ef09-9d9c-4c71-b3bf-c555cd61094f,,India
d669ac0e-6869-4a23-ad6e-c03a124bac5c,2026-05-03 06:59:41.361549 UTC,voice,hi,6cf4a5e2-7615-4e35-9024-bddc65369c9f,e560ef09-9d9c-4c71-b3bf-c555cd61094f,,India
89054642-181f-4523-befe-c2a2ad9d19eb,2026-05-03 07:01:48.758452 UTC,voice,hi,6cf4a5e2-7615-4e35-9024-bddc65369c9f,e560ef09-9d9c-4c71-b3bf-c555cd61094f,,India
8ae56e3e-a0e2-42da-8abc-dc57df1bb4f9,2026-05-03 07:02:33.859281 UTC,voice,hi,6cf4a5e2-7615-4e35-9024-bddc65369c9f,e560ef09-9d9c-4c71-b3bf-c555cd61094f,,India
9e8f1d05-591b-4afb-ab2e-bc44b9399be2,2026-05-06 08:37:55.240478 UTC,voice,hi,4f975f96-72db-4569-9a17-3f95b2a2aa20,e560ef09-9d9c-4c71-b3bf-c555cd61094f,,India
b1d75854-d6c0-49cb-9897-e1aebda49b19,2026-05-06 08:36:45.476699 UTC,voice,hi,4f975f96-72db-4569-9a17-3f95b2a2aa20,e560ef09-9d9c-4c71-b3bf-c555cd61094f,,India
7aa2435a-27ed-4032-9343-2c1cfc806589,2026-05-03 09:57:20.465595 UTC,voice,hi,8e8a7afd-d03d-4d1f-b5c7-87a6beac398e,e560ef09-9d9c-4c71-b3bf-c555cd61094f,,India
1769cea8-3ceb-4d3d-a9f7-8647e4e9e951,2026-05-06 06:00:51.184992 UTC,voice,hi,f994a177-474d-48e9-a9a7-0897ae154394,e560ef09-9d9c-4c71-b3bf-c555cd61094f,,India
bb593665-f0d2-410e-8bf3-5566142767d4,2026-05-06 05:58:05.467842 UTC,voice,hi,f994a177-474d-48e9-a9a7-0897ae154394,e560ef09-9d9c-4c71-b3bf-c555cd61094f,,India
cf2f4293-e4ed-4262-a45a-23054affe328,2026-05-06 06:00:27.399168 UTC,image,,f994a177-474d-48e9-a9a7-0897ae154394,e560ef09-9d9c-4c71-b3bf-c555cd61094f,,India
a66ff908-1f44-44ff-9e49-5b8fa35ce16c,2026-05-06 05:59:34.523868 UTC,voice,hi,f994a177-474d-48e9-a9a7-0897ae154394,e560ef09-9d9c-4c71-b3bf-c555cd61094f,,India
5f8b9588-9bdf-428b-bfcf-ed7f947fb285,2026-05-03 06:56:35.121266 UTC,text,hi,96c44b3a-5679-4cdf-b588-8ff684b2086e,e560ef09-9d9c-4c71-b3bf-c555cd61094f,,India
786b47ad-4b24-4af7-8905-3b6ccf595a22,2026-05-03 06:56:24.581091 UTC,text,hi,96c44b3a-5679-4cdf-b588-8ff684b2086e,e560ef09-9d9c-4c71-b3bf-c555cd61094f,,India
313bdbff-030c-4063-a675-dc9e85830014,2026-05-03 07:15:37.195207 UTC,voice,hi,41540895-8401-400b-8bdf-546133d41276,e560ef09-9d9c-4c71-b3bf-c555cd61094f,,India
89a00d56-ed9b-4cf4-8c36-e6a9988eb75e,2026-05-03 09:58:53.950611 UTC,voice,hi,3bd218c1-de03-4f95-98d3-d19dc31af139,e560ef09-9d9c-4c71-b3bf-c555cd61094f,,India
0a8a2dc4-7ce8-4354-ad65-0d1ac6981dff,2026-05-06 04:10:32.788495 UTC,image,,3765e37e-bb78-4237-9f5d-77a532420de4,e560ef09-9d9c-4c71-b3bf-c555cd61094f,,India
be003c5e-f617-4e98-9f93-79a9c6f8e2dc,2026-05-06 04:09:23.287029 UTC,voice,hi,3765e37e-bb78-4237-9f5d-77a532420de4,e560ef09-9d9c-4c71-b3bf-c555cd61094f,,India
d813ff0d-a008-4044-a16e-922464dd36bc,2026-05-03 07:12:14.09345 UTC,voice,hi,9a96eac7-7b88-4579-a888-0c4f1d679d63,e560ef09-9d9c-4c71-b3bf-c555cd61094f,,India
f9e3a8da-a0f2-4023-9b3c-ef46edccde47,2026-07-24 09:43:27.197675 UTC,text,en,e3541726-1304-475a-85db-9e2312141a04,7b61c432-4b70-4f5c-bc8e-020cbadbf582,,India
c9cb962e-a62b-488e-a67b-2d91ec1462c5,2026-03-11 07:15:11.730502 UTC,text,en,802def8f-4070-4599-8a3e-75fc9883948f,4115001f-1e0a-4408-99ec-4a43d01098cf,,India
3524d378-deb0-4caf-9c40-59ff9063dc8f,2026-05-03 07:14:19.145377 UTC,image,,c611f852-ca10-432c-b8ac-155ba09829b9,e560ef09-9d9c-4c71-b3bf-c555cd61094f,,India
aaaeb51d-8b06-418c-bbf8-c190ecad6e04,2026-05-06 08:38:12.904841 UTC,voice,hi,c70c5a22-335d-41e7-ad96-9f416c9a3433,e560ef09-9d9c-4c71-b3bf-c555cd61094f,,India
d5d559d8-a20e-4289-bda7-6a73499eae89,2026-07-24 09:43:15.119133 UTC,image,,66912fd6-45b5-4acc-a6a2-8f810eee33a3,7b61c432-4b70-4f5c-bc8e-020cbadbf582,,India
73977d99-867b-429b-946b-4b5667c78350,2026-05-03 09:05:30.757937 UTC,voice,hi,cf397bf4-efee-4b9f-abf5-42d8d7d56e79,e560ef09-9d9c-4c71-b3bf-c555cd61094f,,India
00f6e7b6-c06e-41f9-9c78-1cf774b7b778,2026-05-03 07:04:57.127033 UTC,text,hi,a24f7c7f-7137-4f5a-a126-cbbdac751010,e560ef09-9d9c-4c71-b3bf-c555cd61094f,,India
26b5d51d-22d9-4ecc-a28e-d2da4730e165,2025-08-23 08:25:34.366812 UTC,text,hi-Latn,96c24dda-7a1c-4f6e-97e6-9642a9820229,c0411c66-f2ad-488b-9a4d-26028cd1f54d,,India
d58abdfe-8f75-4463-8a01-034d74d088ec,2025-08-23 08:27:45.707109 UTC,text,hi-Latn,96c24dda-7a1c-4f6e-97e6-9642a9820229,c0411c66-f2ad-488b-9a4d-26028cd1f54d,,India
748ec185-6a2b-40f1-a92d-56da7b6ed144,2025-08-18 08:36:20.157552 UTC,text,hi,26df4223-3556-48d3-b3b4-f35f88443054,c0411c66-f2ad-488b-9a4d-26028cd1f54d,,India
0f0e3b66-58aa-4b2b-98be-21d7c9e807f4,2026-09-02 15:46:08.726383 UTC,text,hi,00725239-23d7-4f1f-93e1-93f2958bcfbc,5412de5f-cf08-45ec-88c6-9d0b9157cad6,,India
a2ed11d5-7460-481a-85c4-7d5253f32a89,2026-09-02 15:44:03.759461 UTC,voice,hi,00725239-23d7-4f1f-93e1-93f2958bcfbc,5412de5f-cf08-45ec-88c6-9d0b9157cad6,,India
fec81345-1c36-4860-af41-0f678f60b18a,2025-04-19 01:56:21.045471 UTC,text,hi,294780bc-2825-4827-9202-8977d3a9956a,c0411c66-f2ad-488b-9a4d-26028cd1f54d,,India
ab5c8466-b09c-42f4-bf6b-f17d4406d340,2025-04-19 01:55:31.91178 UTC,text,hi-Latn,294780bc-2825-4827-9202-8977d3a9956a,c0411c66-f2ad-488b-9a4d-26028cd1f54d,,India
1352774d-7ced-4ba4-9cdb-49b7bf07f316,2025-06-17 08:05:30.776127 UTC,voice,hi,294780bc-2825-4827-9202-8977d3a9956a,c0411c66-f2ad-488b-9a4d-26028cd1f54d,,India
8b14dc11-77f9-4589-a594-106827053338,2025-06-17 08:07:46.223872 UTC,text,hi,294780bc-2825-4827-9202-8977d3a9956a,c0411c66-f2ad-488b-9a4d-26028cd1f54d,,India
48fbcc4a-1cb6-43fb-afeb-acb9951bf502,2026-09-02 15:49:22.043427 UTC,voice,hi,efaf4784-2b5f-4ca3-89e9-c03047764a28,5412de5f-cf08-45ec-88c6-9d0b9157cad6,,India
f441080c-31d3-43fa-a234-caf7b46a1803,2025-01-19 08:56:27.990818 UTC,voice,,100e320c-0502-4239-8b48-f77965d6ca71,8a729957-30e2-4662-a94b-ef57a491e740,gender_all_male,India
335a9f68-8d8a-442a-ac3a-2ff6fb755372,2025-08-18 13:48:32.382233 UTC,text,hi,73bc3b5e-29c6-43e3-b168-051802659549,c0411c66-f2ad-488b-9a4d-26028cd1f54d,,India
6562b612-8c83-4151-a8b8-3230a0bfcca3,2025-01-19 08:57:06.162123 UTC,text,hi,100e320c-0502-4239-8b48-f77965d6ca71,8a729957-30e2-4662-a94b-ef57a491e740,gender_all_male,India
622d8473-ffbb-4692-8486-64b8c753dcab,2025-08-18 13:46:31.71142 UTC,text,hi-Latn,73bc3b5e-29c6-43e3-b168-051802659549,c0411c66-f2ad-488b-9a4d-26028cd1f54d,,India
9a8b5a05-7a8a-4871-b61d-abe1edb73e91,2025-01-19 08:56:36.016385 UTC,voice,,100e320c-0502-4239-8b48-f77965d6ca71,8a729957-30e2-4662-a94b-ef57a491e740,gender_all_male,India
f8789e2f-4b06-47f5-934d-6e4cd2223a08,2025-01-19 08:56:44.351183 UTC,text,hi,100e320c-0502-4239-8b48-f77965d6ca71,8a729957-30e2-4662-a94b-ef57a491e740,gender_all_male,India
c1cef755-d91b-4732-aa2d-eab78392722f,2025-06-20 14:02:19.223035 UTC,text,hi,6b7fe234-de80-4068-b949-e70fc2858e82,c0411c66-f2ad-488b-9a4d-26028cd1f54d,,India
ead59021-282b-46a2-86c0-e54d859939f4,2026-06-21 07:03:39.034977 UTC,text,en,34c3b22e-d06a-4b2d-8daf-0a8b676cc321,bbb64d37-b9e3-4fe9-9926-9e86b2ba1589,,Ethiopia
7f9de4aa-27b9-4e0d-9039-5bb296f19c96,2025-01-19 08:55:56.792255 UTC,text,hi,41afeec8-113a-40ee-9e4c-c9ce8cb4f62e,8a729957-30e2-4662-a94b-ef57a491e740,gender_all_male,India
16d982d0-5acb-451c-8d67-26d9555a390d,2025-01-23 13:08:07.205261 UTC,text,hi,d4c79a50-236d-4ca7-b558-4c04fbd824b3,8a729957-30e2-4662-a94b-ef57a491e740,gender_all_male,India
828ccb03-f10d-4ab3-8557-78365e0429d4,2025-01-23 13:05:52.880821 UTC,text,hi,d4c79a50-236d-4ca7-b558-4c04fbd824b3,8a729957-30e2-4662-a94b-ef57a491e740,gender_all_male,India
704c96fb-d9d3-4cba-9a00-aa395cf56a05,2025-04-08 06:03:44.040914 UTC,text,hi-Latn,f2ddfcf0-1f43-4054-9a85-f57e0d533662,c0411c66-f2ad-488b-9a4d-26028cd1f54d,,India
66149091-fc44-4c7e-a69a-7813389926a7,2025-08-18 13:32:40.528148 UTC,text,hi,177bc90b-af60-47ba-8bad-db8fefcf267d,c0411c66-f2ad-488b-9a4d-26028cd1f54d,,India
7fb271ee-3d88-4f4c-aca9-baaed8ac2f56,2025-01-19 09:25:09.530929 UTC,voice,,7bd9fcdf-3875-47f0-b29e-be88d278f8aa,8a729957-30e2-4662-a94b-ef57a491e740,gender_all_male,India
9efafd3f-c500-494e-a36d-e7d0a62cf1b1,2025-01-19 09:24:44.53425 UTC,voice,,7bd9fcdf-3875-47f0-b29e-be88d278f8aa,8a729957-30e2-4662-a94b-ef57a491e740,gender_all_male,India
08950d0e-1a41-4cbe-83b8-2e3ce7f9e5b6,2025-04-19 01:54:16.166801 UTC,voice,hi,64f60d06-415a-4af7-ba01-6ff18a7af2ad,c0411c66-f2ad-488b-9a4d-26028cd1f54d,,India
6212e101-d07b-4296-add0-c853ae5cab6a,2025-08-18 13:40:48.715537 UTC,text,hi,61c6074b-77e5-4c6f-bf63-b4bc7c659765,c0411c66-f2ad-488b-9a4d-26028cd1f54d,,India
08882735-a9a8-4068-bcb0-1b00c25bfa4a,2025-08-18 13:42:52.565532 UTC,text,hi,61c6074b-77e5-4c6f-bf63-b4bc7c659765,c0411c66-f2ad-488b-9a4d-26028cd1f54d,,India
add44216-9794-4e05-bfc4-27abe78d86d8,2025-04-08 06:05:45.321816 UTC,text,hi,883e7031-243c-4bde-8f88-a7a6abb52b3a,c0411c66-f2ad-488b-9a4d-26028cd1f54d,,India
ac93dc06-b7b4-4516-8a69-7bffe79bfa4d,2025-04-08 06:04:47.367361 UTC,text,hi-Latn,883e7031-243c-4bde-8f88-a7a6abb52b3a,c0411c66-f2ad-488b-9a4d-26028cd1f54d,,India
305cc47a-21d1-41ef-a7a1-c8ebaf5ef84e,2025-01-21 13:56:55.184136 UTC,voice,hi,004ee2a5-2c1b-473b-90fb-02fbf0af30c4,8a729957-30e2-4662-a94b-ef57a491e740,gender_all_male,India
ad7fc5f6-082d-47be-b6f9-4d0a82158716,2025-04-08 06:03:12.601074 UTC,text,hi-Latn,9e994176-08a7-4d36-ab61-626586565633,c0411c66-f2ad-488b-9a4d-26028cd1f54d,,India
61f0d025-f751-4727-b6c9-8820b3364fc1,2026-07-09 07:49:34.293202 UTC,text,te,87b17e2a-4ab1-47d3-aa86-daf6bddadc6a,b6289930-3756-4db9-9b5b-ca311dfb7969,gender_all_female,India
57755d20-7edc-49cf-bdb9-949a4c59d63b,2026-07-09 07:44:33.602862 UTC,text,te,87b17e2a-4ab1-47d3-aa86-daf6bddadc6a,b6289930-3756-4db9-9b5b-ca311dfb7969,gender_all_female,India
e8d74f0a-801f-4bde-ab33-81e94e195e5d,2026-07-09 07:51:05.535903 UTC,text,te,87b17e2a-4ab1-47d3-aa86-daf6bddadc6a,b6289930-3756-4db9-9b5b-ca311dfb7969,gender_all_female,India
d142a932-2447-4880-b2fe-334cd218572c,2026-07-09 07:47:53.465224 UTC,text,te,87b17e2a-4ab1-47d3-aa86-daf6bddadc6a,b6289930-3756-4db9-9b5b-ca311dfb7969,gender_all_female,India
6a1c5370-d0c6-4871-9724-96bf2623144e,2026-07-09 07:45:25.191731 UTC,text,te,87b17e2a-4ab1-47d3-aa86-daf6bddadc6a,b6289930-3756-4db9-9b5b-ca311dfb7969,gender_all_female,India
363eb7f2-c569-48c7-aa56-ceb5e578e425,2026-07-09 07:47:35.999209 UTC,text,te,87b17e2a-4ab1-47d3-aa86-daf6bddadc6a,b6289930-3756-4db9-9b5b-ca311dfb7969,gender_all_female,India
b37226f6-4f0b-4025-8b2b-4f017ecb379d,2026-03-19 04:20:33.681914 UTC,image,,43d42825-0e1e-4e54-a0ae-4cc026b26b34,3042da35-a26b-4f89-8456-86dc9c754bd8,,India
51bddbe4-d84a-483c-be24-c93f7a32d7a8,2025-04-01 14:06:31.046346 UTC,text,te,ca2a5e3b-a03f-4738-b864-913097487147,a888f5eb-eea2-46f2-b5dd-c195b812ed37,,India
4c213d19-a79d-41ae-a713-27245b0df27b,2026-07-19 11:11:15.859492 UTC,text,hi,b66145a6-4c7d-4fae-93ae-6a5752b923f1,c6fd7cfa-7014-4fbe-8776-2cd056d723c3,,India
8941178d-dd22-44d0-9ebd-d2f27f035556,2026-07-19 12:30:41.586561 UTC,text,hi,4b074eef-a2dc-403d-a1fa-845e24759e1b,c6fd7cfa-7014-4fbe-8776-2cd056d723c3,,India
469af0e1-25b9-4edd-863e-b3d7d09690ea,2026-07-19 12:30:08.128844 UTC,text,hi,7ecee33d-144e-4dcd-a5b5-08cebf3f31d2,c6fd7cfa-7014-4fbe-8776-2cd056d723c3,,India
9c0247fc-2ae3-4cad-8b16-7acd92abdbb1,2026-07-19 11:04:41.20862 UTC,text,hi,27f43630-45dc-45b6-9181-8259b5bd3589,c6fd7cfa-7014-4fbe-8776-2cd056d723c3,,India
8be7939c-487b-4cce-9554-5696c2f94686,2026-07-19 11:09:52.582194 UTC,image,,27f43630-45dc-45b6-9181-8259b5bd3589,c6fd7cfa-7014-4fbe-8776-2cd056d723c3,,India
5e44808f-768c-424c-93ff-1ec126134628,2025-10-22 05:04:07.134961 UTC,image,,9ec596a7-b529-45c2-bbcb-f03b904577cf,91471bfa-c238-4f50-9d94-aded50d946a7,,India
bdc7b64a-14ca-4998-9258-2dc4b1afad70,2026-09-03 11:45:00.631988 UTC,voice,hi,00723ee8-bf78-4bcc-a7f7-fdf5bf0549c0,d6c8fc81-6c11-4f8b-9dda-a3863c000342,,India
fe56af75-4b6b-4d46-95ec-0949e2a7520b,2026-09-03 11:44:03.72827 UTC,image,,00723ee8-bf78-4bcc-a7f7-fdf5bf0549c0,d6c8fc81-6c11-4f8b-9dda-a3863c000342,,India
d1b58f0d-1eeb-4139-9764-0972c89d347a,2025-10-22 05:02:15.356224 UTC,image,,982a4e12-654e-43b6-b133-d527ff063775,91471bfa-c238-4f50-9d94-aded50d946a7,,India
79da5376-9178-4cfa-9597-c9957ecb0061,2025-10-30 07:00:26.657491 UTC,voice,hi,7b370720-78c5-48ad-85f4-7aa6f0f54c76,a98bbc4e-0461-40f8-b34e-b333cc6fa506,gender_all_male,India
35e6fda0-ce3b-452d-bb4a-3c65ad5e585d,2026-07-19 12:39:27.204687 UTC,text,hi,3ed1b4cb-82d3-4276-ad29-4a9b169f42e7,c6fd7cfa-7014-4fbe-8776-2cd056d723c3,,India
df9b39a4-3e5e-42fb-ac05-b369e202fe73,2026-07-19 12:28:40.134629 UTC,text,hi,8f461b53-a42b-4120-8323-0e47a61e7d58,c6fd7cfa-7014-4fbe-8776-2cd056d723c3,,India
e80a8969-a798-4332-b01f-eef306f8aa9d,2026-07-19 12:40:12.714265 UTC,voice,hi,0dd9baf1-86e2-43b1-b2fa-0f003abde57c,c6fd7cfa-7014-4fbe-8776-2cd056d723c3,,India
162e02e3-55c7-4384-9ac9-84a8df635976,2026-07-19 12:41:18.345689 UTC,text,hi,3a831469-3148-4fc9-8920-4ae6bafa912d,c6fd7cfa-7014-4fbe-8776-2cd056d723c3,,India
ca1c446c-83b0-472c-a8b6-cbf5dd8917eb,2025-10-30 06:56:54.190438 UTC,text,hi,bcfee387-d536-4c72-aec1-73c9b54a8bc5,a98bbc4e-0461-40f8-b34e-b333cc6fa506,gender_all_male,India
ca6ca41c-d268-4544-a810-e2e40b9136e3,2025-10-30 06:53:55.340644 UTC,text,hi,bcfee387-d536-4c72-aec1-73c9b54a8bc5,a98bbc4e-0461-40f8-b34e-b333cc6fa506,gender_all_male,India
cc5cedf5-8693-4337-af4d-8a153125fc52,2026-07-19 11:12:14.812731 UTC,text,hi,ae1457db-d8a9-40dd-b61e-6e5b00cf9ac6,c6fd7cfa-7014-4fbe-8776-2cd056d723c3,,India
20a5c3c3-d249-49bb-8b38-e62e98ff734a,2025-10-11 23:57:41.852741 UTC,text,hi,e6c7d139-446b-4a8e-adeb-8a9d2d3a5a5c,91471bfa-c238-4f50-9d94-aded50d946a7,,India
c72805a6-9914-4a2c-b33e-5cb6932704cd,2026-07-16 09:23:31.129407 UTC,voice,en,8b314327-28c2-48fd-a2af-674f3ace05c4,154ef155-683c-4597-adbd-c272ba37b885,,India
fc126fe8-c86f-4468-b30c-99f4682ffffa,2025-02-01 09:08:45.134356 UTC,voice,,50acdb05-d379-4fa6-8ff1-5c418af2f08b,0b693376-f517-4698-9461-44ff99d42246,gender_all_female,India
9f8512a3-f30d-4477-a85b-82b140e22aff,2025-02-01 09:09:43.49378 UTC,voice,hi,50acdb05-d379-4fa6-8ff1-5c418af2f08b,0b693376-f517-4698-9461-44ff99d42246,gender_all_female,India
7e851a97-944b-4d7d-b418-dd94f11e8b51,2026-09-02 06:26:41.075708 UTC,text,en,f753fa08-ea80-48fb-9d6b-975284a1ecf4,3a2cf625-eb6a-4779-852a-76a4653f64f6,gender_all_female,Nigeria
fdfe666c-2802-4c9c-bb08-221052cf71cd,2026-09-02 06:26:44.437104 UTC,text,en,f753fa08-ea80-48fb-9d6b-975284a1ecf4,3a2cf625-eb6a-4779-852a-76a4653f64f6,gender_all_female,Nigeria
6963c023-b011-44a4-9cc2-301e51f6fce6,2026-08-25 08:54:10.415982 UTC,voice,hi,71bae7ea-1f69-473e-a270-5fd89ea95bc8,f7efb78f-67ba-4b91-a519-e43b15fbd3b1,gender_all_male,India
549bfdab-9070-4725-986b-09853ce6c775,2026-08-25 08:55:34.559622 UTC,text,hi,71bae7ea-1f69-473e-a270-5fd89ea95bc8,f7efb78f-67ba-4b91-a519-e43b15fbd3b1,gender_all_male,India
198e32c6-d825-4643-9d30-961e23e2504e,2026-09-02 06:28:55.668338 UTC,text,en,ec2e4dc1-4fc9-4966-ab41-cf549551fe9a,3a2cf625-eb6a-4779-852a-76a4653f64f6,gender_all_female,Nigeria
fa680960-54b2-4793-857f-0f3797bc4d8a,2026-09-02 06:28:35.867116 UTC,text,en,ec2e4dc1-4fc9-4966-ab41-cf549551fe9a,3a2cf625-eb6a-4779-852a-76a4653f64f6,gender_all_female,Nigeria
31d4f6c5-4d19-464d-be00-165db2c36da7,2026-05-25 05:41:55.643641 UTC,image,,4ad07e8b-28bc-4923-89ff-f99086e67c29,63999524-c2d2-4abd-88e0-4896ded7229e,gender_all_male,India
12c48389-4738-46c5-9f48-23b7dff1c1e6,2026-08-02 06:39:35.14079 UTC,text,hi,4caf94b7-f567-4b92-b994-f47930d549e8,d9869f38-4100-4633-883e-767fcc115b26,gender_all_female,India
ca0adf9c-5e37-4465-97be-8fbf8f9c6e3b,2026-08-02 06:39:17.457174 UTC,text,hi,4caf94b7-f567-4b92-b994-f47930d549e8,d9869f38-4100-4633-883e-767fcc115b26,gender_all_female,India
ec3bc96a-eda2-41fc-840a-b232014dd16f,2026-08-02 06:38:57.865522 UTC,text,hi,4caf94b7-f567-4b92-b994-f47930d549e8,d9869f38-4100-4633-883e-767fcc115b26,gender_all_female,India
e8f6ea13-3e4f-46c0-85de-4642c34ebe9f,2026-08-02 06:38:53.226714 UTC,text,hi,4caf94b7-f567-4b92-b994-f47930d549e8,d9869f38-4100-4633-883e-767fcc115b26,gender_all_female,India
b1217d8e-13d1-4eee-a9b5-dbc0c74929f0,2026-08-02 06:32:39.613857 UTC,text,hi,fa609456-b3c1-478c-99a7-56d101f08e4f,d9869f38-4100-4633-883e-767fcc115b26,gender_all_female,India
8fad7114-8c37-4bc7-b7dc-3fe765657c75,2026-08-02 06:32:47.301659 UTC,text,hi,fa609456-b3c1-478c-99a7-56d101f08e4f,d9869f38-4100-4633-883e-767fcc115b26,gender_all_female,India
d2afcfb4-d521-42e4-9e9c-5e498bc33160,2026-08-02 06:34:03.096077 UTC,text,hi,fa609456-b3c1-478c-99a7-56d101f08e4f,d9869f38-4100-4633-883e-767fcc115b26,gender_all_female,India
bd718da9-7391-479b-9435-79c7189091e5,2026-08-02 06:33:05.191793 UTC,text,hi,fa609456-b3c1-478c-99a7-56d101f08e4f,d9869f38-4100-4633-883e-767fcc115b26,gender_all_female,India
119e4f9a-8c4b-4c70-b57c-abb2c5212341,2026-08-22 22:04:04.724955 UTC,text,en,26124141-5f4b-4f76-8856-62085946c3d3,25aaf8eb-71b2-498a-9dbd-803585a93f5f,,Cameroon
0c9beeb3-a595-44c7-83c8-3a5b28123a01,2026-08-22 22:03:58.127976 UTC,text,en,26124141-5f4b-4f76-8856-62085946c3d3,25aaf8eb-71b2-498a-9dbd-803585a93f5f,,Cameroon
c4e4ae7b-50fb-4341-bc77-cbb030b11ec8,2026-08-22 22:04:49.264206 UTC,image,,54c7cf1e-3239-4e68-89e9-c07bd42b40aa,25aaf8eb-71b2-498a-9dbd-803585a93f5f,,Cameroon
4fa00934-a2fd-410d-af50-82832169b827,2025-02-01 09:07:53.10883 UTC,voice,,c743e82f-affc-4510-b6e6-b5854ace6656,0b693376-f517-4698-9461-44ff99d42246,gender_all_female,India
85b7fa62-2515-491e-b719-969cc6824397,2026-08-08 14:30:58.434919 UTC,text,hi,df5e939c-773e-4435-b531-7eca58f1ad15,63999524-c2d2-4abd-88e0-4896ded7229e,gender_all_male,India
6a8f7506-ba18-45db-b2d6-be3363368da5,2026-08-08 14:29:49.440265 UTC,text,hi-Latn,df5e939c-773e-4435-b531-7eca58f1ad15,63999524-c2d2-4abd-88e0-4896ded7229e,gender_all_male,India
54002a9e-a8ff-45e9-8a0c-bebb21e37de8,2026-08-02 06:35:45.686763 UTC,text,hi,c36cd7e6-50a4-42ba-802b-94599c68d40d,d9869f38-4100-4633-883e-767fcc115b26,gender_all_female,India
ee30cbea-fed3-42f8-8a15-c162d1842897,2026-08-02 06:36:00.402332 UTC,text,hi,c36cd7e6-50a4-42ba-802b-94599c68d40d,d9869f38-4100-4633-883e-767fcc115b26,gender_all_female,India
a7154bca-eebc-4785-b342-6068048ec9c2,2026-08-02 06:36:28.379067 UTC,text,hi,c36cd7e6-50a4-42ba-802b-94599c68d40d,d9869f38-4100-4633-883e-767fcc115b26,gender_all_female,India
d3b25b76-295c-492d-88a9-dc2b7851dacf,2026-08-02 06:35:39.159884 UTC,text,hi,c36cd7e6-50a4-42ba-802b-94599c68d40d,d9869f38-4100-4633-883e-767fcc115b26,gender_all_female,India
11916a88-165e-4885-9f1e-ce34b5359ae3,2026-09-02 06:25:56.123642 UTC,text,en,e3b38cf4-8e81-493b-847d-a2c880690d9d,3a2cf625-eb6a-4779-852a-76a4653f64f6,gender_all_female,Nigeria
9ee0617b-6b8d-46ff-8657-3a315e6b5762,2026-09-02 06:25:37.168367 UTC,text,en,e3b38cf4-8e81-493b-847d-a2c880690d9d,3a2cf625-eb6a-4779-852a-76a4653f64f6,gender_all_female,Nigeria
928e809e-d80c-49ed-adce-69c030e6d1b8,2026-09-02 06:25:40.742429 UTC,text,en,e3b38cf4-8e81-493b-847d-a2c880690d9d,3a2cf625-eb6a-4779-852a-76a4653f64f6,gender_all_female,Nigeria
7359d959-f0e9-42fd-80f5-da644c2a7a03,2026-09-02 06:27:56.471612 UTC,text,en,d47c90e0-7cde-45fd-a105-4093780ca7a4,3a2cf625-eb6a-4779-852a-76a4653f64f6,gender_all_female,Nigeria
df3bd3ed-1f2a-4dd2-8ca4-e7097183f136,2026-09-02 06:27:59.702677 UTC,text,en,d47c90e0-7cde-45fd-a105-4093780ca7a4,3a2cf625-eb6a-4779-852a-76a4653f64f6,gender_all_female,Nigeria
8d7f4826-2203-40fc-81f3-0e470fac58e0,2026-07-16 09:22:40.917967 UTC,voice,en,94895009-3903-4b38-bf33-04d702c9fd33,154ef155-683c-4597-adbd-c272ba37b885,,India
10e3bcb0-b389-42fe-8e30-b0b5fb54fad2,2026-07-16 09:22:53.146267 UTC,text,kn,94895009-3903-4b38-bf33-04d702c9fd33,154ef155-683c-4597-adbd-c272ba37b885,,India
77e433d6-043e-4379-aecd-71500ccaf67b,2026-09-02 07:44:16.265278 UTC,text,en,029688a3-19db-49ce-995a-3a54e81d3e9b,3a2cf625-eb6a-4779-852a-76a4653f64f6,gender_all_female,Nigeria
1cf81465-a989-4839-a67f-a5bcce33d1ee,2026-09-02 07:46:05.274562 UTC,image,,029688a3-19db-49ce-995a-3a54e81d3e9b,3a2cf625-eb6a-4779-852a-76a4653f64f6,gender_all_female,Nigeria
68bbf5a3-6737-4908-b5be-d475429ba726,2026-09-02 07:43:09.987934 UTC,text,en,029688a3-19db-49ce-995a-3a54e81d3e9b,3a2cf625-eb6a-4779-852a-76a4653f64f6,gender_all_female,Nigeria
156a2daf-75f7-4d43-af9d-c721741ecdd3,2026-09-02 07:44:41.961196 UTC,text,en,029688a3-19db-49ce-995a-3a54e81d3e9b,3a2cf625-eb6a-4779-852a-76a4653f64f6,gender_all_female,Nigeria
e53f405d-1051-4abc-9efa-71197e14b8cf,2026-09-02 07:43:07.31067 UTC,text,en,029688a3-19db-49ce-995a-3a54e81d3e9b,3a2cf625-eb6a-4779-852a-76a4653f64f6,gender_all_female,Nigeria
d986cc05-04ef-4e1c-8767-5974466e12b8,2026-08-25 08:53:24.884044 UTC,text,hi,e808f37a-a835-4d7b-8036-2c4efd02a184,f7efb78f-67ba-4b91-a519-e43b15fbd3b1,gender_all_male,India
28fd77b6-3297-4af5-9d91-b6b36d35b445,2026-05-19 03:21:31.828457 UTC,image,,eb589a76-a96e-4ad3-bc54-e20d0b621255,ac5876ee-336d-4354-999f-7dde642c8458,,India
4fe5d450-9297-49b4-96ba-f59855596983,2026-05-19 03:22:24.177218 UTC,image,,eb589a76-a96e-4ad3-bc54-e20d0b621255,ac5876ee-336d-4354-999f-7dde642c8458,,India
da565ec0-4884-4780-99c1-a2de22d74062,2026-07-13 08:19:09.108962 UTC,voice,hi,8172463d-bf2a-416d-befd-b76473b1b1bc,2a4f7289-8c7f-4cbb-a51a-70254df42ef0,,India
d56c35db-0ccc-4733-bf6c-affbca1a41f1,2026-07-13 08:24:59.099437 UTC,voice,hi,8172463d-bf2a-416d-befd-b76473b1b1bc,2a4f7289-8c7f-4cbb-a51a-70254df42ef0,,India
999b9298-77c1-4d1b-9bc4-18666ee55518,2025-01-10 07:39:29.576933 UTC,text,hi,cbb82b1a-47af-4055-89f7-048ba47e3a08,93b5e8a5-e575-4ff5-aaaa-97e6978bdd1a,gender_all_male,India
ab2accfc-96e1-4540-9775-b44655c3b91a,2025-01-10 07:41:27.824252 UTC,voice,hi,592a7428-7f72-42cf-be4e-96c18d5b0e2d,93b5e8a5-e575-4ff5-aaaa-97e6978bdd1a,gender_all_male,India
8b0b7d11-cc1b-4f22-b892-09c56898eb60,2025-01-10 07:42:08.223887 UTC,text,hi,592a7428-7f72-42cf-be4e-96c18d5b0e2d,93b5e8a5-e575-4ff5-aaaa-97e6978bdd1a,gender_all_male,India
cb9fc281-499d-4d10-9ac4-231b854d707a,2026-08-04 14:02:15.882153 UTC,image,,bd5c21c0-94c7-406c-9138-a53fb3be2cff,9d35ba35-5ddb-423b-ac67-3e0c48194864,,India
a29e6ef6-7d96-40b4-9d12-53e3fe6701a0,2026-08-04 13:59:32.478559 UTC,text,hi,bd5c21c0-94c7-406c-9138-a53fb3be2cff,9d35ba35-5ddb-423b-ac67-3e0c48194864,,India
a111bdee-a70d-4cf5-84dc-0108dfa5fc7c,2026-08-04 14:00:17.431169 UTC,image,,bd5c21c0-94c7-406c-9138-a53fb3be2cff,9d35ba35-5ddb-423b-ac67-3e0c48194864,,India
bae460b6-b443-4389-a7ed-17770723f4eb,2025-02-14 15:30:14.994798 UTC,voice,hi,c17d66bd-3820-4ad8-a1e9-3629f7d1f0b8,93b5e8a5-e575-4ff5-aaaa-97e6978bdd1a,gender_all_male,India
e55b2708-d4de-49ca-8a94-7a155a33213e,2025-01-10 07:40:50.93551 UTC,text,hi,2df68953-dc14-479b-bffe-a6f8f98adee0,93b5e8a5-e575-4ff5-aaaa-97e6978bdd1a,gender_all_male,India
65f4dcc4-2655-4310-a528-f021502df232,2025-01-10 07:40:18.280486 UTC,image,,2df68953-dc14-479b-bffe-a6f8f98adee0,93b5e8a5-e575-4ff5-aaaa-97e6978bdd1a,gender_all_male,India
e3780ffa-619e-4595-a32c-e27874096c4e,2025-01-10 07:37:23.362836 UTC,text,hi-Latn,ff30da7c-4907-4c20-bb4d-7064f617584b,93b5e8a5-e575-4ff5-aaaa-97e6978bdd1a,gender_all_male,India
2a92af48-d5f1-44b1-bb5b-621b7ce09f12,2025-01-10 07:38:30.094696 UTC,text,hi,ff30da7c-4907-4c20-bb4d-7064f617584b,93b5e8a5-e575-4ff5-aaaa-97e6978bdd1a,gender_all_male,India
2e96526a-3e43-40d8-8c6b-1d8ca7ba9568,2025-01-10 07:36:58.497465 UTC,text,hi-Latn,ff30da7c-4907-4c20-bb4d-7064f617584b,93b5e8a5-e575-4ff5-aaaa-97e6978bdd1a,gender_all_male,India
b24454df-12e7-425a-8061-c1b2a53ece14,2025-01-10 07:38:49.908015 UTC,text,hi-Latn,ff30da7c-4907-4c20-bb4d-7064f617584b,93b5e8a5-e575-4ff5-aaaa-97e6978bdd1a,gender_all_male,India
45937815-6bd2-4345-8370-66f9c2a8f639,2025-01-10 07:38:08.234474 UTC,text,hi-Latn,ff30da7c-4907-4c20-bb4d-7064f617584b,93b5e8a5-e575-4ff5-aaaa-97e6978bdd1a,gender_all_male,India
e2e17382-0203-4157-930f-6f69e0bff210,2025-01-10 07:43:21.609538 UTC,voice,hi,5c1c7ebf-4bef-4f0d-a78a-30278bcaa4d0,93b5e8a5-e575-4ff5-aaaa-97e6978bdd1a,gender_all_male,India
6298e984-5460-43f8-b7ae-8af780cd517e,2025-11-30 20:45:38.879305 UTC,image,,0e7486c7-d1be-41ea-90ea-842a23727f0d,6dcc00e9-362b-405f-9ee4-844dc13e5d00,,Brazil
5f7e433d-28d6-4aaf-ac60-82e0b1a17900,2026-02-22 10:44:08.953461 UTC,text,am,c8a7ad97-881b-4335-b3e4-9fe3a8942917,3681825d-bb65-4385-bd8b-ce6d118517ab,,Ethiopia
1a8c6bc6-7bc0-4bf5-9b7a-04536af013ad,2026-08-04 07:49:24.548746 UTC,image,,7baf3b74-26e8-49c3-a0f0-6176b55f9cd1,9d35ba35-5ddb-423b-ac67-3e0c48194864,,India
2db93e8b-b2e9-4c7c-9e3b-e9e3abcb62ec,2025-02-14 15:39:09.944954 UTC,voice,hi,2ea90a96-6cb0-4d16-9155-1b25e846812f,93b5e8a5-e575-4ff5-aaaa-97e6978bdd1a,gender_all_male,India
2364f503-d81b-4f27-aa01-25eb7f660ec8,2025-02-14 15:37:36.851622 UTC,voice,hi,2ea90a96-6cb0-4d16-9155-1b25e846812f,93b5e8a5-e575-4ff5-aaaa-97e6978bdd1a,gender_all_male,India
090791be-6178-4c00-8e3e-359e49ab91e3,2025-02-14 15:31:22.256744 UTC,voice,hi,2ea90a96-6cb0-4d16-9155-1b25e846812f,93b5e8a5-e575-4ff5-aaaa-97e6978bdd1a,gender_all_male,India
8758c8e3-7464-497f-944e-0f4b0116d07e,2025-02-14 15:34:00.93443 UTC,voice,hi,2ea90a96-6cb0-4d16-9155-1b25e846812f,93b5e8a5-e575-4ff5-aaaa-97e6978bdd1a,gender_all_male,India
faecfb87-ef60-41fb-9d6b-7b04021c876a,2025-02-14 15:36:11.573151 UTC,voice,hi,2ea90a96-6cb0-4d16-9155-1b25e846812f,93b5e8a5-e575-4ff5-aaaa-97e6978bdd1a,gender_all_male,India
8ae59319-6206-452a-8723-6bb31149eaf3,2025-02-14 15:32:47.873147 UTC,voice,hi,2ea90a96-6cb0-4d16-9155-1b25e846812f,93b5e8a5-e575-4ff5-aaaa-97e6978bdd1a,gender_all_male,India
db28a639-8427-4dec-b6fa-c23e11d212ad,2025-12-29 14:42:36.336704 UTC,voice,hi,cec83303-92a4-4e1b-b360-156f8687fddf,89739cbe-8b8b-4df8-b396-436c8633ffc7,,India
4b76f94f-b6a9-4131-81de-6d070b9d84da,2026-09-05 02:34:56.052409 UTC,image,,52bfc9a6-8979-4ce2-a6f6-b0a277e88b99,093178e6-4b4b-4933-9676-820c88278f22,,India
7894b0c8-635a-4f31-8696-2cb4f116a91c,2026-04-29 06:58:00.879693 UTC,image,,d7af6eb8-621d-40da-9578-2ee17fae5559,5ca9f99d-8ab4-4a03-931f-7d094a7813d2,,India
bc272dc6-e2d2-4fcb-8fae-c2f3c5d49699,2025-10-19 00:34:40.584084 UTC,text,hi,8197fc55-8f92-430b-a259-c1b09a703561,fe0dc80f-035e-40b0-be91-7b8ff03b4d2f,gender_all_male,India
7d07b82b-1765-4c22-b569-1c18fbd85c3f,2026-07-09 06:41:43.52294 UTC,text,,99a01be1-cad1-47b0-b087-68ca8c096abe,4d316d2c-487c-4094-800d-f55c2a47101e,,India
56efa76d-b38d-4fd9-b4a1-18858bfe0212,2025-12-29 14:37:15.480161 UTC,voice,hi,abb9ea2d-a57f-4b4f-8a30-0157f0f75595,89739cbe-8b8b-4df8-b396-436c8633ffc7,,India
aca27952-c62a-435a-9591-c8626eb11a86,2025-12-29 14:43:11.989969 UTC,text,hi,20a35985-449e-4749-8160-1f000f8adc2e,89739cbe-8b8b-4df8-b396-436c8633ffc7,,India
13ff5ea7-29f9-4e3f-92e1-4bf6e7dc5a51,2025-10-19 00:33:32.259619 UTC,image,,9f13c07c-0803-4a65-90a4-4334703e3846,fe0dc80f-035e-40b0-be91-7b8ff03b4d2f,gender_all_male,India
2f3ce19e-08b2-4893-978b-90a598d02cf6,2026-09-04 04:51:21.908779 UTC,voice,hi,9f141e25-b23b-45e6-bb54-40a39ecadd37,093178e6-4b4b-4933-9676-820c88278f22,,India
df3ad748-1011-4c39-8932-965564c845ae,2026-04-22 05:38:24.936793 UTC,text,hi,ef4daf89-8313-41b6-bf98-157483df5c44,5ca9f99d-8ab4-4a03-931f-7d094a7813d2,,India
e273c2ab-ca06-45f3-8606-d8a2d7c28b2d,2026-05-23 10:42:46.861872 UTC,text,hi,fbdfc6b7-1bba-4a7a-a9a3-021610b4828b,ac147925-b6f5-4eed-b220-8561f74582f5,,India
c359b2fb-5173-4709-a11d-d80f29fead13,2025-12-31 03:21:27.11822 UTC,text,hi,96048774-3b65-48bc-97ac-a2fe8af71638,89739cbe-8b8b-4df8-b396-436c8633ffc7,,India
899d021c-5a91-4116-948f-399256717e6e,2026-04-21 08:00:52.806048 UTC,image,,3fed8482-89b3-466b-9e4a-540d057e59f5,5ca9f99d-8ab4-4a03-931f-7d094a7813d2,,India
41f2d2a8-1bf0-42fb-87c1-229200303be8,2026-09-07 04:25:27.300368 UTC,voice,hi,4bf626fc-e5ca-4f53-b653-7cb829d63255,093178e6-4b4b-4933-9676-820c88278f22,,India
ae323fc3-3aef-49c9-b6e4-90d57e73649f,2025-12-29 14:40:58.743432 UTC,voice,hi,486cd5b6-aa00-41c2-ad55-5bb141ddfba1,89739cbe-8b8b-4df8-b396-436c8633ffc7,,India
d52ad636-78a7-4c95-b473-6b496eab0b23,2025-12-29 14:38:22.938411 UTC,voice,hi,dbb3f8c4-2221-4596-b5f6-ad776343aa05,89739cbe-8b8b-4df8-b396-436c8633ffc7,,India
db6fd212-a417-4e47-a9f9-9a65ea0416b0,2026-06-09 13:57:03.388543 UTC,text,hi,5bee105a-196b-47ff-b9c8-4e780a9c1d13,4d316d2c-487c-4094-800d-f55c2a47101e,,India
03a8157a-751f-497d-bf18-b00936c41adf,2026-06-09 13:59:15.671312 UTC,voice,hi,5bee105a-196b-47ff-b9c8-4e780a9c1d13,4d316d2c-487c-4094-800d-f55c2a47101e,,India
1820da73-8b70-409b-bec1-cf36508bd45b,2026-06-09 13:56:07.837234 UTC,text,hi,5bee105a-196b-47ff-b9c8-4e780a9c1d13,4d316d2c-487c-4094-800d-f55c2a47101e,,India
1061ad11-6154-4cd4-8a8f-34b97907467d,2026-06-09 13:55:27.373711 UTC,voice,hi,5bee105a-196b-47ff-b9c8-4e780a9c1d13,4d316d2c-487c-4094-800d-f55c2a47101e,,India
76bb8d3d-78b7-484b-97e7-e3a1e7da05c8,2026-05-14 12:57:39.155115 UTC,voice,hi,4ccabae3-ef03-4757-bda5-5da22a7ccbf8,4d316d2c-487c-4094-800d-f55c2a47101e,,India
97a078a2-1463-40e8-bfda-dd393b16d009,2026-09-03 16:11:59.410868 UTC,text,hi,bb86ed73-a9f3-4166-857e-f11f30e41e86,093178e6-4b4b-4933-9676-820c88278f22,,India
c26dafaf-598d-420c-a556-876ce22f27fd,2026-05-23 09:05:33.608867 UTC,text,hi,965942cb-d342-4f6f-ac0e-af6c55c70e30,a31f7777-5299-4bf3-b930-e55157de3116,,India
44ac6bcb-3b83-4fdd-9d61-47d0e705232b,2025-12-29 14:36:42.820773 UTC,text,hi,3d7a7ca1-a460-4083-be44-08deed03e26c,89739cbe-8b8b-4df8-b396-436c8633ffc7,,India
89f039d4-e434-4cf8-903d-ecc1ba7fb33f,2026-09-05 02:36:20.883653 UTC,image,,c231e535-b427-47e2-b464-8efc3b2cf6c1,093178e6-4b4b-4933-9676-820c88278f22,,India
f716ebcd-2403-42c7-9060-e4076dcf41a8,2026-09-05 02:37:16.866101 UTC,image,,c231e535-b427-47e2-b464-8efc3b2cf6c1,093178e6-4b4b-4933-9676-820c88278f22,,India
6da5a202-1831-4ff3-b738-4355db1cd61e,2026-09-05 02:40:54.273243 UTC,voice,hi,badcfebc-5109-4703-9ab7-07f7625c6253,093178e6-4b4b-4933-9676-820c88278f22,,India
c5cea026-79b4-4818-9cd9-3d3e2aa54696,2026-09-05 02:39:57.041349 UTC,image,,badcfebc-5109-4703-9ab7-07f7625c6253,093178e6-4b4b-4933-9676-820c88278f22,,India
f39a5a8c-fb77-4e37-928a-bdad347ac3b0,2026-06-09 13:53:30.894834 UTC,text,hi,96e5046e-a27c-420c-bd5a-a65bb040de07,4d316d2c-487c-4094-800d-f55c2a47101e,,India
bf0c7d75-cfd6-43d5-9367-1d69f80da09d,2025-12-30 04:19:57.654266 UTC,voice,hi,61688852-c6f6-4724-a42b-4c2b765d15a7,89739cbe-8b8b-4df8-b396-436c8633ffc7,,India
e7234a18-8efa-4b85-b5c5-8f99293a3343,2026-07-12 04:28:37.857134 UTC,voice,hi,e0c563ba-07b8-476a-91b3-ac1b5be34ad4,bf3a673c-a50f-48c8-ac9d-dedad960481b,,India
c2178057-3bbf-4a9a-a515-a4b49ca13280,2026-05-08 13:48:35.360902 UTC,text,hi,36e274ea-301a-476c-90f4-8ff31c88f816,8d01262f-db64-47c1-9fda-f0185bb1f8e9,,India
8370287d-e0c0-4b85-b282-b7bff3b40ea1,2026-05-16 00:53:31.43129 UTC,text,hi,3a77f88f-22f0-4ca4-b5ae-69ea63ba915d,8d01262f-db64-47c1-9fda-f0185bb1f8e9,,India
0e5bf2e0-0104-436b-9b4c-d0a3338da2e6,2026-05-16 00:52:10.23714 UTC,image,,3a77f88f-22f0-4ca4-b5ae-69ea63ba915d,8d01262f-db64-47c1-9fda-f0185bb1f8e9,,India
bd3f7dca-91dd-4034-8c09-f7dfdb7e6251,2025-11-17 06:44:30.208566 UTC,text,hi,9689f07e-6f38-4fb0-956f-599767ef4e75,e8e0b3d8-c927-48e0-857a-df21a342ddc8,,India
7826c373-ac35-44df-bd5a-7642382946ce,2025-11-17 06:43:30.822588 UTC,text,hi,9689f07e-6f38-4fb0-956f-599767ef4e75,e8e0b3d8-c927-48e0-857a-df21a342ddc8,,India
2fe203d7-5836-4332-b45e-896e346bcf17,2026-07-28 05:02:20.884656 UTC,text,hi,5816ed16-2792-4abc-a63d-cef62c7b817c,bf3a673c-a50f-48c8-ac9d-dedad960481b,,India
b0a27c58-7012-4192-89da-a79f59434e08,2026-03-30 19:08:27.000094 UTC,text,hi,ab7abda9-3f06-4bbb-b447-11d3dc04afae,dec12da1-3e9c-4af8-abb5-14c03ea00493,,India
3f40f9d7-c874-4b0b-85ef-b7329319102d,2026-03-30 19:06:47.938771 UTC,text,hi,ab7abda9-3f06-4bbb-b447-11d3dc04afae,dec12da1-3e9c-4af8-abb5-14c03ea00493,,India
8206b7b8-e8f4-4692-b3a5-f05ab4ab4bfc,2026-03-30 19:04:57.049883 UTC,text,hi,ab7abda9-3f06-4bbb-b447-11d3dc04afae,dec12da1-3e9c-4af8-abb5-14c03ea00493,,India
6f42b01c-19de-4b43-8366-dc70b7f882ae,2026-03-30 19:02:33.047761 UTC,text,hi,ab7abda9-3f06-4bbb-b447-11d3dc04afae,dec12da1-3e9c-4af8-abb5-14c03ea00493,,India
34cd98f9-4fee-4c42-b455-741ebc40ef29,2026-07-18 01:34:25.416694 UTC,text,hi,a4f0dec9-462a-4a6e-9120-f86c75dadd20,bf3a673c-a50f-48c8-ac9d-dedad960481b,,India
2887d4e1-07c3-4ceb-a736-9c4ea421a4ba,2026-07-19 01:48:08.340762 UTC,text,hi,00b4fb60-a532-4ad9-932e-5fca4decc32d,bf3a673c-a50f-48c8-ac9d-dedad960481b,,India
82af6793-d52f-47f5-925c-6dd1c4d0c603,2025-02-05 10:26:30.931163 UTC,text,hi,addedb0b-4ed3-45ae-a2ae-42644f39a582,a0505e91-05bd-4c7e-aa87-bd067b73707c,gender_all_female,India
14a0e764-a8fc-405c-a365-bd39aa2b077a,2025-02-05 10:37:24.916525 UTC,text,hi,addedb0b-4ed3-45ae-a2ae-42644f39a582,a0505e91-05bd-4c7e-aa87-bd067b73707c,gender_all_female,India
fd5837b5-115c-482c-9364-ef2783e57341,2025-02-05 10:23:01.436817 UTC,text,hi,addedb0b-4ed3-45ae-a2ae-42644f39a582,a0505e91-05bd-4c7e-aa87-bd067b73707c,gender_all_female,India
47139381-b6aa-4254-9eda-7401135bf960,2025-02-05 10:36:36.421322 UTC,text,hi,addedb0b-4ed3-45ae-a2ae-42644f39a582,a0505e91-05bd-4c7e-aa87-bd067b73707c,gender_all_female,India
423d4021-da6f-4a02-aebb-95eafe1afc22,2025-02-05 10:19:48.774059 UTC,text,hi,addedb0b-4ed3-45ae-a2ae-42644f39a582,a0505e91-05bd-4c7e-aa87-bd067b73707c,gender_all_female,India
d6b00b13-410c-4f38-9c8d-1c76e3ccd5b9,2025-02-05 10:36:15.363428 UTC,text,hi,addedb0b-4ed3-45ae-a2ae-42644f39a582,a0505e91-05bd-4c7e-aa87-bd067b73707c,gender_all_female,India
b4afcbcd-2b31-4051-906c-e165e36173dd,2025-02-05 10:19:08.657547 UTC,text,hi-Latn,addedb0b-4ed3-45ae-a2ae-42644f39a582,a0505e91-05bd-4c7e-aa87-bd067b73707c,gender_all_female,India
a96c7741-3676-4442-9304-cce1068639de,2025-02-05 10:35:50.303928 UTC,text,hi,addedb0b-4ed3-45ae-a2ae-42644f39a582,a0505e91-05bd-4c7e-aa87-bd067b73707c,gender_all_female,India
b673fbda-5bc0-4f6b-ba2a-368ceaad2328,2025-02-05 10:21:36.573851 UTC,text,hi,addedb0b-4ed3-45ae-a2ae-42644f39a582,a0505e91-05bd-4c7e-aa87-bd067b73707c,gender_all_female,India
d495ea26-d7eb-486d-9e01-be9d02f1a5be,2025-02-05 10:37:03.394312 UTC,text,hi,addedb0b-4ed3-45ae-a2ae-42644f39a582,a0505e91-05bd-4c7e-aa87-bd067b73707c,gender_all_female,India
b873810f-abe4-4bd1-af12-102e940348ec,2025-02-05 10:35:25.600228 UTC,text,hi-Latn,addedb0b-4ed3-45ae-a2ae-42644f39a582,a0505e91-05bd-4c7e-aa87-bd067b73707c,gender_all_female,India
8ee50704-d967-40a9-84aa-24501156d977,2025-02-05 10:20:47.073807 UTC,text,hi,addedb0b-4ed3-45ae-a2ae-42644f39a582,a0505e91-05bd-4c7e-aa87-bd067b73707c,gender_all_female,India
8bfaccbb-65dd-44cd-bdd5-c936ba7c8366,2025-02-05 10:21:06.806102 UTC,text,hi,addedb0b-4ed3-45ae-a2ae-42644f39a582,a0505e91-05bd-4c7e-aa87-bd067b73707c,gender_all_female,India
a4ad8cb6-9889-4f21-a723-8d610c4c1c6a,2025-02-05 10:23:29.539674 UTC,text,hi,addedb0b-4ed3-45ae-a2ae-42644f39a582,a0505e91-05bd-4c7e-aa87-bd067b73707c,gender_all_female,India
0a7dfee7-bc1e-4d91-8325-0e2d151d6b16,2025-02-05 10:20:11.922348 UTC,text,hi,addedb0b-4ed3-45ae-a2ae-42644f39a582,a0505e91-05bd-4c7e-aa87-bd067b73707c,gender_all_female,India
11433c79-301a-43e3-8cbf-c681d0c0e58b,2025-02-05 10:22:20.642873 UTC,text,hi,addedb0b-4ed3-45ae-a2ae-42644f39a582,a0505e91-05bd-4c7e-aa87-bd067b73707c,gender_all_female,India
702a2cc8-c8a7-47ef-a2b5-b0d151f29664,2025-02-05 10:22:39.805291 UTC,text,hi,addedb0b-4ed3-45ae-a2ae-42644f39a582,a0505e91-05bd-4c7e-aa87-bd067b73707c,gender_all_female,India
c4ccaf60-0c28-49f0-8a3e-7c4cc481cd13,2025-02-05 10:21:59.282545 UTC,text,hi,addedb0b-4ed3-45ae-a2ae-42644f39a582,a0505e91-05bd-4c7e-aa87-bd067b73707c,gender_all_female,India
b4202382-3ba6-4b54-bc81-d112646f645e,2025-02-05 10:25:51.356479 UTC,text,hi,addedb0b-4ed3-45ae-a2ae-42644f39a582,a0505e91-05bd-4c7e-aa87-bd067b73707c,gender_all_female,India
94a89b45-e6c4-4a77-ab83-5fcee10cc72c,2025-11-18 10:59:08.796043 UTC,text,hi,6699efe0-7f48-4abd-a15c-66ec569c7197,e8e0b3d8-c927-48e0-857a-df21a342ddc8,,India
f80a47eb-ab68-44f2-971d-bf68f8f2e034,2025-11-17 06:47:28.558767 UTC,text,hi,c4c99fae-5418-406a-83b7-1964183f3a2f,e8e0b3d8-c927-48e0-857a-df21a342ddc8,,India
cbfa7cbe-213e-4086-8ff6-1b7345532895,2026-07-28 05:03:12.985167 UTC,voice,hi,9f4a4330-4450-41ab-81d8-acae7c399795,bf3a673c-a50f-48c8-ac9d-dedad960481b,,India
a38c495d-2530-4656-9de5-2b935519cd34,2026-07-28 05:02:34.008999 UTC,text,hi,9f4a4330-4450-41ab-81d8-acae7c399795,bf3a673c-a50f-48c8-ac9d-dedad960481b,,India
ec7004a3-90c0-42ea-bf1e-7e893d289507,2026-07-12 04:30:13.595542 UTC,text,hi,9ea416a9-8378-4560-a0f6-54a55b9d5e8e,bf3a673c-a50f-48c8-ac9d-dedad960481b,,India
ba78a957-e8b7-4678-bc88-2348691447fb,2025-11-18 10:58:39.858188 UTC,text,hi,35d913d6-33fb-472e-9655-cc51df893fb0,e8e0b3d8-c927-48e0-857a-df21a342ddc8,,India
93320da3-8c3e-48aa-a726-4aae9acc5a01,2026-07-28 05:03:33.534317 UTC,voice,hi,4eff50d7-0335-408b-8d7b-8f91f61b90b5,bf3a673c-a50f-48c8-ac9d-dedad960481b,,India
33fd67e0-82d2-45b2-99a0-b4807bb53c31,2026-03-30 19:02:11.358404 UTC,text,hi,d24f0ce6-9124-4cfd-9d89-4009230a8bc3,dec12da1-3e9c-4af8-abb5-14c03ea00493,,India
55a42097-5623-4f4b-b67e-fa618f1f5a72,2025-01-10 08:12:36.201896 UTC,text,hi,49b72afc-acf3-4851-a838-bebf4376a1d6,a0505e91-05bd-4c7e-aa87-bd067b73707c,gender_all_female,India
bf7a2073-1616-40af-92e4-33a1fd611d7b,2025-01-10 08:11:29.552685 UTC,text,hi,49b72afc-acf3-4851-a838-bebf4376a1d6,a0505e91-05bd-4c7e-aa87-bd067b73707c,gender_all_female,India
ee8b1205-483d-4e6a-a173-df3db44987e4,2025-01-10 08:10:53.484391 UTC,text,hi-Latn,49b72afc-acf3-4851-a838-bebf4376a1d6,a0505e91-05bd-4c7e-aa87-bd067b73707c,gender_all_female,India
1b720617-75a7-4f72-87f3-cc636591178e,2025-01-10 08:12:00.762415 UTC,text,hi,49b72afc-acf3-4851-a838-bebf4376a1d6,a0505e91-05bd-4c7e-aa87-bd067b73707c,gender_all_female,India
4a82a0cb-8478-4dd5-8256-fa1ba3a3b572,2025-01-10 08:13:06.634149 UTC,text,hi,49b72afc-acf3-4851-a838-bebf4376a1d6,a0505e91-05bd-4c7e-aa87-bd067b73707c,gender_all_female,India
20b27dde-00a7-473e-b7d7-a5337d3393a3,2025-01-10 08:13:20.552979 UTC,text,hi,49b72afc-acf3-4851-a838-bebf4376a1d6,a0505e91-05bd-4c7e-aa87-bd067b73707c,gender_all_female,India
535943c6-d261-4c78-bd43-2d1600331814,2025-01-10 08:11:15.163714 UTC,text,hi,49b72afc-acf3-4851-a838-bebf4376a1d6,a0505e91-05bd-4c7e-aa87-bd067b73707c,gender_all_female,India
e7d97910-7d25-4ac5-974f-9d4a9f8de8e3,2025-01-10 08:12:49.512919 UTC,text,hi,49b72afc-acf3-4851-a838-bebf4376a1d6,a0505e91-05bd-4c7e-aa87-bd067b73707c,gender_all_female,India
33e52e2b-c22c-441f-8f85-950841fefa8e,2025-01-10 08:12:20.069434 UTC,text,hi,49b72afc-acf3-4851-a838-bebf4376a1d6,a0505e91-05bd-4c7e-aa87-bd067b73707c,gender_all_female,India
c08d9f2b-eb40-4336-af50-134d0da36ccc,2025-01-10 08:11:43.871926 UTC,text,hi,49b72afc-acf3-4851-a838-bebf4376a1d6,a0505e91-05bd-4c7e-aa87-bd067b73707c,gender_all_female,India
1527f1ee-bcb8-4ef6-80ab-6e295b5d01f8,2026-07-28 05:17:34.605929 UTC,text,hi,4ee4069e-2047-4f39-ae63-7f85c4403c2a,ac7b3f67-90c1-4f3c-94e4-65ec7dec7811,,India
c8c9c325-7926-4e28-a996-9d3b752cd153,2026-07-28 05:17:41.948678 UTC,text,hi,4ee4069e-2047-4f39-ae63-7f85c4403c2a,ac7b3f67-90c1-4f3c-94e4-65ec7dec7811,,India
7d345f67-e54b-49bc-b92e-d927c69e69f8,2026-01-31 07:19:57.480035 UTC,image,,7f66190b-9bfb-4182-8c5d-fc7a4ea5dd5e,389e36b2-6422-472b-b2ec-06cb2141618b,gender_all_female,India
5b4d84f3-901c-4413-b7bf-429b826e77cb,2026-01-31 07:19:03.756202 UTC,text,te,90e46176-6e7c-4b70-97cd-fadac22bd75c,389e36b2-6422-472b-b2ec-06cb2141618b,gender_all_female,India
db12231a-79df-4569-868a-5669254ef0c7,2026-02-07 10:52:56.48847 UTC,image,,22b21eae-9ab4-4bd4-8953-5267939d9c6c,389e36b2-6422-472b-b2ec-06cb2141618b,gender_all_female,India
10025fc6-ecff-42ea-8cbb-5e20962b7648,2026-02-07 10:53:39.261366 UTC,image,,22b21eae-9ab4-4bd4-8953-5267939d9c6c,389e36b2-6422-472b-b2ec-06cb2141618b,gender_all_female,India
801ab1ce-73db-4a67-93a3-a590359bb351,2026-01-31 07:19:32.014159 UTC,image,,385a5887-efc7-469c-804f-822140253411,389e36b2-6422-472b-b2ec-06cb2141618b,gender_all_female,India
8a4634de-fc7f-4803-9b08-8d1008d1ed46,2026-02-01 05:33:14.670401 UTC,image,,0bd47172-f848-48d9-a6eb-b9b047ae5768,389e36b2-6422-472b-b2ec-06cb2141618b,gender_all_female,India
b02a405f-c99b-4305-b437-f4c5fdc50aa3,2026-04-03 00:41:16.364043 UTC,image,,bd39c694-a78d-4965-8f68-572f5c04b397,389e36b2-6422-472b-b2ec-06cb2141618b,gender_all_female,India
d7a95d75-8e8a-4dda-acab-a8d168256aa9,2026-02-25 07:36:26.102538 UTC,text,am,5a1a9a37-3020-4677-a741-96a8a63e1098,c5049261-2176-4125-af9d-96ff3e502c08,,Ethiopia
800882d6-38ed-4b1a-827a-bb31546f9977,2026-02-25 07:33:56.720856 UTC,voice,am,1e417d79-2833-40b0-af46-cae8dc4578a8,c5049261-2176-4125-af9d-96ff3e502c08,,Ethiopia
ea539ca0-6259-424b-9d15-eab4bd2f41c1,2026-02-01 05:34:14.495877 UTC,image,,bd417382-de0c-43ae-bfd4-43d8bbecc1e7,389e36b2-6422-472b-b2ec-06cb2141618b,gender_all_female,India
a3dfc982-fb31-4264-8918-79e86ff5c1a8,2026-02-25 07:35:18.104744 UTC,voice,am,cec23334-53c0-4e5f-bd33-d994001669e1,c5049261-2176-4125-af9d-96ff3e502c08,,Ethiopia
d38a3802-34e6-4ed1-97cd-827989ff1bff,2026-02-26 12:12:38.618522 UTC,image,,f8504cfb-2beb-4594-ab52-a4ce915d47ec,389e36b2-6422-472b-b2ec-06cb2141618b,gender_all_female,India
93fbf574-1e11-4c23-83e8-e71bc0334c4d,2025-02-02 02:34:03.933874 UTC,text,hi,6006a5c0-1b79-495d-b380-b3ab5a0b8c6d,0026cd04-e20c-4f55-8fca-3016d30a8a68,gender_all_male,India
e0b4f276-4e76-4bd0-b011-ec9fc42bde52,2025-02-02 02:32:39.358763 UTC,voice,hi,6006a5c0-1b79-495d-b380-b3ab5a0b8c6d,0026cd04-e20c-4f55-8fca-3016d30a8a68,gender_all_male,India
e7c7fcd4-1523-40c9-8597-33dc1e11bfd3,2025-02-02 02:33:36.85761 UTC,text,hi,6006a5c0-1b79-495d-b380-b3ab5a0b8c6d,0026cd04-e20c-4f55-8fca-3016d30a8a68,gender_all_male,India
505c5348-6e29-4cbd-848f-f9f17bced984,2025-02-02 02:33:16.140724 UTC,text,hi,6006a5c0-1b79-495d-b380-b3ab5a0b8c6d,0026cd04-e20c-4f55-8fca-3016d30a8a68,gender_all_male,India
0c831f90-0433-4e6d-a550-1673021a4301,2026-08-11 14:45:58.618257 UTC,text,en,a7e250a4-e91d-4047-bf6c-7f0a0e7eff7b,faac4605-3ce0-43b2-92b6-2682d85c4428,,India
806b74fa-5912-4550-88a7-cdc3d9d2eba7,2026-08-11 14:46:01.93797 UTC,text,en,a7e250a4-e91d-4047-bf6c-7f0a0e7eff7b,faac4605-3ce0-43b2-92b6-2682d85c4428,,India
739a937e-564f-44e2-90e1-a7d5a29bbcd3,2025-01-09 10:36:59.762707 UTC,text,hi,26aa9ab2-3327-4dc8-a145-f884972e0271,a733c4d1-08b6-4363-95fe-7334ee3aef79,gender_all_male,India
a5c31131-f15f-46c6-8bc3-068b6170ccc4,2025-01-09 10:37:45.768925 UTC,text,hi,26aa9ab2-3327-4dc8-a145-f884972e0271,a733c4d1-08b6-4363-95fe-7334ee3aef79,gender_all_male,India
64ce730e-7bf2-48f3-b94b-94cf15d30bb3,2025-01-09 10:38:06.412068 UTC,text,hi,26aa9ab2-3327-4dc8-a145-f884972e0271,a733c4d1-08b6-4363-95fe-7334ee3aef79,gender_all_male,India
5531d991-dc83-4b56-9e50-a26449eaae5b,2025-01-09 10:40:09.008403 UTC,text,hi-Latn,26aa9ab2-3327-4dc8-a145-f884972e0271,a733c4d1-08b6-4363-95fe-7334ee3aef79,gender_all_male,India
9a356985-350c-4ee8-91cd-3f372fc3ddbd,2025-01-09 10:35:49.623945 UTC,text,hi-Latn,26aa9ab2-3327-4dc8-a145-f884972e0271,a733c4d1-08b6-4363-95fe-7334ee3aef79,gender_all_male,India
2b227c48-4121-468a-a186-1efbd4f5b81e,2025-01-09 10:37:25.114869 UTC,text,hi,26aa9ab2-3327-4dc8-a145-f884972e0271,a733c4d1-08b6-4363-95fe-7334ee3aef79,gender_all_male,India
ef008f96-882f-4ac7-92de-1acc3ba1b9f4,2025-01-09 10:36:42.872072 UTC,text,hi,26aa9ab2-3327-4dc8-a145-f884972e0271,a733c4d1-08b6-4363-95fe-7334ee3aef79,gender_all_male,India
036fbe40-537e-48d6-b499-856b35ad1e31,2026-05-31 07:00:32.159399 UTC,voice,hi,ba964233-ed9e-41b9-9707-b1dd58cfcb84,de1ff96d-469a-420c-b5cb-bea5370d0c44,,India
9a950a88-89a8-4896-83df-89f621ab6065,2025-01-14 06:27:13.27044 UTC,text,hi,6727b909-94ea-40fa-9593-8c3b7b25e5a7,0026cd04-e20c-4f55-8fca-3016d30a8a68,gender_all_male,India
c5b9d18b-a65a-46c9-8e0f-4453ad094166,2026-08-11 14:46:30.193923 UTC,text,en,6487c9f6-ccc7-409f-a1a1-c9da84961c4e,faac4605-3ce0-43b2-92b6-2682d85c4428,,India
b680e5ba-bd8b-41a0-b576-2db196909052,2026-05-31 07:00:13.4723 UTC,text,hi,ba4e89aa-c959-483a-8cb2-7e829148055c,de1ff96d-469a-420c-b5cb-bea5370d0c44,,India
05733e76-91c5-44f8-816e-9bc5a1eddef2,2026-05-03 10:30:55.121562 UTC,text,or,98880207-e959-43a6-9c78-e3d0f24ed46c,7f28603f-62bc-47cc-bd5f-6242fa52ab63,gender_all_male,India
5c13b882-1ab5-4654-b4ba-29d24b771dfe,2025-01-14 06:36:10.847951 UTC,text,hi,172b968a-4e97-4b02-a30d-925ceaea661b,0026cd04-e20c-4f55-8fca-3016d30a8a68,gender_all_male,India
05e17ed5-b6d3-4e59-a5a0-1a664cb6c044,2026-09-07 04:52:49.324874 UTC,voice,hi,8834c2a2-1f4e-41ed-8a42-b05a147d8e68,63d06e27-c0b4-4e11-a3d2-9793fd06ec50,gender_all_male,India
932000e6-7406-4998-bf30-3f1fee1fe67e,2025-01-14 06:37:28.443641 UTC,text,hi,172b968a-4e97-4b02-a30d-925ceaea661b,0026cd04-e20c-4f55-8fca-3016d30a8a68,gender_all_male,India
98a9585e-d64c-4576-afcf-0d9258e06d79,2025-01-14 06:36:40.5712 UTC,text,hi,172b968a-4e97-4b02-a30d-925ceaea661b,0026cd04-e20c-4f55-8fca-3016d30a8a68,gender_all_male,India
6b9603e4-7894-4054-90b5-42f4f82fcf0e,2025-01-14 06:36:54.357069 UTC,text,hi,172b968a-4e97-4b02-a30d-925ceaea661b,0026cd04-e20c-4f55-8fca-3016d30a8a68,gender_all_male,India
c8e414de-1fed-48c2-83b2-75ebd1d34dc0,2025-01-14 06:37:05.596215 UTC,text,hi,172b968a-4e97-4b02-a30d-925ceaea661b,0026cd04-e20c-4f55-8fca-3016d30a8a68,gender_all_male,India
0e05091e-9e9d-4523-bdad-1060adb24969,2025-01-14 06:36:26.29102 UTC,text,hi,172b968a-4e97-4b02-a30d-925ceaea661b,0026cd04-e20c-4f55-8fca-3016d30a8a68,gender_all_male,India
2ee97bf8-4327-4cf7-aef2-67629fd6db49,2025-01-14 06:35:52.813255 UTC,voice,hi,172b968a-4e97-4b02-a30d-925ceaea661b,0026cd04-e20c-4f55-8fca-3016d30a8a68,gender_all_male,India
26bab1e5-ccda-489a-b240-cfebdfcb217a,2025-01-14 06:38:09.112739 UTC,text,hi,172b968a-4e97-4b02-a30d-925ceaea661b,0026cd04-e20c-4f55-8fca-3016d30a8a68,gender_all_male,India
4faa3e4f-65c4-4030-a27f-66b0dec0228e,2025-01-14 06:41:33.475953 UTC,voice,hi,172b968a-4e97-4b02-a30d-925ceaea661b,0026cd04-e20c-4f55-8fca-3016d30a8a68,gender_all_male,India
519f86c0-0e8b-4539-9bc0-7aae0b8bd6e9,2025-01-14 06:37:57.422742 UTC,text,hi,172b968a-4e97-4b02-a30d-925ceaea661b,0026cd04-e20c-4f55-8fca-3016d30a8a68,gender_all_male,India
54bffa5c-7515-41d0-a1ec-50132c909832,2026-09-07 04:51:17.011868 UTC,text,hi,b231a82e-2619-4291-8e8f-00ee54950ee0,63d06e27-c0b4-4e11-a3d2-9793fd06ec50,gender_all_male,India
962676f5-336f-4483-a603-406fff4d4ceb,2026-09-07 04:51:38.608267 UTC,voice,hi,b231a82e-2619-4291-8e8f-00ee54950ee0,63d06e27-c0b4-4e11-a3d2-9793fd06ec50,gender_all_male,India
67363223-ff41-4dbe-a43c-af3c274437ae,2025-01-14 06:25:16.392975 UTC,text,hi,aa62cf5f-d7a4-4889-a0db-2a8e1775764a,0026cd04-e20c-4f55-8fca-3016d30a8a68,gender_all_male,India
03bbca87-51d4-4084-bb06-623e23107c29,2025-01-14 06:25:36.000873 UTC,text,hi,aa62cf5f-d7a4-4889-a0db-2a8e1775764a,0026cd04-e20c-4f55-8fca-3016d30a8a68,gender_all_male,India
0502351d-a93a-495c-b6cd-6725c39dfa2e,2025-01-14 06:23:10.207471 UTC,voice,hi,aa62cf5f-d7a4-4889-a0db-2a8e1775764a,0026cd04-e20c-4f55-8fca-3016d30a8a68,gender_all_male,India
62b57e21-3001-4cea-803d-96cb5022f899,2025-01-14 06:26:10.02266 UTC,text,hi,aa62cf5f-d7a4-4889-a0db-2a8e1775764a,0026cd04-e20c-4f55-8fca-3016d30a8a68,gender_all_male,India
549202b0-2ce5-4724-bbf1-0ea1e9aed572,2025-01-14 06:26:27.884053 UTC,text,hi,aa62cf5f-d7a4-4889-a0db-2a8e1775764a,0026cd04-e20c-4f55-8fca-3016d30a8a68,gender_all_male,India
37647064-a5a1-4194-8d92-2de1804fd3b7,2026-04-27 03:07:52.100399 UTC,text,hi,3b561ad1-bb9b-4984-86fa-1acb652c4932,b232c021-b2a2-47c9-9fef-b7ecd2ec3da8,,India
5b4729cb-fcd4-4545-b60e-eb5429ce6506,2026-04-27 03:09:19.483183 UTC,text,hi,57edb3f0-96b8-4ba7-90bf-9bafa33216bd,b232c021-b2a2-47c9-9fef-b7ecd2ec3da8,,India
0ada52dc-7d34-40a1-92ac-74ab6e759b3c,2026-02-18 08:20:50.222209 UTC,text,hi,42e22ed6-a742-4d1d-88f6-86cd19168a16,b232c021-b2a2-47c9-9fef-b7ecd2ec3da8,,India
2763f1a3-b708-40a1-af66-24ddff84c059,2026-02-18 08:20:06.10004 UTC,text,hi,42e22ed6-a742-4d1d-88f6-86cd19168a16,b232c021-b2a2-47c9-9fef-b7ecd2ec3da8,,India
f84dd372-5218-47e4-9281-421fbfa4b19e,2025-01-29 02:16:58.611014 UTC,text,or,07ec4106-a279-4631-ad74-5443f911b4db,48387f3c-ea22-472f-afaf-ac201561c8fc,gender_all_male,India
f9ef6b20-99c1-4506-af47-bc1c956f4837,2026-04-05 10:55:42.810054 UTC,text,hi,1212aaf5-451e-4e88-b3c8-f22b9a5886e6,b232c021-b2a2-47c9-9fef-b7ecd2ec3da8,,India
e6a32582-e61d-4d91-8232-d9a8a7513689,2025-04-20 11:30:52.413726 UTC,voice,am,03488c1e-699e-418d-a9f1-933b2b31fc52,b2349dd4-8326-40fb-9e9a-84f766d1bca0,gender_all_female,Ethiopia
6f9767f4-30b7-4bbc-a7be-351833ab0d2a,2025-04-20 11:27:39.915368 UTC,text,am,03488c1e-699e-418d-a9f1-933b2b31fc52,b2349dd4-8326-40fb-9e9a-84f766d1bca0,gender_all_female,Ethiopia
6f0b5a62-ad3f-45e5-8d6b-1044e0f80b32,2025-04-20 11:33:16.05767 UTC,text,am,03488c1e-699e-418d-a9f1-933b2b31fc52,b2349dd4-8326-40fb-9e9a-84f766d1bca0,gender_all_female,Ethiopia
a0342672-0069-4be3-8fd7-c37ce9ad9523,2025-04-20 11:32:50.012071 UTC,text,am,03488c1e-699e-418d-a9f1-933b2b31fc52,b2349dd4-8326-40fb-9e9a-84f766d1bca0,gender_all_female,Ethiopia
9c57036e-8c87-4dff-af1e-25231f095545,2025-04-20 11:28:13.60466 UTC,voice,am,03488c1e-699e-418d-a9f1-933b2b31fc52,b2349dd4-8326-40fb-9e9a-84f766d1bca0,gender_all_female,Ethiopia
dca66495-dcf5-4ff3-9a5f-fc8038d0eb59,2025-04-20 11:32:13.117667 UTC,text,am,03488c1e-699e-418d-a9f1-933b2b31fc52,b2349dd4-8326-40fb-9e9a-84f766d1bca0,gender_all_female,Ethiopia
de758e4d-c282-4a2a-a5bf-48e904f7f0ec,2025-04-20 11:30:29.089432 UTC,text,am,03488c1e-699e-418d-a9f1-933b2b31fc52,b2349dd4-8326-40fb-9e9a-84f766d1bca0,gender_all_female,Ethiopia
15d7a853-c66f-454f-a0ee-fc9ad6109f7e,2025-04-20 11:30:07.082693 UTC,text,am,03488c1e-699e-418d-a9f1-933b2b31fc52,b2349dd4-8326-40fb-9e9a-84f766d1bca0,gender_all_female,Ethiopia
eb1b4b54-edcd-4511-95bc-f49690fd75f1,2025-04-20 11:32:35.178808 UTC,text,am,03488c1e-699e-418d-a9f1-933b2b31fc52,b2349dd4-8326-40fb-9e9a-84f766d1bca0,gender_all_female,Ethiopia
df13591a-0f55-498c-8e55-ffa03e3770ab,2025-01-22 06:05:31.359598 UTC,voice,hi,2c175ecd-b402-42bb-ba7e-91a9194a5b3d,18ba2dc9-51f7-4c4a-8594-6992a1402a4a,gender_all_male,India
9e0f7eea-b56c-41cf-90f4-4a8f5c5668d6,2025-01-27 09:01:09.873602 UTC,voice,en,73affc04-85a1-48e8-a514-959d77c2c74d,3c8eceb5-8639-40cd-b1ad-5f329f236116,gender_all_male,India
85591534-9c2a-49a7-ba35-9903e882e34d,2025-01-29 14:29:52.439891 UTC,text,hi,f258e9b3-ef87-49be-ab34-7c1e9e0f282b,3c8eceb5-8639-40cd-b1ad-5f329f236116,gender_all_male,India
ae9609e8-d0e0-4de5-ae59-6cdca390f496,2025-01-27 09:05:05.753732 UTC,voice,hi,73affc04-85a1-48e8-a514-959d77c2c74d,3c8eceb5-8639-40cd-b1ad-5f329f236116,gender_all_male,India
3a1f6409-8788-4c28-9e6f-794beaf1fe06,2025-01-27 09:06:21.489712 UTC,voice,en,73affc04-85a1-48e8-a514-959d77c2c74d,3c8eceb5-8639-40cd-b1ad-5f329f236116,gender_all_male,India
30173264-dfbd-413b-9920-a5b546c3424f,2025-01-27 09:04:38.123017 UTC,voice,,73affc04-85a1-48e8-a514-959d77c2c74d,3c8eceb5-8639-40cd-b1ad-5f329f236116,gender_all_male,India
7c3de38e-2fb6-42d0-95ed-4bfd2ff5bb88,2025-01-27 09:03:45.297791 UTC,voice,,73affc04-85a1-48e8-a514-959d77c2c74d,3c8eceb5-8639-40cd-b1ad-5f329f236116,gender_all_male,India
47f9e8ff-fe93-4db8-9971-bf2b09703bd2,2025-01-27 09:03:17.260129 UTC,voice,,73affc04-85a1-48e8-a514-959d77c2c74d,3c8eceb5-8639-40cd-b1ad-5f329f236116,gender_all_male,India
36a85664-329e-4975-b4f5-529e4f0c3405,2025-01-27 09:02:51.348531 UTC,voice,hi,73affc04-85a1-48e8-a514-959d77c2c74d,3c8eceb5-8639-40cd-b1ad-5f329f236116,gender_all_male,India
1613175b-13f9-48e1-afcd-7b52b3fbc0d6,2025-01-27 09:02:37.688538 UTC,voice,,73affc04-85a1-48e8-a514-959d77c2c74d,3c8eceb5-8639-40cd-b1ad-5f329f236116,gender_all_male,India
2917853c-afbe-484f-bdd2-67abc052bb1d,2025-01-27 09:04:10.783499 UTC,voice,,73affc04-85a1-48e8-a514-959d77c2c74d,3c8eceb5-8639-40cd-b1ad-5f329f236116,gender_all_male,India
354a9625-611e-4743-a34c-b4fdc34ab9e1,2025-01-27 09:01:45.917599 UTC,voice,hi,73affc04-85a1-48e8-a514-959d77c2c74d,3c8eceb5-8639-40cd-b1ad-5f329f236116,gender_all_male,India
3079abb8-04af-4762-9b6b-df5b5b7a157d,2026-07-01 13:04:09.349402 UTC,text,hi,612c7c35-6d82-463b-b416-11e337b88f8c,b232c021-b2a2-47c9-9fef-b7ecd2ec3da8,,India
6305708c-e48a-47e1-83af-b79f70978b0a,2026-07-27 15:17:34.884941 UTC,text,hi,d7e21025-6189-46c9-b033-f1474fff7e29,f6203f53-4d99-4565-8448-de2f343f5655,gender_all_male,India
dd34568c-a15d-4972-97ad-13a91ac8e043,2026-07-27 15:16:31.634207 UTC,image,,d7e21025-6189-46c9-b033-f1474fff7e29,f6203f53-4d99-4565-8448-de2f343f5655,gender_all_male,India
95b42d56-3baf-45f8-8445-54a8a77af215,2026-02-08 14:20:17.954424 UTC,text,hi,410d291a-f76a-4161-81a7-130cd811d5b0,5ea51987-ee0f-45d9-b23c-1c669b49c3de,gender_all_female,India
e50de142-b4db-473a-88ef-1e82228a5e8e,2025-11-08 09:34:15.462933 UTC,text,en,144764e2-624a-4c46-8e14-86524ffa5cbf,88ed3d3e-a9bd-4deb-8e9f-971d95b08d99,,India
7622de90-242a-4db1-a721-7f13fac5caad,2025-11-08 09:42:00.046495 UTC,text,hi,7f88b247-3860-46a5-be5c-eb84735a1dea,88ed3d3e-a9bd-4deb-8e9f-971d95b08d99,,India
2fc4a03f-f3bc-405d-bb5b-15e928ac38ec,2025-11-08 09:38:56.125897 UTC,text,hi,7f88b247-3860-46a5-be5c-eb84735a1dea,88ed3d3e-a9bd-4deb-8e9f-971d95b08d99,,India
2ac20fd0-cf67-4e95-8b92-ae73ee3c850f,2025-11-08 09:45:31.254971 UTC,text,hi,3c015c8e-c9c8-4d1d-bf36-56b1dabdbf3c,88ed3d3e-a9bd-4deb-8e9f-971d95b08d99,,India
d10a2cd8-74ff-400e-ab09-9f85bb52fc04,2025-11-08 09:37:31.90098 UTC,text,hi-Latn,44f3a79d-8154-44bb-a279-fd72cd8673cf,88ed3d3e-a9bd-4deb-8e9f-971d95b08d99,,India
128454e0-1590-4180-b058-3528a02b29de,2025-11-08 09:35:33.032818 UTC,text,en,44f3a79d-8154-44bb-a279-fd72cd8673cf,88ed3d3e-a9bd-4deb-8e9f-971d95b08d99,,India
828169d7-ae21-4cdf-8b2a-38bf243216fd,2025-11-08 09:36:51.624918 UTC,voice,en,44f3a79d-8154-44bb-a279-fd72cd8673cf,88ed3d3e-a9bd-4deb-8e9f-971d95b08d99,,India
8ed9ea31-3dea-4e80-b8e7-2d22258968a5,2026-01-31 15:40:39.604696 UTC,text,ne,dce0b255-6372-4baa-af37-6fbbfafd650e,10ccaff2-42e9-45d0-94bf-81923cf6c595,,India
8ba0cb48-7db0-4eef-abf7-57449705d828,2026-03-26 07:13:26.773001 UTC,text,,c89429cc-15f8-46d3-a3b9-99205ce66013,6cb9b304-24a6-4fd3-ab54-e00dbf4b81af,,Ethiopia
297dc9bb-e7a9-4f77-be90-a77cc148aa13,2025-11-08 09:44:29.816039 UTC,text,hi,cd1f2eab-bab3-4b05-9601-f5299953d6bd,88ed3d3e-a9bd-4deb-8e9f-971d95b08d99,,India
380e70c4-c1a3-4826-bb22-cb0c8ec0256e,2026-03-26 07:12:30.754876 UTC,text,am,a5e2d813-aab6-4b80-b85d-d197f532fb84,6cb9b304-24a6-4fd3-ab54-e00dbf4b81af,,Ethiopia
656dbc8f-dc48-40f7-a9db-1791ad3f4097,2024-11-08 08:11:00.142304 UTC,text,or,047bd94f-23db-4f61-84a5-ef788a999d8f,5220d1c5-e9ab-4434-8163-bd78f1515f58,gender_all_female,India
344dcc56-0805-4cd3-9e85-f040ad7652ac,2024-11-08 08:11:48.810966 UTC,text,or,047bd94f-23db-4f61-84a5-ef788a999d8f,5220d1c5-e9ab-4434-8163-bd78f1515f58,gender_all_female,India
f2dd5611-aaaf-479f-83c0-6b065d9d375b,2026-01-03 09:38:31.522311 UTC,voice,hi,044a802c-fd0d-408e-9290-2ef0bff56cf8,57e430a1-cfa3-42c7-8797-af98a1255e2a,,India
487bc448-82d0-48e3-a1da-c57aca5727e2,2025-11-08 09:48:17.64367 UTC,text,hi,b56c52d8-94d8-4072-be3a-04d04440a7d3,88ed3d3e-a9bd-4deb-8e9f-971d95b08d99,,India
b70dcec2-6f9f-4981-b0c3-a62b7309c965,2026-01-31 15:42:15.618255 UTC,voice,hi,176fe376-d45e-4fc4-8833-ccb05571a54a,10ccaff2-42e9-45d0-94bf-81923cf6c595,,India
7ed762ef-dfdc-472e-93b6-a92b6458ac93,2026-01-31 15:43:27.030311 UTC,text,hi,176fe376-d45e-4fc4-8833-ccb05571a54a,10ccaff2-42e9-45d0-94bf-81923cf6c595,,India
4d49d3da-ef31-4d9f-a235-446a2bc88b92,2026-07-26 17:11:49.335937 UTC,text,en,accce8c3-81f5-4147-87b6-beb8f8d3fd03,b98e328c-86e7-465a-944e-09c773110482,gender_all_male,Kenya
ecb7b6e1-fb8d-4775-ae95-d29c72cba481,2025-11-08 09:48:06.556299 UTC,text,hi,363d8056-2a08-4ee7-a0df-b72e9f6054d2,88ed3d3e-a9bd-4deb-8e9f-971d95b08d99,,India
9b029169-c71c-4126-858f-f2d055f8f926,2025-11-08 09:47:15.325828 UTC,text,hi,363d8056-2a08-4ee7-a0df-b72e9f6054d2,88ed3d3e-a9bd-4deb-8e9f-971d95b08d99,,India
cc535880-b73a-4008-893e-60369f2afec5,2025-01-24 04:24:36.413369 UTC,text,hi,2a8303dd-4d71-4ec6-b221-ce72bd1be7b8,555f6a4e-809f-49ce-83d0-4d742f8e5231,gender_all_male,India
7eb5363b-72e2-4d84-9171-97f185ecf2b5,2025-01-24 04:24:50.146673 UTC,text,hi,2a8303dd-4d71-4ec6-b221-ce72bd1be7b8,555f6a4e-809f-49ce-83d0-4d742f8e5231,gender_all_male,India
a3450b18-7be3-4d3e-891f-e67f8fe182db,2025-01-24 04:25:20.241069 UTC,text,hi,2a8303dd-4d71-4ec6-b221-ce72bd1be7b8,555f6a4e-809f-49ce-83d0-4d742f8e5231,gender_all_male,India
c772b97b-1eb4-40d3-880c-d114bf05728a,2025-01-24 04:24:22.598273 UTC,text,hi,2a8303dd-4d71-4ec6-b221-ce72bd1be7b8,555f6a4e-809f-49ce-83d0-4d742f8e5231,gender_all_male,India
2157c762-2437-4c87-91fb-5c6eb0d2edc0,2025-01-24 04:25:06.113778 UTC,text,hi,2a8303dd-4d71-4ec6-b221-ce72bd1be7b8,555f6a4e-809f-49ce-83d0-4d742f8e5231,gender_all_male,India
d7ac4e99-c320-4476-91ed-f80d9af68b4a,2025-01-24 04:25:55.548821 UTC,text,hi,2a8303dd-4d71-4ec6-b221-ce72bd1be7b8,555f6a4e-809f-49ce-83d0-4d742f8e5231,gender_all_male,India
f04c5e1c-6a6e-4652-86b9-b2183485a4eb,2025-01-24 04:24:06.164653 UTC,voice,hi,2a8303dd-4d71-4ec6-b221-ce72bd1be7b8,555f6a4e-809f-49ce-83d0-4d742f8e5231,gender_all_male,India
042d0d86-4229-439e-b567-f0c0c5cac35b,2025-01-30 09:41:28.995988 UTC,text,hi,2624cd2e-9c3b-47b2-a27f-16e206c0ca64,e0279682-c22c-4e1b-a795-430366a97676,gender_all_male,India
50eee463-b6c6-4211-a232-1adc561c2604,2025-01-30 09:41:45.536259 UTC,text,hi,2624cd2e-9c3b-47b2-a27f-16e206c0ca64,e0279682-c22c-4e1b-a795-430366a97676,gender_all_male,India
8ab94de2-737b-4d6b-af00-674db1a0da3b,2025-01-30 15:42:35.657675 UTC,voice,hi,ab11aca6-b522-41f7-822d-091133c3d2d0,e0279682-c22c-4e1b-a795-430366a97676,gender_all_male,India
b1c355b3-ab7a-46fc-ba23-f92df7f579f8,2025-01-30 15:43:24.392297 UTC,text,hi,ab11aca6-b522-41f7-822d-091133c3d2d0,e0279682-c22c-4e1b-a795-430366a97676,gender_all_male,India
2852b7e5-a5e3-43d5-8e3d-9a5a7072415a,2025-01-30 15:36:56.380416 UTC,text,hi,975b5441-5480-45ba-97d4-6335b54b48cc,e0279682-c22c-4e1b-a795-430366a97676,gender_all_male,India
99a67552-5040-4ecb-9a67-1700c12fa9b3,2025-01-30 15:34:44.63179 UTC,voice,hi,975b5441-5480-45ba-97d4-6335b54b48cc,e0279682-c22c-4e1b-a795-430366a97676,gender_all_male,India
3812df0c-1640-4a96-9451-1b29991f6b9c,2025-01-30 15:37:56.014574 UTC,text,hi,975b5441-5480-45ba-97d4-6335b54b48cc,e0279682-c22c-4e1b-a795-430366a97676,gender_all_male,India
54efabd8-dcf6-4081-9706-c35b3f5df750,2025-01-30 15:38:51.814781 UTC,text,hi,975b5441-5480-45ba-97d4-6335b54b48cc,e0279682-c22c-4e1b-a795-430366a97676,gender_all_male,India
f6b36e04-6411-4008-b76e-4b2dc10f7776,2025-01-30 15:35:58.79983 UTC,text,hi,975b5441-5480-45ba-97d4-6335b54b48cc,e0279682-c22c-4e1b-a795-430366a97676,gender_all_male,India
a9575a5e-a7fa-41f8-8576-0956a23b7b76,2026-03-17 14:33:39.464264 UTC,text,te,ee3c97bf-a84b-47da-9e36-39887aa0ab17,047b218a-3ead-4048-b536-04a7807068ab,gender_all_male,India
0823e060-d2bb-4e93-8146-c785633a8842,2025-02-12 07:15:47.406129 UTC,text,hi,821dd30a-ce39-48d4-b953-5911c707914a,e0279682-c22c-4e1b-a795-430366a97676,gender_all_male,India
8574b4e7-c330-4999-8062-2651cb44029c,2025-02-12 07:15:22.881774 UTC,text,hi,821dd30a-ce39-48d4-b953-5911c707914a,e0279682-c22c-4e1b-a795-430366a97676,gender_all_male,India
2b843ed6-3b4e-4f3a-9cc3-54cdaf8c2e75,2025-02-12 07:17:27.612426 UTC,text,hi,821dd30a-ce39-48d4-b953-5911c707914a,e0279682-c22c-4e1b-a795-430366a97676,gender_all_male,India
f8eefb89-966a-4a5d-b83d-a2e6fd668117,2025-02-12 07:17:58.67146 UTC,text,hi,821dd30a-ce39-48d4-b953-5911c707914a,e0279682-c22c-4e1b-a795-430366a97676,gender_all_male,India
1eba2e76-7b06-4ed3-a8c5-caae80f2459c,2025-01-30 09:41:01.131841 UTC,text,hi,6fccc43f-8fa5-4d3c-a5d3-3da90801fde7,e0279682-c22c-4e1b-a795-430366a97676,gender_all_male,India
70e3dc74-9289-4e6a-9d03-1a52240e927b,2025-01-30 09:40:44.636497 UTC,text,hi,6fccc43f-8fa5-4d3c-a5d3-3da90801fde7,e0279682-c22c-4e1b-a795-430366a97676,gender_all_male,India
a9e06146-8cc3-4dbe-a5da-9a8a62ec6a53,2025-01-30 09:42:51.501286 UTC,text,hi,ba008e28-e34b-451e-b4a1-9bb0fe34b183,e0279682-c22c-4e1b-a795-430366a97676,gender_all_male,India
85cf99b8-fe50-42c6-a3e1-1c7a8c661e5f,2025-02-28 08:39:04.567245 UTC,text,hi,236f2b20-c186-47bf-a149-a07778c7e693,e0279682-c22c-4e1b-a795-430366a97676,gender_all_male,India
d112fd13-f641-4e71-9817-6775ba7f61c8,2025-02-28 08:39:30.986762 UTC,text,hi,236f2b20-c186-47bf-a149-a07778c7e693,e0279682-c22c-4e1b-a795-430366a97676,gender_all_male,India
62bac08f-b410-4619-8659-d6efdfb44caf,2025-02-28 08:38:41.731346 UTC,text,lv,236f2b20-c186-47bf-a149-a07778c7e693,e0279682-c22c-4e1b-a795-430366a97676,gender_all_male,India
d2d3940a-eeb4-4134-a8f5-129113af8395,2025-02-19 14:26:47.555855 UTC,text,hi,3acbc712-a268-4cf0-863d-8e435bdebcfe,e0279682-c22c-4e1b-a795-430366a97676,gender_all_male,India
e56a8a1c-7dd7-437c-a07f-3b0429460bfc,2025-02-19 14:22:52.67384 UTC,text,su,3acbc712-a268-4cf0-863d-8e435bdebcfe,e0279682-c22c-4e1b-a795-430366a97676,gender_all_male,India
736252bf-22e3-4456-9c90-ca1b636a3cb5,2025-02-11 14:26:47.940908 UTC,text,hi,7fefbeec-36e9-4afd-a255-a7c2955e86b2,e0279682-c22c-4e1b-a795-430366a97676,gender_all_male,India
1e08922c-a258-4cf0-9dce-6d5a679c6b48,2025-02-11 14:28:15.672147 UTC,text,hi,7fefbeec-36e9-4afd-a255-a7c2955e86b2,e0279682-c22c-4e1b-a795-430366a97676,gender_all_male,India
302e2556-156f-4a92-bb1c-82ecf51ad678,2025-02-11 14:25:47.995263 UTC,text,hi,7fefbeec-36e9-4afd-a255-a7c2955e86b2,e0279682-c22c-4e1b-a795-430366a97676,gender_all_male,India
b5a61b50-39e3-4fb9-a36d-fdc7aadfe72b,2025-02-11 14:30:31.367471 UTC,text,hi,7fefbeec-36e9-4afd-a255-a7c2955e86b2,e0279682-c22c-4e1b-a795-430366a97676,gender_all_male,India
7de12a4a-9826-4e9f-9c36-c9afa5b32c48,2025-02-11 14:29:08.517373 UTC,text,hi,7fefbeec-36e9-4afd-a255-a7c2955e86b2,e0279682-c22c-4e1b-a795-430366a97676,gender_all_male,India
e3294734-cc24-4e94-8759-6a4fe5d50235,2025-01-30 15:41:41.601672 UTC,voice,hi,b66283ed-bd15-44d3-983a-52b518c84bc4,e0279682-c22c-4e1b-a795-430366a97676,gender_all_male,India
49c2603b-b414-4318-bf60-76d11fa49a16,2025-01-30 09:42:06.932516 UTC,text,hi,41710eed-cec2-483a-9bef-52e94b9497e1,e0279682-c22c-4e1b-a795-430366a97676,gender_all_male,India
97742b23-f9a9-41e7-b998-e0c57efda7c5,2025-02-12 07:19:55.591255 UTC,text,hi,21e951f0-f698-4b4d-8a64-782ec64f5feb,e0279682-c22c-4e1b-a795-430366a97676,gender_all_male,India
5906d96d-96b1-403d-a319-952f73724ce0,2025-01-30 09:42:25.046025 UTC,text,hi,41710eed-cec2-483a-9bef-52e94b9497e1,e0279682-c22c-4e1b-a795-430366a97676,gender_all_male,India
ae3e672d-6729-46cc-92e0-953259405815,2025-02-12 07:18:45.997666 UTC,text,hi,21e951f0-f698-4b4d-8a64-782ec64f5feb,e0279682-c22c-4e1b-a795-430366a97676,gender_all_male,India
1b32a79d-0d35-4392-8b39-03de1a549a08,2025-02-12 07:19:31.351459 UTC,text,hi,21e951f0-f698-4b4d-8a64-782ec64f5feb,e0279682-c22c-4e1b-a795-430366a97676,gender_all_male,India
444385e5-5142-4822-9041-15f9f023b436,2025-01-30 09:49:38.573654 UTC,text,hi,640d928a-60b1-415b-bc27-e0aa59dde718,e0279682-c22c-4e1b-a795-430366a97676,gender_all_male,India
88d3a6e6-bcd6-4da3-a215-621fae400e3a,2025-02-23 14:34:19.81853 UTC,text,hi,af0eafd7-0909-4bba-a22f-2e28d52e2daa,e0279682-c22c-4e1b-a795-430366a97676,gender_all_male,India
d34b9b6a-6758-4ca6-87ae-55981900b7dc,2025-02-21 05:05:51.266688 UTC,text,hi,edf77357-076e-46d2-9cdf-86aa67733ef7,e0279682-c22c-4e1b-a795-430366a97676,gender_all_male,India
0627592d-7b63-45c8-9837-a409721fcfd3,2025-02-21 05:05:19.231564 UTC,text,hi,edf77357-076e-46d2-9cdf-86aa67733ef7,e0279682-c22c-4e1b-a795-430366a97676,gender_all_male,India
71683a55-0c4c-4983-91ea-ab8e552c67b1,2025-02-21 05:04:40.775164 UTC,text,hi-Latn,edf77357-076e-46d2-9cdf-86aa67733ef7,e0279682-c22c-4e1b-a795-430366a97676,gender_all_male,India
45aabe1a-8048-455b-a8b6-92bf729ae1fb,2025-01-30 15:40:55.439127 UTC,text,hi,823545c8-11ef-4890-83b3-cf5107e34dc7,e0279682-c22c-4e1b-a795-430366a97676,gender_all_male,India
ad2f6cd4-0bce-4a20-94e0-2e1e75794110,2025-01-30 15:39:43.563668 UTC,text,hi,823545c8-11ef-4890-83b3-cf5107e34dc7,e0279682-c22c-4e1b-a795-430366a97676,gender_all_male,India
669c8d89-d561-4404-981e-27563a2c7100,2026-07-23 04:28:52.986207 UTC,text,hi,ad471214-1148-4ab2-b193-7055c02b2b9c,c783d47a-f41b-400e-b324-f1dce80fc35e,gender_all_female,India
2644f26b-7722-4af5-994d-8989390eb097,2026-03-01 13:18:12.784466 UTC,text,en,478dd6e6-807a-42d4-87c6-ca76ca832663,c783d47a-f41b-400e-b324-f1dce80fc35e,gender_all_female,India
abb90773-e949-4710-a047-c6b1ae59508c,2026-05-01 10:24:09.793603 UTC,text,om,d7838935-e7f8-4be2-aa5f-0dfb11f795ed,afc8f37f-5922-4039-9ce8-9e7e4c3115df,,Ethiopia
35e53f1d-ea67-4ed6-9fcc-0507e06dd979,2026-05-01 10:24:02.270098 UTC,text,om,d8eb9970-b339-44f8-a6ac-44e560a0866e,afc8f37f-5922-4039-9ce8-9e7e4c3115df,,Ethiopia
9ed02265-e540-4f4f-949d-268dba6f7243,2026-05-01 10:24:41.389643 UTC,text,en,31bfa99a-21fb-450e-8f18-01f1a3a43668,afc8f37f-5922-4039-9ce8-9e7e4c3115df,,Ethiopia
b8cb6734-09a8-4fa3-b794-b750b096faed,2026-07-23 04:30:53.829506 UTC,voice,hi,17d3a921-1bde-4d18-84f3-eee35a73a9e7,c783d47a-f41b-400e-b324-f1dce80fc35e,gender_all_female,India
db437219-b644-486a-af37-1d7057dbbd16,2026-06-07 06:58:53.396757 UTC,text,hi,1e0977fe-7840-4385-bc94-a56880d7d430,01864818-8f12-414d-9edf-0b064b957230,,India
de209157-d172-4483-b6d6-f113a9156376,2025-10-14 05:34:29.824848 UTC,text,hi,903abd6b-c3e4-4dfe-8dbc-73e532d6e137,c783d47a-f41b-400e-b324-f1dce80fc35e,gender_all_female,India
6db954cd-8ce9-434e-b2a3-14e298f3bb3d,2026-08-27 02:49:51.993094 UTC,text,hi,f12be04a-65d8-461c-95ff-00fcf0aeeaf3,c783d47a-f41b-400e-b324-f1dce80fc35e,gender_all_female,India
5541b866-ec05-4d36-8e90-50d8dfd6be99,2026-08-19 06:29:39.718906 UTC,text,hi,6335ea34-9a82-47fa-89ec-c27e7fb1096d,c783d47a-f41b-400e-b324-f1dce80fc35e,gender_all_female,India
f725437a-da39-41fe-8b64-91f744d54116,2026-01-24 02:17:53.923884 UTC,text,hi,5a8fb63d-c708-4ffd-86f1-f0e5ec98e6d1,01864818-8f12-414d-9edf-0b064b957230,,India
cf8124be-e66f-4fb4-8151-0cb3d54cf4eb,2026-05-01 10:24:37.19281 UTC,text,om,b24d7f04-6021-45cd-bd85-2a28536ad0f7,afc8f37f-5922-4039-9ce8-9e7e4c3115df,,Ethiopia
4fbdcd7d-991b-450c-9c05-e84851759a8b,2026-01-24 02:16:29.645383 UTC,image,,0363d833-4d2f-4dbb-bd37-2c97b736cd63,01864818-8f12-414d-9edf-0b064b957230,,India
1b95ee6b-0792-4784-b86a-b84265a11634,2026-05-01 10:25:23.534983 UTC,text,en,4a403ede-7868-4871-8ef5-7c590b37a136,afc8f37f-5922-4039-9ce8-9e7e4c3115df,,Ethiopia
5e7432ff-8c63-48cd-9ebc-7decfa2c308a,2025-12-02 01:43:25.70462 UTC,image,,d76a268d-7a21-4bbb-ae92-579ba1dc6c60,0baf661c-4550-4f30-91db-829da1d2d9f6,gender_all_male,India
cda7694d-eeaf-4aaf-9999-5a4d68ff28d9,2025-10-10 09:54:33.625165 UTC,text,hi,b8edfdd0-0323-48c1-836d-56c60669a61a,60eee855-5418-45e1-b34f-9ca6189b266e,,India
d90df5ac-3334-4a47-9a36-ec469717666f,2025-12-06 02:24:17.041282 UTC,image,,e179f8ca-5fc8-4678-b2fd-2a78e6770de5,0baf661c-4550-4f30-91db-829da1d2d9f6,gender_all_male,India
098826b8-11a0-4c71-be48-32c484a76946,2025-12-06 02:25:52.539745 UTC,text,te,e179f8ca-5fc8-4678-b2fd-2a78e6770de5,0baf661c-4550-4f30-91db-829da1d2d9f6,gender_all_male,India
a19546cd-6655-4b10-8f97-b0f9bbfc7904,2026-01-18 03:38:28.722115 UTC,image,,f18d87e3-7be2-4df2-8ecd-5d7c05f48317,0baf661c-4550-4f30-91db-829da1d2d9f6,gender_all_male,India
2b5f63e4-7abf-44e8-9c5b-c33f0c5ea134,2025-10-10 09:54:33.625165 UTC,text,hi,e13cc641-3323-4589-9897-e064dff6fa64,60eee855-5418-45e1-b34f-9ca6189b266e,,India
363b6e4a-cbeb-43a1-aa70-5b9384c311c2,2026-01-18 03:29:57.6379 UTC,image,,35b72fbf-aff1-44c6-acfb-dc74aee48da3,0baf661c-4550-4f30-91db-829da1d2d9f6,gender_all_male,India
a25680ce-9bd5-47d9-a1d3-d2062fd3c17e,2026-01-18 03:23:29.82154 UTC,image,,2cad174b-39fb-4420-aeea-fd849ca602e2,0baf661c-4550-4f30-91db-829da1d2d9f6,gender_all_male,India
706ef164-8c0b-4a8d-a566-7f4c2292ded0,2025-12-06 02:29:45.367857 UTC,text,te,0f006545-8f59-400c-95bf-6a33193c3ad1,0baf661c-4550-4f30-91db-829da1d2d9f6,gender_all_male,India
0bb17b6a-68b9-4093-a88d-e44c9152e39b,2026-01-18 03:15:59.418345 UTC,image,,1a5ee3ee-f066-4e6f-9021-0a242354cd6d,0baf661c-4550-4f30-91db-829da1d2d9f6,gender_all_male,India
1490a068-c2f4-4ec0-80e8-92e46313a4da,2026-08-28 03:11:57.080971 UTC,voice,te,8ea213f6-86c5-467b-86e4-19d69c2e7430,55d5dd87-ee3b-4b82-950a-24dee9e79b97,,India
99bcc957-f8cf-40ca-9947-e84fbd2b2bcc,2026-08-28 03:11:04.568565 UTC,voice,te,8ea213f6-86c5-467b-86e4-19d69c2e7430,55d5dd87-ee3b-4b82-950a-24dee9e79b97,,India
47ad6219-0d2c-4b28-a20d-78f60c8de0ae,2026-08-28 03:10:29.84766 UTC,text,te,8ea213f6-86c5-467b-86e4-19d69c2e7430,55d5dd87-ee3b-4b82-950a-24dee9e79b97,,India
7db555dd-a438-4cfc-8ff8-7bd135b2e77d,2026-01-18 03:11:54.307334 UTC,image,,0596ee0c-1d7b-4f5d-8d89-efa0f86796aa,0baf661c-4550-4f30-91db-829da1d2d9f6,gender_all_male,India
077a46cc-80ef-48a7-afd0-ec9ce62e10f1,2025-10-10 09:54:33.625165 UTC,voice,hi,f31fe992-65e7-4323-936a-65e1712afe96,60eee855-5418-45e1-b34f-9ca6189b266e,,India
6ee72fe5-4e98-4433-91c6-e00a20507407,2025-08-24 23:48:40.397429 UTC,text,en,193ac8cb-5fb2-4fe9-b639-88901fd4deba,b2aac48b-8ac8-404b-9f65-49471b1fdc9b,gender_all_male,Nigeria
21ad2473-644f-47f1-ba37-6f76e2bc3320,2025-08-24 23:48:27.299069 UTC,text,en,193ac8cb-5fb2-4fe9-b639-88901fd4deba,b2aac48b-8ac8-404b-9f65-49471b1fdc9b,gender_all_male,Nigeria
93278a98-38ba-487d-a776-54626fdafb6c,2025-08-24 23:49:36.992856 UTC,text,en,193ac8cb-5fb2-4fe9-b639-88901fd4deba,b2aac48b-8ac8-404b-9f65-49471b1fdc9b,gender_all_male,Nigeria
75f46962-58f1-4937-83fa-f6f26af2ff46,2025-08-24 23:50:33.649089 UTC,text,en,193ac8cb-5fb2-4fe9-b639-88901fd4deba,b2aac48b-8ac8-404b-9f65-49471b1fdc9b,gender_all_male,Nigeria
15905e66-7281-4b69-a8be-2a0d97602677,2025-08-24 23:50:15.512006 UTC,text,en,193ac8cb-5fb2-4fe9-b639-88901fd4deba,b2aac48b-8ac8-404b-9f65-49471b1fdc9b,gender_all_male,Nigeria
b878d8a4-0c58-401a-a154-4c5a37ec8351,2025-08-24 23:49:18.497787 UTC,text,en,193ac8cb-5fb2-4fe9-b639-88901fd4deba,b2aac48b-8ac8-404b-9f65-49471b1fdc9b,gender_all_male,Nigeria
ba0598f5-cde5-4fb6-a148-d2d1559d9452,2025-08-24 23:47:56.968134 UTC,text,en,193ac8cb-5fb2-4fe9-b639-88901fd4deba,b2aac48b-8ac8-404b-9f65-49471b1fdc9b,gender_all_male,Nigeria
e120bbd8-90b9-4453-ba4b-c68bcc6f1fe6,2025-08-24 23:48:13.427084 UTC,text,en,193ac8cb-5fb2-4fe9-b639-88901fd4deba,b2aac48b-8ac8-404b-9f65-49471b1fdc9b,gender_all_male,Nigeria
0a2f4c6b-e673-4de1-8116-fed3ff14a5ef,2025-08-24 23:49:58.220375 UTC,text,en,193ac8cb-5fb2-4fe9-b639-88901fd4deba,b2aac48b-8ac8-404b-9f65-49471b1fdc9b,gender_all_male,Nigeria
9ecd5915-4581-47b9-b070-2c9ce4f0653e,2025-08-24 23:48:56.129838 UTC,text,en,193ac8cb-5fb2-4fe9-b639-88901fd4deba,b2aac48b-8ac8-404b-9f65-49471b1fdc9b,gender_all_male,Nigeria
e52600a0-0a6f-4e87-9dc3-03cded035bfa,2025-12-26 09:11:02.055229 UTC,text,hi,6c09ff96-e3ca-4d22-83c0-90061c43e239,3c79872c-1455-491e-9baf-a1c0e3227878,,India
9aa58cb0-ba00-4f8a-8204-823372529038,2026-07-20 14:32:27.282099 UTC,text,am,a7845fbb-76a7-4213-9d09-c6fda6e4441d,86b1e703-1bb9-45d5-a7de-ac1c2c7fc2e5,gender_all_female,Ethiopia
cf278a59-7841-423b-bf16-1bb3c1d50bf7,2026-08-05 07:40:17.652429 UTC,text,am,e8dfda88-5689-40e7-b335-c6d555e6d3d0,10e142df-fd1d-4ba7-9b38-01439ce89e21,,Ethiopia
cb675117-5e75-48e0-9d33-b72c37163adf,2025-12-26 07:18:10.247125 UTC,text,hi,d2c17122-8147-4c4e-84c7-3dbd94904f5b,3c79872c-1455-491e-9baf-a1c0e3227878,,India
30cd18bf-3d0f-49a2-829a-31bd24d1bcd8,2025-12-26 09:12:39.734151 UTC,text,hi,ff95b258-239e-4854-895d-a97fe9654302,3c79872c-1455-491e-9baf-a1c0e3227878,,India
6424fb9d-d8f6-479d-a17f-659c9b767708,2025-12-26 09:13:04.3656 UTC,text,hi,ff95b258-239e-4854-895d-a97fe9654302,3c79872c-1455-491e-9baf-a1c0e3227878,,India
0ddbf25a-d5ba-4611-94cc-dfc6bcc88366,2025-12-26 09:11:26.183503 UTC,text,hi,dc292462-c6d1-4c61-a585-f58bc72a8c95,3c79872c-1455-491e-9baf-a1c0e3227878,,India
bfa82a36-d23b-4b53-8c48-fea16ed4b1a7,2025-03-15 14:26:56.824827 UTC,text,om,92c75037-1620-4b11-bd6f-9e129c5e88c6,6048925f-5c68-491d-aebf-ef49b72550b6,gender_all_male,Ethiopia
e1723e56-8e9b-435a-a192-49d6b2e22441,2025-03-15 14:25:46.118939 UTC,text,om,92c75037-1620-4b11-bd6f-9e129c5e88c6,6048925f-5c68-491d-aebf-ef49b72550b6,gender_all_male,Ethiopia
cbc5d454-c0ee-4ee8-b44e-26e118402b74,2025-03-15 14:26:32.163412 UTC,text,om,92c75037-1620-4b11-bd6f-9e129c5e88c6,6048925f-5c68-491d-aebf-ef49b72550b6,gender_all_male,Ethiopia
5decb198-976e-42f7-97c2-01fd747e7456,2025-03-15 14:27:07.326961 UTC,text,om,92c75037-1620-4b11-bd6f-9e129c5e88c6,6048925f-5c68-491d-aebf-ef49b72550b6,gender_all_male,Ethiopia
7f916165-ff25-41ad-8b2f-e544b9e3a9cc,2025-03-15 14:26:43.73623 UTC,text,om,92c75037-1620-4b11-bd6f-9e129c5e88c6,6048925f-5c68-491d-aebf-ef49b72550b6,gender_all_male,Ethiopia
c53b4df0-a1c8-47e8-aed8-cf818e8afe69,2025-03-15 14:27:18.850075 UTC,text,om,92c75037-1620-4b11-bd6f-9e129c5e88c6,6048925f-5c68-491d-aebf-ef49b72550b6,gender_all_male,Ethiopia
2cafd809-1afb-4993-a55b-e9c171e0a49f,2026-02-22 13:12:16.01845 UTC,text,te,e94cd892-081b-4b7f-adb8-769061779e53,6adc532b-4818-4160-8dc6-b55120627297,gender_all_male,India
aa4010b7-e4bc-4cc9-8ab7-fde2fc0842e9,2026-02-22 13:11:48.670055 UTC,text,te,e94cd892-081b-4b7f-adb8-769061779e53,6adc532b-4818-4160-8dc6-b55120627297,gender_all_male,India
31f4b915-9d56-4422-bd72-fae22560bc80,2026-02-22 13:14:35.721283 UTC,text,te,e94cd892-081b-4b7f-adb8-769061779e53,6adc532b-4818-4160-8dc6-b55120627297,gender_all_male,India
4cf645d6-6cde-4199-8dcf-3ed44ca088c0,2026-02-22 13:12:45.535809 UTC,text,te,e94cd892-081b-4b7f-adb8-769061779e53,6adc532b-4818-4160-8dc6-b55120627297,gender_all_male,India
e00b9fce-b5c7-4d65-a213-0e1d2b4f7b05,2026-02-22 13:15:38.361117 UTC,text,te,e94cd892-081b-4b7f-adb8-769061779e53,6adc532b-4818-4160-8dc6-b55120627297,gender_all_male,India
b554ae52-f704-4b46-9503-d334bc27d7a2,2026-02-22 13:15:07.316853 UTC,text,te,e94cd892-081b-4b7f-adb8-769061779e53,6adc532b-4818-4160-8dc6-b55120627297,gender_all_male,India
eed82eef-5681-49d3-a74e-d49a661cca35,2026-02-22 13:13:35.067534 UTC,text,te,e94cd892-081b-4b7f-adb8-769061779e53,6adc532b-4818-4160-8dc6-b55120627297,gender_all_male,India
a9fdfa1a-15ec-49e5-93cf-ef13dde58b44,2026-02-22 13:14:12.670778 UTC,text,te,e94cd892-081b-4b7f-adb8-769061779e53,6adc532b-4818-4160-8dc6-b55120627297,gender_all_male,India
b02ca24b-8084-41c2-97d2-3abc55d37db5,2025-06-17 18:13:52.593732 UTC,text,en,d9e18bfd-090f-4e7e-984b-4ecd93652375,849d7823-89d0-46e5-9162-6265d847b8dc,,Nigeria
389c1914-3180-412e-b669-62758531e242,2025-06-19 21:10:42.911788 UTC,text,en,fcff1cb5-c62d-4084-aec7-7c5c73308ba1,849d7823-89d0-46e5-9162-6265d847b8dc,,Nigeria
5399f90d-91ee-42a4-b291-1bb06faec0e2,2025-06-25 15:44:28.655108 UTC,text,en,2da14d1a-a8bd-4463-8186-14e14b170e64,849d7823-89d0-46e5-9162-6265d847b8dc,,Nigeria
137267d1-6d7c-45ee-9c2b-be7ed1102118,2026-07-30 00:35:51.695414 UTC,text,en,b5402a0d-e39f-4d12-aa5f-9afde4394c37,d39a6264-5998-40dd-bfc4-37a2f3166948,gender_all_male,Nigeria
7c606177-e0e9-4d46-bf90-f2c9a976e625,2026-07-30 00:36:23.701704 UTC,voice,en,b5402a0d-e39f-4d12-aa5f-9afde4394c37,d39a6264-5998-40dd-bfc4-37a2f3166948,gender_all_male,Nigeria
e2790d23-afaf-42e9-8dbc-373632fbfba1,2026-07-13 06:31:33.857054 UTC,text,hi,b785f915-7dcf-4b7e-a6a2-86398cdb2e4e,1fe5765d-f897-474e-a136-3219c3ee77eb,,India
677f5688-41fc-40e5-bbc5-9bef25ee3b40,2025-11-13 10:09:00.945242 UTC,text,en,ad0d11c0-db63-448d-840c-25fb1978767b,ad5f1c89-fc96-4116-af12-bd43f39bd816,,Kenya
45c7bb8a-6f1a-4278-994a-9e81f920b52c,2025-11-13 10:19:13.070696 UTC,text,en,ad0d11c0-db63-448d-840c-25fb1978767b,ad5f1c89-fc96-4116-af12-bd43f39bd816,,Kenya
90739b2f-10cb-4a60-90cb-53b0505e4a9f,2025-11-13 10:03:21.874783 UTC,text,en,ad0d11c0-db63-448d-840c-25fb1978767b,ad5f1c89-fc96-4116-af12-bd43f39bd816,,Kenya
d96941ad-b30d-448d-8e7f-3582b57d74d3,2025-11-13 10:15:36.92348 UTC,text,en,ad0d11c0-db63-448d-840c-25fb1978767b,ad5f1c89-fc96-4116-af12-bd43f39bd816,,Kenya
b601492a-6b3d-4438-9334-2fb40a202d45,2025-11-13 10:29:55.703467 UTC,text,en,ad0d11c0-db63-448d-840c-25fb1978767b,ad5f1c89-fc96-4116-af12-bd43f39bd816,,Kenya
12943d4b-e553-4424-ab2c-b0e3d3c2c150,2025-11-13 10:25:06.122943 UTC,text,en,ad0d11c0-db63-448d-840c-25fb1978767b,ad5f1c89-fc96-4116-af12-bd43f39bd816,,Kenya
d1405b90-5618-4138-b31f-1c7ef8485c98,2025-06-18 08:38:21.329765 UTC,text,en,c8c83f1b-c34c-44e9-9566-4b2dd5c92aa9,849d7823-89d0-46e5-9162-6265d847b8dc,,Nigeria
63b36b68-4f3f-4180-8726-913e45525571,2025-07-02 14:09:09.606468 UTC,text,en,eeb4a134-7f17-45ad-ba5a-2885228bae9a,849d7823-89d0-46e5-9162-6265d847b8dc,,Nigeria
d39d3a54-23b4-4458-ae4a-ab25d3c3dd23,2025-06-19 16:08:41.629264 UTC,text,en,bcf6d9ca-2bf7-4a36-a5d8-e7024d18e456,849d7823-89d0-46e5-9162-6265d847b8dc,,Nigeria
27634c23-f9d5-4b81-9645-25068030b7dc,2026-03-03 09:02:44.767833 UTC,voice,en,17d36e1b-aa45-4dd2-8243-1f2b094e192d,849d7823-89d0-46e5-9162-6265d847b8dc,,Nigeria
59460359-d4c3-4e91-832c-b4ce4576a7ef,2025-07-31 12:54:38.209658 UTC,text,en,2a1d2eab-15d2-421f-8b6b-966b11396b83,849d7823-89d0-46e5-9162-6265d847b8dc,,Nigeria
b050c566-83fa-42ef-8ad6-346e3ba7b087,2025-06-27 21:52:59.164761 UTC,text,en,42db1353-efec-4f6f-a4a7-b7178c648ac7,849d7823-89d0-46e5-9162-6265d847b8dc,,Nigeria
c2be5a73-c6bd-4726-93d4-6361c58a5ed7,2026-03-03 09:01:09.413662 UTC,text,en,330dc4c0-2b3f-4df4-a76d-e938d99e6c09,849d7823-89d0-46e5-9162-6265d847b8dc,,Nigeria
c4d5a484-1037-4402-a4c1-c3044e89a41a,2026-03-15 07:20:28.005069 UTC,text,hi,a03211f4-9352-4841-bfdf-2d4240bde067,1fe5765d-f897-474e-a136-3219c3ee77eb,,India
1f5e7f1e-d1f5-49fb-a0a3-829e92434747,2026-08-07 05:47:22.058787 UTC,image,,5c2e931b-6b3d-4426-be52-a029f10ea836,6df4dca7-3f29-40fa-93dd-b488ad6c07bc,,Kenya
5701d623-9a58-4110-9fa2-7a27c32ff09d,2026-08-07 05:48:33.838786 UTC,image,,5c2e931b-6b3d-4426-be52-a029f10ea836,6df4dca7-3f29-40fa-93dd-b488ad6c07bc,,Kenya
2f7efb12-b4f4-495c-b48c-f3cc5102400c,2025-06-17 14:22:17.832375 UTC,voice,en,6708b8b6-4043-42ef-8a46-6bf87e98a2a9,849d7823-89d0-46e5-9162-6265d847b8dc,,Nigeria
e7d45f5f-190f-4a00-ab7b-e3778e419e5f,2026-04-08 13:41:13.128731 UTC,text,en,6db862ae-efc6-4e5b-80a1-5ef7efa94338,9abe31a7-afc7-4654-bb33-91a91dc78e34,,India
a724a937-d60b-467d-91de-afb08cb0a956,2025-06-20 17:57:47.478893 UTC,text,en,55679199-145d-4a14-b5fa-ef50c515687f,849d7823-89d0-46e5-9162-6265d847b8dc,,Nigeria
1429a126-05bf-428c-9b95-1e3e53f6ed21,2025-06-26 19:47:57.292369 UTC,text,en,3c023512-c53a-42a4-85dd-d646222b1d5d,849d7823-89d0-46e5-9162-6265d847b8dc,,Nigeria
90827862-8586-458d-94f6-3c5b74135cf7,2025-06-19 20:26:46.470302 UTC,text,en,8e65a726-e3ac-4be4-bcc7-6c61c405a224,849d7823-89d0-46e5-9162-6265d847b8dc,,Nigeria
3e4e67d2-20c8-4c16-b405-bf1f1828a98f,2025-06-17 14:19:35.60279 UTC,voice,en,d68093ab-ddfc-4081-9c69-9f00f764eaeb,849d7823-89d0-46e5-9162-6265d847b8dc,,Nigeria
30fa5c03-823e-4e37-a6cc-3b4741eca5a4,2025-06-16 14:43:27.407739 UTC,text,en,5475ab3f-b67a-446d-991e-cb6d1f2f1b6f,849d7823-89d0-46e5-9162-6265d847b8dc,,Nigeria
42e4594d-9de9-4a05-8f32-146e9e922af2,2025-06-17 14:23:04.792831 UTC,voice,en,3ce7131e-95d6-4350-b470-b46470623dd8,849d7823-89d0-46e5-9162-6265d847b8dc,,Nigeria
6b106693-cc64-4ad1-9c32-4248b013d866,2025-06-25 12:33:21.19554 UTC,text,en,9e749476-0a86-40cc-ac12-8c79a13db75a,849d7823-89d0-46e5-9162-6265d847b8dc,,Nigeria
e10830db-099e-4238-bae0-d43d21902024,2025-07-20 19:03:26.465014 UTC,text,en,a51777a4-0630-4850-a7f1-ef2022764ad3,849d7823-89d0-46e5-9162-6265d847b8dc,,Nigeria
d23b1fb9-5a3f-44d0-ad27-6ca51cd202c1,2026-01-28 10:41:48.776658 UTC,text,en,e3dcc2a3-c227-43cc-979a-ca8e16610731,ad5f1c89-fc96-4116-af12-bd43f39bd816,,Kenya
b73c2dd5-8132-4cc8-90ef-fbee6681a90b,2026-01-28 10:43:34.345828 UTC,text,en,e3dcc2a3-c227-43cc-979a-ca8e16610731,ad5f1c89-fc96-4116-af12-bd43f39bd816,,Kenya
5054b4c0-8811-452f-bbae-c9b57365397f,2026-01-28 10:40:46.458836 UTC,text,en,e3dcc2a3-c227-43cc-979a-ca8e16610731,ad5f1c89-fc96-4116-af12-bd43f39bd816,,Kenya
8fea4bab-2157-456e-a3f8-c57962de80b4,2025-08-09 11:56:43.948412 UTC,text,en,29c2edb3-5ff6-4e31-9104-e3f2f0114bde,849d7823-89d0-46e5-9162-6265d847b8dc,,Nigeria
54a376f5-f0f0-4493-9d92-8064d73afd67,2025-06-28 19:47:40.572273 UTC,text,en,f013aca4-11f5-4230-bd43-a205add82617,849d7823-89d0-46e5-9162-6265d847b8dc,,Nigeria
85ada26d-4125-4199-8816-103a3fad5b28,2026-03-03 09:07:52.537441 UTC,voice,en,5866e5d5-5927-486d-8959-7e788e525599,849d7823-89d0-46e5-9162-6265d847b8dc,,Nigeria
9d9983ff-1baa-4905-8858-08bcb2ecfa2a,2025-07-25 15:56:10.996265 UTC,text,en,83d09dff-7aa2-4448-a1e6-65087b37b2c5,849d7823-89d0-46e5-9162-6265d847b8dc,,Nigeria
b72b6a33-3364-4344-bd4e-7cb2763d89fd,2025-06-21 19:42:32.144692 UTC,text,en,cdcd2472-36f5-4b68-a538-2025da301eff,849d7823-89d0-46e5-9162-6265d847b8dc,,Nigeria
4929de9c-8a5a-413c-bb84-7e1f00d45924,2025-10-18 09:36:32.370277 UTC,text,en,58f53aa2-ae19-4a8f-b0ab-3df514f349ae,ad5f1c89-fc96-4116-af12-bd43f39bd816,,Kenya
c2ce215b-1a4d-4563-a4b5-9633d5873f32,2025-10-18 09:38:41.620774 UTC,text,en,58f53aa2-ae19-4a8f-b0ab-3df514f349ae,ad5f1c89-fc96-4116-af12-bd43f39bd816,,Kenya
55c76ac8-a8e2-4faa-8dff-4f3f561c672a,2026-08-07 05:49:11.355521 UTC,image,,65973ce8-a0b9-406f-bdfe-f31e5c7d1ce5,6df4dca7-3f29-40fa-93dd-b488ad6c07bc,,Kenya
d70bd59a-a8ca-422f-b2ac-948fe5276c4a,2025-06-27 07:52:18.668184 UTC,text,en,dbbb6ec2-92ea-4322-b65e-6f1c82d7d51e,849d7823-89d0-46e5-9162-6265d847b8dc,,Nigeria
8292af73-0f70-4d44-aaeb-d8018be15010,2025-06-29 20:00:24.90992 UTC,text,en,aad4c6b0-f09d-468f-ad25-8be6b9e71910,849d7823-89d0-46e5-9162-6265d847b8dc,,Nigeria
67e88d76-c8ff-4739-8a73-d6cf063b550a,2025-09-03 09:48:27.313631 UTC,text,en,fa5a1def-c633-4735-954b-3dd33ce01b2d,849d7823-89d0-46e5-9162-6265d847b8dc,,Nigeria
1e5676f8-4126-45d0-a09c-bc8839371949,2025-06-17 14:24:07.6311 UTC,voice,en,9ed660ba-732a-411f-9c28-372c5b7c6d60,849d7823-89d0-46e5-9162-6265d847b8dc,,Nigeria
61adcb2b-72c2-4a4c-a1df-5542ffdd1ace,2025-06-16 14:39:59.695898 UTC,text,en,cad9bb40-4a82-47bc-86ea-b60d15595599,849d7823-89d0-46e5-9162-6265d847b8dc,,Nigeria
278411ab-7bb2-439d-b182-e754bda44986,2025-06-30 22:28:35.201711 UTC,text,en,cfc7f536-3d21-494b-804e-f41d17067a07,849d7823-89d0-46e5-9162-6265d847b8dc,,Nigeria
4183661d-93ec-4b60-9f9a-69ea7ba39342,2025-09-12 16:15:50.453055 UTC,text,en,99039c91-c07d-441a-ac45-a48d390263d1,849d7823-89d0-46e5-9162-6265d847b8dc,,Nigeria
ae79ad53-40b2-4503-b5af-61f0dabc717f,2025-06-16 14:40:19.966998 UTC,text,en,7491861a-94a0-4f82-9651-ba3e41044718,849d7823-89d0-46e5-9162-6265d847b8dc,,Nigeria
355f0fb3-e2e2-4fa7-acbb-01b89a800239,2025-06-16 14:41:15.990677 UTC,voice,en,7491861a-94a0-4f82-9651-ba3e41044718,849d7823-89d0-46e5-9162-6265d847b8dc,,Nigeria
e9a1d976-1d8e-43ec-9358-91f589ea09d1,2025-06-16 14:39:20.309065 UTC,text,en,dfa8dbb4-7851-408c-b7f3-8d0e00503fda,849d7823-89d0-46e5-9162-6265d847b8dc,,Nigeria
5b4f8594-28e3-4edd-819b-d2dad308548f,2025-07-11 10:01:52.178557 UTC,text,en,1739d767-3ce6-4f9c-8bd2-5f8b4ad63004,849d7823-89d0-46e5-9162-6265d847b8dc,,Nigeria
309dc353-242a-4d4c-b626-1551cbde685f,2025-06-17 14:15:39.276653 UTC,voice,,54fe29ad-a957-42ce-bf9e-9a832da31d9a,849d7823-89d0-46e5-9162-6265d847b8dc,,Nigeria
ea666cba-4284-47a0-8d8e-c83ff0cf3c08,2025-06-16 14:39:42.348716 UTC,text,en,695ce120-f293-47cb-b4f6-6a99e368a67a,849d7823-89d0-46e5-9162-6265d847b8dc,,Nigeria
f982613a-d958-41a6-8223-f3255ae0cc68,2025-07-28 20:43:24.040254 UTC,text,en,7ab9fb55-5da1-4de6-8869-7362ab53b821,849d7823-89d0-46e5-9162-6265d847b8dc,,Nigeria
b2bb96b7-429c-4403-ba1f-ae8313164026,2025-07-13 21:29:44.710077 UTC,text,en,ce00755e-9e4a-4dbb-8dcd-c7818836306f,6e24d084-0e34-4597-b4cd-6563c9f0c857,,Nigeria
065ad4ac-709b-4226-8177-4c0182c8c4b0,2025-07-13 21:31:52.813279 UTC,text,en,ce00755e-9e4a-4dbb-8dcd-c7818836306f,6e24d084-0e34-4597-b4cd-6563c9f0c857,,Nigeria
329acff0-ee4b-417f-96e6-0fa804515699,2025-07-13 21:30:36.849604 UTC,text,en,ce00755e-9e4a-4dbb-8dcd-c7818836306f,6e24d084-0e34-4597-b4cd-6563c9f0c857,,Nigeria
eebdcf96-7cb7-4d6d-8f84-c11ec2d247ca,2025-07-13 21:33:02.189354 UTC,text,en,ce00755e-9e4a-4dbb-8dcd-c7818836306f,6e24d084-0e34-4597-b4cd-6563c9f0c857,,Nigeria
19a1fe4d-cef3-40ca-a60e-209a3c9b8b7f,2025-07-13 21:33:23.223136 UTC,text,en,ce00755e-9e4a-4dbb-8dcd-c7818836306f,6e24d084-0e34-4597-b4cd-6563c9f0c857,,Nigeria
498609d6-314f-4844-8a3a-051f8c1facae,2025-07-13 21:32:05.880222 UTC,text,en,ce00755e-9e4a-4dbb-8dcd-c7818836306f,6e24d084-0e34-4597-b4cd-6563c9f0c857,,Nigeria
bb8d7626-f3b1-4685-902f-bd58cdfdad69,2025-07-13 21:32:30.10258 UTC,text,en,ce00755e-9e4a-4dbb-8dcd-c7818836306f,6e24d084-0e34-4597-b4cd-6563c9f0c857,,Nigeria
d6b60224-985b-49bd-a8ad-8c80aa013456,2025-07-13 21:31:05.521432 UTC,text,en,ce00755e-9e4a-4dbb-8dcd-c7818836306f,6e24d084-0e34-4597-b4cd-6563c9f0c857,,Nigeria
868e8cf2-0907-4347-92ad-4120896709ee,2025-07-13 21:30:13.074926 UTC,text,en,ce00755e-9e4a-4dbb-8dcd-c7818836306f,6e24d084-0e34-4597-b4cd-6563c9f0c857,,Nigeria
183b4388-c76a-4548-8ab7-7e1106ee6a98,2025-07-13 21:32:42.235222 UTC,text,en,ce00755e-9e4a-4dbb-8dcd-c7818836306f,6e24d084-0e34-4597-b4cd-6563c9f0c857,,Nigeria
a9550479-42b6-4b7d-baf1-7c83f905ebf2,2025-07-13 21:30:25.346874 UTC,text,en,ce00755e-9e4a-4dbb-8dcd-c7818836306f,6e24d084-0e34-4597-b4cd-6563c9f0c857,,Nigeria
95cdb83a-538c-4ace-9ef4-a1dfb4591291,2025-07-13 21:33:58.072351 UTC,text,en,ce00755e-9e4a-4dbb-8dcd-c7818836306f,6e24d084-0e34-4597-b4cd-6563c9f0c857,,Nigeria
83a85846-2cfc-44a0-8b57-093b189c0973,2025-07-13 21:33:13.498707 UTC,text,en,ce00755e-9e4a-4dbb-8dcd-c7818836306f,6e24d084-0e34-4597-b4cd-6563c9f0c857,,Nigeria
65cba2b4-97c1-493b-a4b5-6219145c04fd,2025-07-13 21:30:54.47777 UTC,text,en,ce00755e-9e4a-4dbb-8dcd-c7818836306f,6e24d084-0e34-4597-b4cd-6563c9f0c857,,Nigeria
ccc701e0-b417-4c90-bbee-3cafad7fc258,2025-07-13 21:33:32.3448 UTC,text,en,ce00755e-9e4a-4dbb-8dcd-c7818836306f,6e24d084-0e34-4597-b4cd-6563c9f0c857,,Nigeria
c6c37158-d4eb-44b0-932d-22d0e9020e70,2025-07-13 21:32:16.077524 UTC,text,en,ce00755e-9e4a-4dbb-8dcd-c7818836306f,6e24d084-0e34-4597-b4cd-6563c9f0c857,,Nigeria
466b5169-987d-42ed-afdd-32be7adee560,2025-07-13 21:31:42.814547 UTC,text,en,ce00755e-9e4a-4dbb-8dcd-c7818836306f,6e24d084-0e34-4597-b4cd-6563c9f0c857,,Nigeria
609f0023-b10a-434a-992e-f0a64a033690,2025-07-13 21:31:30.192046 UTC,text,en,ce00755e-9e4a-4dbb-8dcd-c7818836306f,6e24d084-0e34-4597-b4cd-6563c9f0c857,,Nigeria
ad743766-6f5b-4b44-ae74-6095af6a6580,2025-07-13 21:33:42.290636 UTC,text,en,ce00755e-9e4a-4dbb-8dcd-c7818836306f,6e24d084-0e34-4597-b4cd-6563c9f0c857,,Nigeria
12dd103c-1137-4030-ac74-828df1dd942f,2025-07-13 21:32:51.794264 UTC,text,en,ce00755e-9e4a-4dbb-8dcd-c7818836306f,6e24d084-0e34-4597-b4cd-6563c9f0c857,,Nigeria
96b8acf3-1b55-4609-8938-8b5a701e6b16,2025-07-13 21:31:20.062346 UTC,text,en,ce00755e-9e4a-4dbb-8dcd-c7818836306f,6e24d084-0e34-4597-b4cd-6563c9f0c857,,Nigeria
6863b52a-f91c-48c6-8a81-5a9a530e82fa,2025-08-08 16:56:35.859888 UTC,text,en,79dc3c42-e21e-4e2c-ba80-1c26043a6d0c,6e24d084-0e34-4597-b4cd-6563c9f0c857,,Nigeria
fddaea23-1db9-40d5-b602-55f4a6328662,2025-08-08 16:55:22.350456 UTC,text,en,79dc3c42-e21e-4e2c-ba80-1c26043a6d0c,6e24d084-0e34-4597-b4cd-6563c9f0c857,,Nigeria
6bcaedba-b24d-41cc-9cf8-053ab77e1495,2025-08-08 16:53:07.082647 UTC,text,en,79dc3c42-e21e-4e2c-ba80-1c26043a6d0c,6e24d084-0e34-4597-b4cd-6563c9f0c857,,Nigeria
f57b832e-eef1-4331-8299-60748d487abf,2025-08-08 16:55:51.450908 UTC,text,en,79dc3c42-e21e-4e2c-ba80-1c26043a6d0c,6e24d084-0e34-4597-b4cd-6563c9f0c857,,Nigeria
f64c7077-75ba-4550-bb4b-bf77a05a6b70,2025-08-08 16:56:15.699661 UTC,text,en,79dc3c42-e21e-4e2c-ba80-1c26043a6d0c,6e24d084-0e34-4597-b4cd-6563c9f0c857,,Nigeria
3385355b-d99c-4030-b3b3-67f7d4b8ef9e,2025-08-08 16:53:54.957297 UTC,text,en,79dc3c42-e21e-4e2c-ba80-1c26043a6d0c,6e24d084-0e34-4597-b4cd-6563c9f0c857,,Nigeria
101e67ff-39af-46e0-af7b-f921b87a815f,2025-08-08 16:52:41.379883 UTC,text,en,79dc3c42-e21e-4e2c-ba80-1c26043a6d0c,6e24d084-0e34-4597-b4cd-6563c9f0c857,,Nigeria
0f5aa4cc-13a5-441e-aafc-3c123ac291cc,2025-08-08 16:54:22.987696 UTC,text,en,79dc3c42-e21e-4e2c-ba80-1c26043a6d0c,6e24d084-0e34-4597-b4cd-6563c9f0c857,,Nigeria
7844504d-4fa3-464a-81e0-4e96fc9cb025,2025-08-08 16:52:19.247194 UTC,text,en,79dc3c42-e21e-4e2c-ba80-1c26043a6d0c,6e24d084-0e34-4597-b4cd-6563c9f0c857,,Nigeria
114f01e1-0c50-4fb6-ae8f-0104e3cd57de,2025-08-08 16:53:29.630488 UTC,text,en,79dc3c42-e21e-4e2c-ba80-1c26043a6d0c,6e24d084-0e34-4597-b4cd-6563c9f0c857,,Nigeria
be99fda7-d94e-4c42-8099-dcd67d7a1bfd,2025-08-08 16:54:48.545669 UTC,text,en,79dc3c42-e21e-4e2c-ba80-1c26043a6d0c,6e24d084-0e34-4597-b4cd-6563c9f0c857,,Nigeria
461307ed-e7c5-4217-aa9c-6a152341777a,2025-01-17 08:31:27.289785 UTC,text,hi,eb583c1f-d04a-40c3-bd7b-f22f0a62dac3,9b006daa-a6f3-4611-abf3-60c80fe3dfc7,gender_all_male,India
0a26ea4d-7bff-403e-a1d3-9f62e4d95d30,2025-01-17 08:30:36.531073 UTC,text,hi,eb583c1f-d04a-40c3-bd7b-f22f0a62dac3,9b006daa-a6f3-4611-abf3-60c80fe3dfc7,gender_all_male,India
dd3880d8-9273-4589-bf46-4e2129e86cc6,2025-01-17 08:31:09.471086 UTC,text,hi,eb583c1f-d04a-40c3-bd7b-f22f0a62dac3,9b006daa-a6f3-4611-abf3-60c80fe3dfc7,gender_all_male,India
bcfe51da-c7e4-4242-a251-a4b07f9b9a82,2025-01-17 08:31:52.987537 UTC,text,hi,eb583c1f-d04a-40c3-bd7b-f22f0a62dac3,9b006daa-a6f3-4611-abf3-60c80fe3dfc7,gender_all_male,India
fc0e8e8e-61c8-495a-9adb-a424ef9732a2,2025-01-17 08:32:24.438069 UTC,text,hi,371c6e72-04fc-4516-8e0b-6c3d2857f42b,9b006daa-a6f3-4611-abf3-60c80fe3dfc7,gender_all_male,India
54da91aa-308d-4936-87d5-fa1f37c6abf7,2025-01-17 08:32:09.413748 UTC,text,hi,371c6e72-04fc-4516-8e0b-6c3d2857f42b,9b006daa-a6f3-4611-abf3-60c80fe3dfc7,gender_all_male,India
ad75eea0-3dbd-4156-a089-20ce254c25cd,2025-01-17 08:33:04.443031 UTC,text,hi,371c6e72-04fc-4516-8e0b-6c3d2857f42b,9b006daa-a6f3-4611-abf3-60c80fe3dfc7,gender_all_male,India
4bfbc91f-710f-4b15-9063-3dbe53071f89,2025-01-17 08:32:43.403496 UTC,text,hi,371c6e72-04fc-4516-8e0b-6c3d2857f42b,9b006daa-a6f3-4611-abf3-60c80fe3dfc7,gender_all_male,India
716cffb4-a25c-4474-87e3-56072d0c196d,2026-08-09 02:32:57.833138 UTC,text,en,508da8ed-2b7f-49b2-850d-245d48281cda,c2439f39-c932-422c-af95-b738461c3c98,,India
ea05d07c-3093-42fa-a8c4-f9503ada8f17,2026-08-09 02:32:53.576113 UTC,text,en,508da8ed-2b7f-49b2-850d-245d48281cda,c2439f39-c932-422c-af95-b738461c3c98,,India
dc449e47-358d-4a6f-9e64-4b22f1d2cdb2,2026-03-08 14:29:10.755846 UTC,image,,85d2347f-543f-4223-baf6-ba9eab598833,747dadd3-5139-4c4b-807c-343b4a1e7d19,,India
e7297a5c-b3e1-4f1c-a903-0efbceb73130,2026-03-08 14:29:36.975094 UTC,text,en,85d2347f-543f-4223-baf6-ba9eab598833,747dadd3-5139-4c4b-807c-343b4a1e7d19,,India
46316300-36b9-40f5-8871-2ca3ec0d59ce,2026-03-08 14:30:12.077483 UTC,text,en,85d2347f-543f-4223-baf6-ba9eab598833,747dadd3-5139-4c4b-807c-343b4a1e7d19,,India
5c9dc673-21db-4424-a091-26b55529201e,2026-03-04 05:40:58.441904 UTC,image,,d5302920-32cc-4c3c-99eb-5f822a53da60,747dadd3-5139-4c4b-807c-343b4a1e7d19,,India
37556e03-7a8c-4a23-b150-fc0307f8df0d,2026-03-08 14:30:18.96872 UTC,text,en,bc5a4728-2aeb-4b0f-a5ac-38fb01cf3739,747dadd3-5139-4c4b-807c-343b4a1e7d19,,India
84946589-ebc5-4913-b2b2-ea88f9260f5c,2026-03-04 05:39:18.665914 UTC,text,en,5e16cfca-18d6-439c-b409-41d6f3744382,747dadd3-5139-4c4b-807c-343b4a1e7d19,,India
dd503c98-69fd-4a3c-9a2a-866bd0b2abfc,2026-04-04 05:36:25.243887 UTC,text,en,aadaf3e2-341d-42c5-970c-d55a6b380565,747dadd3-5139-4c4b-807c-343b4a1e7d19,,India
d525fe83-8161-4600-940e-b19ec0ed9bc6,2026-01-23 06:20:19.815554 UTC,text,te,dc274bc5-22e9-42e4-b0ea-5149e078dc65,a6052c29-e8b1-42a2-ae6b-27a6fb38f0b0,,India
eaee7ccb-2b07-4d4a-b6f4-94ef5849b24e,2026-01-23 06:19:09.356089 UTC,voice,te,dc274bc5-22e9-42e4-b0ea-5149e078dc65,a6052c29-e8b1-42a2-ae6b-27a6fb38f0b0,,India
3c8cfb18-08ba-4eab-8dbb-789b7359ffee,2026-01-23 06:16:41.589882 UTC,text,te,af564ea1-cbb1-4cdd-bdd2-398c848c6dc5,a6052c29-e8b1-42a2-ae6b-27a6fb38f0b0,,India
6941e615-e956-4f06-ad0c-76eb7648353b,2026-01-23 06:15:45.284718 UTC,text,te,af564ea1-cbb1-4cdd-bdd2-398c848c6dc5,a6052c29-e8b1-42a2-ae6b-27a6fb38f0b0,,India
bed79a66-ff8e-42e2-a89e-90feff3e8375,2026-01-23 06:14:57.922917 UTC,voice,te,af564ea1-cbb1-4cdd-bdd2-398c848c6dc5,a6052c29-e8b1-42a2-ae6b-27a6fb38f0b0,,India
c7244007-9499-4696-9399-91282061d1ff,2026-03-08 14:25:38.555117 UTC,image,,fd09ced7-b488-42ef-9264-4be53c5304fb,747dadd3-5139-4c4b-807c-343b4a1e7d19,,India
24b1fd87-e518-4fdf-b384-1190a5402f28,2026-01-23 06:47:22.641793 UTC,text,te,86518fbc-9ca9-461c-ad91-390a2101a284,a6052c29-e8b1-42a2-ae6b-27a6fb38f0b0,,India
1707a8ea-79c1-477c-a600-883f46d5cc31,2026-03-04 05:40:14.292906 UTC,image,,0eba2c36-9d69-4cbe-a7a5-5e2c8383d76c,747dadd3-5139-4c4b-807c-343b4a1e7d19,,India
329fa3a3-fb47-49ce-8077-356d83915e95,2026-06-14 21:44:36.688308 UTC,text,ha,415ada89-016e-4c26-9cbc-914483a52ae4,fa5b4471-b8b1-40e5-955b-34e7d53964c8,,Nigeria
64a81013-fa11-4b27-96ea-aaff4bb124c5,2026-06-14 21:37:16.343434 UTC,text,ha,415ada89-016e-4c26-9cbc-914483a52ae4,fa5b4471-b8b1-40e5-955b-34e7d53964c8,,Nigeria
90b784b7-11a1-483c-9adc-95ae97fa8d19,2026-06-14 21:45:04.650982 UTC,text,ha,415ada89-016e-4c26-9cbc-914483a52ae4,fa5b4471-b8b1-40e5-955b-34e7d53964c8,,Nigeria
81b20ffa-ac95-4477-b93e-6991941d1075,2026-06-14 21:31:30.438025 UTC,text,ha,415ada89-016e-4c26-9cbc-914483a52ae4,fa5b4471-b8b1-40e5-955b-34e7d53964c8,,Nigeria
876affbe-8d2c-4079-a001-60e87138ba78,2025-02-10 12:33:02.916972 UTC,voice,hi,72647642-9873-4ba5-ab06-b5b614cf83fb,ea046a1f-bbb1-4e06-b2ee-b37c6beb656c,gender_all_female,India
87a8e668-feb7-4391-9d4f-5625ff5375ac,2025-02-17 12:35:33.730806 UTC,voice,hi,46fa3678-168f-493d-a747-9ee25a22454c,ea046a1f-bbb1-4e06-b2ee-b37c6beb656c,gender_all_female,India
e7445b45-14eb-43e9-9ae5-9e857d9030bf,2025-02-03 16:22:07.386186 UTC,voice,hi,8742b495-08d0-4930-9e4a-5464a6eb30b7,ea046a1f-bbb1-4e06-b2ee-b37c6beb656c,gender_all_female,India
19aae64e-db00-40c3-8837-58f32a62e9cc,2025-03-29 02:22:16.57958 UTC,voice,hi,23171e79-2f7f-4499-a8ad-73e09839b975,ea046a1f-bbb1-4e06-b2ee-b37c6beb656c,gender_all_female,India
8bbcdda5-2e86-4387-b845-1afecbfa7b49,2025-03-29 02:21:05.648519 UTC,image,,23171e79-2f7f-4499-a8ad-73e09839b975,ea046a1f-bbb1-4e06-b2ee-b37c6beb656c,gender_all_female,India
79b7eafb-e361-4dd6-9269-6b680bd036ee,2025-02-02 12:58:29.007069 UTC,voice,hi,e5bc8e7a-b6a7-4dad-a83d-2f294d94f7b2,ea046a1f-bbb1-4e06-b2ee-b37c6beb656c,gender_all_female,India
c9999ed1-a3ef-46d8-9518-bba5d1def220,2025-02-17 12:36:58.882546 UTC,text,hi,004950f9-e6dc-43c4-8260-7424e675ae21,ea046a1f-bbb1-4e06-b2ee-b37c6beb656c,gender_all_female,India
c1cf59e0-1c8d-4708-b842-fc5bfe459164,2025-02-17 12:36:11.559575 UTC,voice,hi,004950f9-e6dc-43c4-8260-7424e675ae21,ea046a1f-bbb1-4e06-b2ee-b37c6beb656c,gender_all_female,India
bbac0513-5fe0-458a-800f-ea8189282344,2026-03-21 17:55:42.929358 UTC,text,am,1c59f436-2016-4e8d-a208-9469425d6960,f18c4c28-0da9-478c-bb74-5f72bc209a0c,,Ethiopia
ab9ddb87-2a3f-445c-9ac2-99052360723a,2025-05-01 11:48:22.532165 UTC,text,hi,a3a72286-2836-4a95-8685-c6c172111ff8,ea046a1f-bbb1-4e06-b2ee-b37c6beb656c,gender_all_female,India
a3070b11-feef-465b-926d-14bbf8710ac4,2025-05-01 11:49:20.115997 UTC,text,hi,a3a72286-2836-4a95-8685-c6c172111ff8,ea046a1f-bbb1-4e06-b2ee-b37c6beb656c,gender_all_female,India
bec81537-fe5e-4528-9736-acc6ebd0607a,2025-02-10 12:33:45.620218 UTC,voice,en,2b241c07-8e68-4b0a-ac03-23a4807dedd6,ea046a1f-bbb1-4e06-b2ee-b37c6beb656c,gender_all_female,India
c4c0fa4a-d70f-4492-b24d-0e8c75b2decc,2025-10-06 02:24:39.202074 UTC,text,hi,2f2472bc-5c47-4d67-bd33-05ca27219977,2c71054a-1e44-402e-aa81-50865f90ac82,,India
5acb4de9-0683-4063-8183-39be7e966e1e,2026-06-20 13:21:56.035124 UTC,text,ha,df9986ef-d786-48d3-a112-f3ca72ebbacc,fa5b4471-b8b1-40e5-955b-34e7d53964c8,,Nigeria
dd65f53d-a7bc-4a9e-a746-923db5fcc94a,2026-06-20 13:23:24.455915 UTC,text,ha,df9986ef-d786-48d3-a112-f3ca72ebbacc,fa5b4471-b8b1-40e5-955b-34e7d53964c8,,Nigeria
918ff741-a0da-4b20-9e26-b2e5df9262f4,2026-06-20 13:25:15.10449 UTC,text,ha,df9986ef-d786-48d3-a112-f3ca72ebbacc,fa5b4471-b8b1-40e5-955b-34e7d53964c8,,Nigeria
5f0234b2-57fb-411f-a800-dad541459b36,2026-06-20 13:30:42.587795 UTC,text,ha,df9986ef-d786-48d3-a112-f3ca72ebbacc,fa5b4471-b8b1-40e5-955b-34e7d53964c8,,Nigeria
69625e75-366f-46cc-a20c-2d2d14eb86cf,2026-06-20 13:27:31.2017 UTC,text,ha,df9986ef-d786-48d3-a112-f3ca72ebbacc,fa5b4471-b8b1-40e5-955b-34e7d53964c8,,Nigeria
e7288880-f389-4ef7-974f-c5bf7372ebde,2025-01-31 11:08:06.057437 UTC,text,hi-Latn,32e4f3c3-7b29-4e16-a01b-728c157bc99c,ea046a1f-bbb1-4e06-b2ee-b37c6beb656c,gender_all_female,India
79f9e5b0-2ece-42dd-8c33-bb59082ab458,2025-02-21 07:23:15.657239 UTC,voice,hi,2a1004fd-5991-4c14-9d8d-166c431333bf,ea046a1f-bbb1-4e06-b2ee-b37c6beb656c,gender_all_female,India
87ebcd2f-558d-42c3-84ab-df5ba0c16610,2025-02-08 07:32:52.284518 UTC,text,hi,327ff971-f0c3-4494-900b-2789c2c7ea79,ea046a1f-bbb1-4e06-b2ee-b37c6beb656c,gender_all_female,India
429ef645-eaa5-4c10-8a06-e99ac8ff96ad,2025-02-08 07:30:53.971587 UTC,voice,hi,327ff971-f0c3-4494-900b-2789c2c7ea79,ea046a1f-bbb1-4e06-b2ee-b37c6beb656c,gender_all_female,India
eb571e40-5690-40cd-a946-44a7e63a3320,2025-02-08 07:31:59.56527 UTC,text,hi,327ff971-f0c3-4494-900b-2789c2c7ea79,ea046a1f-bbb1-4e06-b2ee-b37c6beb656c,gender_all_female,India
67fa5e9a-ad29-4a09-96b8-d135d13c157b,2026-04-23 20:54:02.702669 UTC,text,ha,169c2c11-4ff1-4bf0-9184-310650406928,fa5b4471-b8b1-40e5-955b-34e7d53964c8,,Nigeria
ecfc3029-c360-4796-825f-f9e70ed51d67,2026-04-23 19:58:12.151827 UTC,text,ha,169c2c11-4ff1-4bf0-9184-310650406928,fa5b4471-b8b1-40e5-955b-34e7d53964c8,,Nigeria
7f56a9b8-dea1-481d-8537-98edbf7b8717,2026-04-23 20:58:37.311184 UTC,text,ha,169c2c11-4ff1-4bf0-9184-310650406928,fa5b4471-b8b1-40e5-955b-34e7d53964c8,,Nigeria
4f85b781-ab30-49c6-b064-18a289093d91,2026-04-23 20:50:21.683415 UTC,text,ha,169c2c11-4ff1-4bf0-9184-310650406928,fa5b4471-b8b1-40e5-955b-34e7d53964c8,,Nigeria
ed72741c-b273-4e9c-bef4-f921ea3ab527,2026-04-23 20:39:01.865735 UTC,text,ha,169c2c11-4ff1-4bf0-9184-310650406928,fa5b4471-b8b1-40e5-955b-34e7d53964c8,,Nigeria
6856ce33-58f9-4565-beff-2f4e27c9ff18,2026-05-17 14:17:48.00741 UTC,text,ha,9022c5c5-afac-4ebe-b64d-a876f1b5a94f,fa5b4471-b8b1-40e5-955b-34e7d53964c8,,Nigeria
177a18e1-911f-4112-a3e2-a3a76a014c7a,2026-05-17 14:33:36.016092 UTC,text,ha,9022c5c5-afac-4ebe-b64d-a876f1b5a94f,fa5b4471-b8b1-40e5-955b-34e7d53964c8,,Nigeria
12259bcc-fcd4-4755-b494-a682f50987ce,2026-05-17 14:21:01.163491 UTC,text,ha,9022c5c5-afac-4ebe-b64d-a876f1b5a94f,fa5b4471-b8b1-40e5-955b-34e7d53964c8,,Nigeria
c2680c4d-5f09-47d4-9cdc-9fa3f6d38f4b,2026-05-17 14:28:33.687083 UTC,text,ha,9022c5c5-afac-4ebe-b64d-a876f1b5a94f,fa5b4471-b8b1-40e5-955b-34e7d53964c8,,Nigeria
32cacc0a-4ffa-42f0-8a5e-382b357bd395,2026-05-17 14:36:49.624538 UTC,text,ha,9022c5c5-afac-4ebe-b64d-a876f1b5a94f,fa5b4471-b8b1-40e5-955b-34e7d53964c8,,Nigeria
991c6391-7299-4bd0-bc71-2459c70aaedc,2025-05-16 05:17:40.566931 UTC,text,en,29bbf840-403e-4add-b21d-96086c0dcb7b,71576218-8e74-4f7e-a9c3-43ec386f76b6,,Kenya
11c90e9d-e366-446c-92e8-1c5c467bbc30,2026-05-17 14:38:12.435091 UTC,text,ha,9022c5c5-afac-4ebe-b64d-a876f1b5a94f,fa5b4471-b8b1-40e5-955b-34e7d53964c8,,Nigeria
6cfe05bd-5b34-4fa8-b337-d2b48f7bca2d,2026-05-17 14:40:14.861421 UTC,text,ha,9022c5c5-afac-4ebe-b64d-a876f1b5a94f,fa5b4471-b8b1-40e5-955b-34e7d53964c8,,Nigeria
335f8fbc-aae3-4324-bd98-126ab19cedad,2026-05-17 14:24:03.432813 UTC,text,ha,9022c5c5-afac-4ebe-b64d-a876f1b5a94f,fa5b4471-b8b1-40e5-955b-34e7d53964c8,,Nigeria
c711d188-dcd7-48dd-b1fc-14afb5a1448c,2026-05-17 14:43:07.566242 UTC,text,ha,9022c5c5-afac-4ebe-b64d-a876f1b5a94f,fa5b4471-b8b1-40e5-955b-34e7d53964c8,,Nigeria
922640c6-4b74-4f31-be32-bf75a628e9b2,2026-05-17 14:14:17.202164 UTC,text,ha,9022c5c5-afac-4ebe-b64d-a876f1b5a94f,fa5b4471-b8b1-40e5-955b-34e7d53964c8,,Nigeria
3eac586b-aa8a-4793-83e9-18cc58bbb1ea,2025-04-21 10:18:49.36571 UTC,voice,hi,8fdc4978-b2e5-4cb3-a82b-0f3f5a25769b,ea046a1f-bbb1-4e06-b2ee-b37c6beb656c,gender_all_female,India
ae500d1c-6bfe-4189-b56f-c5438f53d38e,2025-02-01 03:48:58.692976 UTC,text,te-Latn,0667396a-2a91-4925-a3a3-99e79c7cf766,ea046a1f-bbb1-4e06-b2ee-b37c6beb656c,gender_all_female,India
c3dee6ee-e50a-45a9-b580-c2059c24fd2f,2025-10-15 06:51:16.912565 UTC,image,,47929dc7-00a9-4901-b6f7-f55bca0a7e28,bde948f2-51f6-42e7-b0b5-8dae78a7b0f3,gender_all_female,India
b55841f2-bf6b-47fb-aa22-bc0992583900,2025-10-06 02:23:47.206663 UTC,text,hi,5b4a3b1f-f1a7-43db-adc6-3817a84c7502,2c71054a-1e44-402e-aa81-50865f90ac82,,India
eff09f1b-75e8-4d4e-9e4a-b1d9fb98f252,2025-03-29 02:24:42.187119 UTC,text,ha,b9fcaa2d-449b-4ba0-97b1-797c05164977,ea046a1f-bbb1-4e06-b2ee-b37c6beb656c,gender_all_female,India
81e6c14b-f33f-4c9f-b76d-14f6b7e6a169,2025-02-08 07:34:01.303343 UTC,voice,hi,c3fe10c2-a99b-4adb-96bd-fbab3c1bd899,ea046a1f-bbb1-4e06-b2ee-b37c6beb656c,gender_all_female,India
138f6b94-7c9f-4bca-9c9b-46e102269103,2025-03-29 02:27:03.056671 UTC,text,hi,b9fcaa2d-449b-4ba0-97b1-797c05164977,ea046a1f-bbb1-4e06-b2ee-b37c6beb656c,gender_all_female,India
62d88259-5843-4651-b728-ee859095b2a3,2025-02-08 07:34:45.688644 UTC,text,hi,c3fe10c2-a99b-4adb-96bd-fbab3c1bd899,ea046a1f-bbb1-4e06-b2ee-b37c6beb656c,gender_all_female,India
ebe519c2-9c44-4923-b21d-1418baebe37d,2025-04-26 09:37:58.358937 UTC,text,am,338e08ca-524f-4e05-a9ab-22bd21b4cfab,ffb09a81-fdd4-40c2-ba3a-255c594a7c27,gender_all_male,Ethiopia
ec5ddf33-1c37-4358-8ad0-0a9f1588d7f0,2025-12-04 16:24:32.849551 UTC,text,te,54a34b09-4c90-4f32-b097-ae20623be274,e00fa61c-7240-41b2-85c7-6da2e705604e,,India
65666154-c9db-4e40-b516-7df6a954ced7,2026-02-09 05:21:15.481233 UTC,image,,d104108c-1ffc-47aa-b110-86cdb09ef5aa,e00fa61c-7240-41b2-85c7-6da2e705604e,,India
c15c62da-e991-4846-b6ef-77bd83454aab,2026-05-11 15:19:22.104213 UTC,text,hi,1afc99fd-0802-4fd3-be85-967c3e054f39,a8dcd8b1-a135-4f7f-96b0-9493fb7ee720,,
5d8319ad-2a61-4947-9299-b0b192721ab5,2026-01-06 05:53:27.594838 UTC,image,,586f13cc-93c7-4a01-9216-ff64f1a1aa54,e00fa61c-7240-41b2-85c7-6da2e705604e,,India
21a590a5-6c4b-41b6-ae95-b263f7213e66,2025-12-04 16:21:24.861501 UTC,image,,5b4c8978-9b30-4943-a267-620dc4392bd9,e00fa61c-7240-41b2-85c7-6da2e705604e,,India
bd494be1-fea9-4199-af0f-5486a2f376f6,2025-12-04 16:19:34.763512 UTC,image,,5b4c8978-9b30-4943-a267-620dc4392bd9,e00fa61c-7240-41b2-85c7-6da2e705604e,,India
f2576e54-83b6-4090-abfe-e265b07003d3,2025-12-04 16:20:35.443606 UTC,image,,5b4c8978-9b30-4943-a267-620dc4392bd9,e00fa61c-7240-41b2-85c7-6da2e705604e,,India
e97afb98-b9a0-4ce2-81c8-180938707b34,2026-01-13 06:22:22.340687 UTC,image,,e4c12bec-45ca-47ae-90d1-02d5cf14385f,e00fa61c-7240-41b2-85c7-6da2e705604e,,India
25e8796a-251f-4fbf-8128-851bed2fed48,2025-04-26 09:37:24.0303 UTC,text,am,aafd98fb-e5c0-4d6d-8962-754004dcce14,ffb09a81-fdd4-40c2-ba3a-255c594a7c27,gender_all_male,Ethiopia
50b4055e-be83-4ba3-b7cd-6bf11519dbd6,2026-02-09 05:23:25.23012 UTC,image,,771b412c-f655-413c-a65c-ef595845535a,e00fa61c-7240-41b2-85c7-6da2e705604e,,India
374daffd-5681-4cc4-925c-de993b7f35ac,2025-12-06 11:41:21.788775 UTC,image,,fd7cbdf7-2fb4-4eb8-81e1-23aa291acc86,e00fa61c-7240-41b2-85c7-6da2e705604e,,India
14ee51a1-bf47-4f54-856c-835d44a036a4,2025-12-06 13:36:56.072346 UTC,text,te,8c6cf747-6a6c-43ca-b88e-4f103ca9e552,e00fa61c-7240-41b2-85c7-6da2e705604e,,India
77a40fff-47fc-444f-8568-25ff8d2aa0c3,2026-05-13 12:06:17.226573 UTC,image,,41cdeb0e-0624-4939-b7db-aaf1eb46c6c7,a8dcd8b1-a135-4f7f-96b0-9493fb7ee720,,
d30b4bbf-a561-4d4a-80f5-accc2581fa5c,2026-05-13 12:08:46.097476 UTC,image,,41cdeb0e-0624-4939-b7db-aaf1eb46c6c7,a8dcd8b1-a135-4f7f-96b0-9493fb7ee720,,
f7ab0c26-81b7-43b7-b3b9-ef49d903172b,2025-04-26 09:38:28.880562 UTC,text,am,fd7fa59b-4a84-4fbc-85a1-eb00bf8eacb6,ffb09a81-fdd4-40c2-ba3a-255c594a7c27,gender_all_male,Ethiopia
c7040090-9e14-4db4-92a6-daaf8a2c0cb9,2026-05-13 12:07:32.481905 UTC,image,,41cdeb0e-0624-4939-b7db-aaf1eb46c6c7,a8dcd8b1-a135-4f7f-96b0-9493fb7ee720,,
f7d90179-861e-43a3-b5b2-d723bd8b45b9,2026-05-13 12:05:33.445065 UTC,image,,41cdeb0e-0624-4939-b7db-aaf1eb46c6c7,a8dcd8b1-a135-4f7f-96b0-9493fb7ee720,,
aee5e2f7-ca61-461d-9989-1e5cf555d0fc,2026-02-09 05:22:04.249718 UTC,image,,15265e31-8901-4651-ac36-c9e5ed90823e,e00fa61c-7240-41b2-85c7-6da2e705604e,,India
00622747-3781-46fb-b19c-98806cb5dc5d,2025-04-26 09:36:42.006996 UTC,text,am,abb0f855-cdce-41a5-9d1f-fb6f19368c19,ffb09a81-fdd4-40c2-ba3a-255c594a7c27,gender_all_male,Ethiopia
7d206398-bc99-42e0-adab-d51ff06e7ac2,2025-12-06 13:37:19.764374 UTC,image,,4d172dfd-8a6a-44b5-a4af-955fd92762f0,e00fa61c-7240-41b2-85c7-6da2e705604e,,India
6c743ad0-5842-4ffc-be5a-9ede9d3774d7,2026-05-11 15:22:15.77037 UTC,text,hi,3e61fb6e-b68f-471f-9b5e-cc0c4377e969,a8dcd8b1-a135-4f7f-96b0-9493fb7ee720,,
6c2c6da1-37ef-4a6c-ba7b-54da80635ad0,2025-12-12 06:28:39.251188 UTC,image,,181caf58-9ea4-438e-8996-9dcb721b45c8,e00fa61c-7240-41b2-85c7-6da2e705604e,,India
c2ee1fc1-186e-4ea0-94fd-a187cf1a5d8f,2025-12-12 06:09:27.79888 UTC,image,,181caf58-9ea4-438e-8996-9dcb721b45c8,e00fa61c-7240-41b2-85c7-6da2e705604e,,India
4bb6b85d-0fe3-417c-adff-90c441c6ba96,2025-12-12 06:08:37.48464 UTC,image,,181caf58-9ea4-438e-8996-9dcb721b45c8,e00fa61c-7240-41b2-85c7-6da2e705604e,,India
e717aa0b-22f3-4117-99ce-bed85561f79f,2025-12-27 15:35:47.758231 UTC,image,,baa69ba7-1bfb-4424-a9cc-1949623654fe,e00fa61c-7240-41b2-85c7-6da2e705604e,,India
ee217804-71bf-44f0-ae37-e26d4b4771ef,2026-08-11 15:33:32.04245 UTC,text,,23d0a0e1-1b5e-4859-8ad9-c9c842729500,03e1b5c6-cabf-4f87-897d-13af3845ad80,gender_all_female,Ethiopia
61d5e50e-57f5-4cd8-ad10-6ec71d148b96,2026-08-11 15:31:48.673488 UTC,image,,4a721ce6-c6b0-404d-bd87-38e6c42d6b22,03e1b5c6-cabf-4f87-897d-13af3845ad80,gender_all_female,Ethiopia
16b59a66-10c8-4a13-b638-88581fc465b1,2025-12-04 16:22:02.920322 UTC,image,,99295af0-a66a-42e1-bd9e-c7e35293d235,e00fa61c-7240-41b2-85c7-6da2e705604e,,India
29aa32f7-fb9d-4e13-9eee-37d2c760ab47,2026-05-11 15:21:25.970396 UTC,image,,8c4a321d-bc8a-47a8-8295-c12e1300e14a,a8dcd8b1-a135-4f7f-96b0-9493fb7ee720,,
2159ab99-de42-4c56-b560-e2809328e8a6,2026-05-11 15:20:16.760662 UTC,text,hi-Latn,8c4a321d-bc8a-47a8-8295-c12e1300e14a,a8dcd8b1-a135-4f7f-96b0-9493fb7ee720,,
0bdb6047-1eaa-4572-a963-10c6e5f0ed13,2026-05-12 07:56:27.248796 UTC,text,hi,82eaef0a-d1ba-461d-bc57-c15fa662f99a,a8dcd8b1-a135-4f7f-96b0-9493fb7ee720,,
de8729b7-1841-4a02-95cd-452312e333f0,2025-12-04 12:06:53.975426 UTC,image,,c7d261a2-1046-4d1d-95ef-c8e28ae7cbaa,e00fa61c-7240-41b2-85c7-6da2e705604e,,India
37360b48-a60c-4e7d-83ee-4323ab12fdec,2025-12-04 12:08:33.594336 UTC,image,,c7d261a2-1046-4d1d-95ef-c8e28ae7cbaa,e00fa61c-7240-41b2-85c7-6da2e705604e,,India
b197ffdc-e12c-4b9b-aaaa-1ff8bdf015da,2026-08-11 15:32:53.613094 UTC,text,am,e9b7874b-888c-463d-8085-1de53e0f7a94,03e1b5c6-cabf-4f87-897d-13af3845ad80,gender_all_female,Ethiopia
b4d9f9e5-5f42-4bf7-a328-db6c7df9d1be,2026-07-22 01:09:05.525408 UTC,text,hi,4091dd94-13db-4ae4-a129-37feb8b73644,e28fb6c6-4e78-4ee5-86c7-ad958dacc5aa,gender_all_male,India
4e24fdbc-6b27-4b30-9cd8-e226cf935959,2025-12-06 11:42:47.427121 UTC,image,,02c79453-55af-4307-87b7-c472b83e621a,e00fa61c-7240-41b2-85c7-6da2e705604e,,India
ef69d3f0-c27a-45ab-9620-32ceefcfaef9,2025-12-06 11:42:02.283059 UTC,text,te,785013ad-1a7f-4a3c-b7bb-762502c38865,e00fa61c-7240-41b2-85c7-6da2e705604e,,India
17a36705-b395-4722-9ed1-0148e5c3aa6c,2026-01-13 06:21:35.294349 UTC,image,,a6eac867-25c7-4bcc-a507-7e56cb4f9b24,e00fa61c-7240-41b2-85c7-6da2e705604e,,India
dae96ed9-ff0d-4720-af0d-977bed3aca88,2026-01-06 06:45:47.023969 UTC,image,,93e1da85-5602-4ba0-9d6d-0e8e6fa4346c,e00fa61c-7240-41b2-85c7-6da2e705604e,,India
907eb7a0-7fd9-4742-8a64-6cd33f30c6f8,2026-03-03 02:47:35.341187 UTC,image,,af90e6bd-4110-4c36-b032-014e6456b63f,e00fa61c-7240-41b2-85c7-6da2e705604e,,India
63a546d6-7ce3-43e0-9afe-bd49f73cdf9c,2025-04-26 09:38:12.823226 UTC,text,am,66d54b9c-9587-40e0-86c3-3d60a069ca53,ffb09a81-fdd4-40c2-ba3a-255c594a7c27,gender_all_male,Ethiopia
8e276d2f-a760-4674-9bdc-16d97829aae2,2026-03-03 02:48:59.511017 UTC,image,,98fb9ad8-6178-40ef-8b2d-bc528171e149,e00fa61c-7240-41b2-85c7-6da2e705604e,,India
6195b6f9-4027-495b-96bd-474a205921a7,2026-02-19 09:57:15.659391 UTC,text,pl,a85888f2-c640-4c59-b4cf-b413e029319f,4fa94c0b-1344-4363-bc60-084f3cfd341b,,Ethiopia
9e7e5fad-7c1a-4433-827d-bb60dc263e01,2026-02-19 09:58:43.239163 UTC,text,am,a85888f2-c640-4c59-b4cf-b413e029319f,4fa94c0b-1344-4363-bc60-084f3cfd341b,,Ethiopia
8137f7b1-1f0f-4def-92f0-4fe074896b76,2026-02-19 10:00:06.700677 UTC,text,en,a85888f2-c640-4c59-b4cf-b413e029319f,4fa94c0b-1344-4363-bc60-084f3cfd341b,,Ethiopia
944404f3-bb42-433c-849d-cfc3f5e4b332,2025-04-26 09:37:38.721148 UTC,text,am,0c42fe11-a126-450e-9dfb-deae75c15098,ffb09a81-fdd4-40c2-ba3a-255c594a7c27,gender_all_male,Ethiopia
daf6855c-830e-4cc9-bc9a-60837238982e,2025-12-27 15:37:00.477475 UTC,text,te,81798baf-3a77-4989-ba27-891b7a31c10d,e00fa61c-7240-41b2-85c7-6da2e705604e,,India
a4ecfd92-c533-429b-a68b-5cbcb4a7f3d2,2025-12-27 15:36:15.584286 UTC,text,te,81798baf-3a77-4989-ba27-891b7a31c10d,e00fa61c-7240-41b2-85c7-6da2e705604e,,India
c2c5ef40-aa81-49f6-ad00-9cde944f1c3f,2025-12-04 23:42:42.463933 UTC,text,te,d4c8a79d-0616-4f7b-b4ee-af849f48aac7,e00fa61c-7240-41b2-85c7-6da2e705604e,,India
c47e9e94-7d78-4894-8a23-e308e37a1bbc,2025-04-26 09:37:02.421183 UTC,text,am,83d98fc3-5df4-42f3-9bec-e629052fdf45,ffb09a81-fdd4-40c2-ba3a-255c594a7c27,gender_all_male,Ethiopia
3a58fc7d-93a6-4457-b894-ca9f8d4d41e6,2026-06-03 10:34:19.453942 UTC,text,te,4cdab9ef-e766-4330-bd51-e1d868640206,e00fa61c-7240-41b2-85c7-6da2e705604e,,India
a552b78f-f88f-42ad-be04-dc9d9826b8a9,2025-12-04 16:23:00.892928 UTC,image,,3d15a4fd-b5b3-40ed-bc5c-19003020d38f,e00fa61c-7240-41b2-85c7-6da2e705604e,,India
3740bb98-7fb7-4a49-85fd-1262b5f44416,2025-12-30 06:45:14.085327 UTC,text,te,16f1fbe3-4c98-441a-873d-b1c7ff727951,e00fa61c-7240-41b2-85c7-6da2e705604e,,India
5a768a8f-6f68-478c-854b-358d26e7a55a,2025-12-24 21:44:31.415031 UTC,text,en,6ec1608f-0d9a-444e-a5c4-7d05795a17c8,1c40b782-cde7-4467-a1b9-cc8c207ac4d6,,Kenya
cd0d9444-c45c-48f7-a499-a83576d23bdf,2025-12-24 21:45:23.398052 UTC,text,en,6ec1608f-0d9a-444e-a5c4-7d05795a17c8,1c40b782-cde7-4467-a1b9-cc8c207ac4d6,,Kenya
0a621e81-e5d0-48fc-80e9-b1b1dd2ccee3,2025-12-24 21:43:46.115453 UTC,text,en,6ec1608f-0d9a-444e-a5c4-7d05795a17c8,1c40b782-cde7-4467-a1b9-cc8c207ac4d6,,Kenya
fe68a619-be9b-4ac7-a627-5aa0a051c789,2025-12-24 21:46:23.254093 UTC,text,ja-Latn,6ec1608f-0d9a-444e-a5c4-7d05795a17c8,1c40b782-cde7-4467-a1b9-cc8c207ac4d6,,Kenya
7b7b4ad9-6252-424a-98f4-6c78052587ca,2025-11-19 17:03:47.197285 UTC,text,,70f54b55-e08a-49b8-b7a5-a126d811b45d,b08365da-9376-404f-9b98-3f5c2c18db63,,Ethiopia
a07eda4f-fff0-44cf-aa1f-ab2a348ef12c,2025-12-24 21:42:34.922495 UTC,text,en,0e01a11d-9205-4101-80c3-f210849d99cc,1c40b782-cde7-4467-a1b9-cc8c207ac4d6,,Kenya
c4897609-a57a-4e8c-a37e-2caec05bb45c,2025-11-22 12:54:59.913553 UTC,text,,67bf67b3-55d6-430a-9b47-fc8571e60876,b08365da-9376-404f-9b98-3f5c2c18db63,,Ethiopia
97620201-a3f5-41ca-8139-407343be9687,2026-02-11 21:56:22.001256 UTC,text,hi,0dc70fc6-40a0-4fb3-b886-29a269ec7889,1c01842b-b831-49f0-960a-329de14e5e03,,India
34d0a093-8e09-4e43-91ae-fffa6daf6bc5,2025-11-20 14:44:37.148029 UTC,text,,c0b99330-72fa-4798-9592-4134cc540e34,b08365da-9376-404f-9b98-3f5c2c18db63,,Ethiopia
9111b9ea-aea0-46b1-8a8a-f29c6c39c6b3,2025-11-21 17:27:50.062598 UTC,text,om,6092c940-dd4b-4257-a04f-013fb377203f,b08365da-9376-404f-9b98-3f5c2c18db63,,Ethiopia
6fb8cfed-a7a8-453d-95bc-59e3d3582e87,2026-09-01 01:47:16.115888 UTC,text,hi,9da61ce2-138e-4567-b6d8-be346fedc0cd,308bd8d7-5244-4d51-a0b5-0aa88c9a1758,,India
c02017bb-7292-47c6-8538-8970f0342ed8,2026-09-01 01:48:18.951268 UTC,text,hi,9da61ce2-138e-4567-b6d8-be346fedc0cd,308bd8d7-5244-4d51-a0b5-0aa88c9a1758,,India
f15a9067-3f45-4594-b200-21641c9c47d1,2025-11-22 12:56:54.728313 UTC,image,,5e14c21d-5c1e-41da-b22f-7bab79c75688,b08365da-9376-404f-9b98-3f5c2c18db63,,Ethiopia
b1c6fd6e-f99b-48d0-b1ae-fae82ee3fcd9,2025-11-22 12:55:59.321147 UTC,image,,5e14c21d-5c1e-41da-b22f-7bab79c75688,b08365da-9376-404f-9b98-3f5c2c18db63,,Ethiopia
9b0de08f-7736-4903-aa62-21780501d297,2025-12-24 20:58:11.013204 UTC,text,en,95d26423-d65b-47f4-b98e-2519bd4d49f8,1c40b782-cde7-4467-a1b9-cc8c207ac4d6,,Kenya
744c52d0-8190-40c1-82e9-804f6d5a0af2,2025-11-21 11:14:18.704727 UTC,text,,9ae34e75-e460-4940-9927-83ed09f2645f,b08365da-9376-404f-9b98-3f5c2c18db63,,Ethiopia
53ef1fa7-e412-45b4-b156-62433a47b679,2025-12-24 21:42:07.428271 UTC,text,en,da598622-2d30-4da9-8256-e016c775dfa2,1c40b782-cde7-4467-a1b9-cc8c207ac4d6,,Kenya
dd39a221-38e8-4f04-86ce-456b4a0603ed,2025-11-19 17:05:59.965371 UTC,text,so,c8fa414b-f4f9-4246-9559-360f625017a6,b08365da-9376-404f-9b98-3f5c2c18db63,,Ethiopia
14005ecc-beb0-428b-ba8e-8e3cf3cb0a97,2025-11-22 12:43:02.244188 UTC,text,om,9d7e040c-0c3e-48ae-aee6-f1017f27c12a,b08365da-9376-404f-9b98-3f5c2c18db63,,Ethiopia
12326303-f722-42b8-ab2b-415ca294cc91,2025-11-22 12:39:14.883111 UTC,image,,9d7e040c-0c3e-48ae-aee6-f1017f27c12a,b08365da-9376-404f-9b98-3f5c2c18db63,,Ethiopia
ccd44f5b-26d8-4883-85d7-340e4e076840,2025-11-22 12:34:25.477206 UTC,image,,9d7e040c-0c3e-48ae-aee6-f1017f27c12a,b08365da-9376-404f-9b98-3f5c2c18db63,,Ethiopia
fe9257c5-21b7-4f57-ac2e-4e9e13b8783c,2025-12-24 21:43:10.298452 UTC,text,en,2ff63bad-34c7-4423-95cc-ddbde6a6ec1c,1c40b782-cde7-4467-a1b9-cc8c207ac4d6,,Kenya
34a85595-9027-4a29-8174-629118d6bd85,2025-11-22 12:32:44.121636 UTC,text,,7e0ecd72-f1ba-4f02-9287-9f9cf530620a,b08365da-9376-404f-9b98-3f5c2c18db63,,Ethiopia
5246644c-804b-4730-a5fa-f331a0126b2b,2025-12-24 20:54:56.815318 UTC,text,en,2046e571-f652-4f9e-903c-d6f6c3e664dc,1c40b782-cde7-4467-a1b9-cc8c207ac4d6,,Kenya
67b706ec-6394-424d-b781-07b189cb26a1,2025-12-24 20:55:41.906402 UTC,text,rw,2046e571-f652-4f9e-903c-d6f6c3e664dc,1c40b782-cde7-4467-a1b9-cc8c207ac4d6,,Kenya
feb82f6c-fe94-475c-b3b3-b7645ab229fd,2025-11-20 17:40:23.376351 UTC,text,om,ac5f9c55-9ca4-4aa2-9d40-e34775deed31,b08365da-9376-404f-9b98-3f5c2c18db63,,Ethiopia
90fb98de-0905-4e04-82f5-1c079091edb1,2025-11-30 14:17:43.912497 UTC,text,hi,675c6a3a-6a21-44d0-a0f7-112bba695c5d,075baa5a-7665-4da5-aa3e-9f4047761465,,India
9f5b5201-31cf-49a4-940a-dac877ee726c,2025-11-30 14:20:08.009368 UTC,text,hi,675c6a3a-6a21-44d0-a0f7-112bba695c5d,075baa5a-7665-4da5-aa3e-9f4047761465,,India
fc68e2a9-41e2-43ee-a0ff-0f2d5bc7b8b5,2024-12-23 07:17:52.675558 UTC,text,om,68d5153f-828e-459b-92c3-26c91ab591c1,c6cc35c5-74bb-4d4b-986f-ef823f3758da,gender_all_male,Ethiopia
49f40082-eb2a-4c1a-a09a-f00998b78048,2024-12-23 07:16:40.392435 UTC,text,en,68d5153f-828e-459b-92c3-26c91ab591c1,c6cc35c5-74bb-4d4b-986f-ef823f3758da,gender_all_male,Ethiopia
0f5d9837-b49a-4ea5-9509-1a2339327989,2024-12-23 07:15:03.626278 UTC,image,,68d5153f-828e-459b-92c3-26c91ab591c1,c6cc35c5-74bb-4d4b-986f-ef823f3758da,gender_all_male,Ethiopia
788583dc-b0b7-447f-a1b5-4672486655b1,2026-06-17 04:58:08.90346 UTC,text,hi,5b8950ab-d37c-446d-8c29-b6015fb99cb6,81381ae2-61aa-4589-8320-be6c926944fa,,India
da5730c0-eeca-4868-a217-8fa8bda1ccd6,2025-11-30 14:15:08.534694 UTC,text,hi,2faecf05-3ee8-42e8-bd33-4687832108d7,075baa5a-7665-4da5-aa3e-9f4047761465,,India
135e2f37-5223-4412-b8d1-a10c4d4e7ce8,2025-11-30 13:39:32.661143 UTC,voice,hi,2592217f-2e62-4a05-9209-13df807af879,075baa5a-7665-4da5-aa3e-9f4047761465,,India
b6452379-f8d9-4776-a845-6cf1814367eb,2026-06-17 04:59:23.628694 UTC,text,hi,606234b3-8032-471b-8f07-536e4b671fd6,81381ae2-61aa-4589-8320-be6c926944fa,,India
8f457055-6708-48d6-9108-735621dcfa37,2026-06-17 05:06:43.268205 UTC,text,hi,606234b3-8032-471b-8f07-536e4b671fd6,81381ae2-61aa-4589-8320-be6c926944fa,,India
78ab5065-a3a8-49ef-bd22-9710bca4d666,2026-06-17 05:05:59.665812 UTC,text,hi,606234b3-8032-471b-8f07-536e4b671fd6,81381ae2-61aa-4589-8320-be6c926944fa,,India
4571d5ca-c2cd-4219-a25d-b9aeb73be86b,2026-06-17 04:57:53.019929 UTC,text,hi,35aac6ce-3a9b-4898-a647-0c7d8c2ed67c,81381ae2-61aa-4589-8320-be6c926944fa,,India
8abbff5d-2425-4a42-9d03-5612b8f9d588,2026-08-22 14:47:06.136511 UTC,text,en,4226441f-ed62-4eb0-9eee-f59fe62c89ed,6dbd0833-8f9a-4a7f-a779-8b46b1dcb6fd,,Nigeria
3f5b9b7d-99ad-49fb-8936-11f318d4fef2,2026-08-22 14:43:20.247642 UTC,text,en,4226441f-ed62-4eb0-9eee-f59fe62c89ed,6dbd0833-8f9a-4a7f-a779-8b46b1dcb6fd,,Nigeria
a8622658-2b40-4b95-8087-9df558e758bb,2026-08-22 14:49:10.432627 UTC,text,en,4226441f-ed62-4eb0-9eee-f59fe62c89ed,6dbd0833-8f9a-4a7f-a779-8b46b1dcb6fd,,Nigeria
dae7a8a6-0827-4daf-8baa-ff73fc76cb95,2026-08-22 14:48:24.852344 UTC,text,en,4226441f-ed62-4eb0-9eee-f59fe62c89ed,6dbd0833-8f9a-4a7f-a779-8b46b1dcb6fd,,Nigeria
a40bee1d-147d-442c-b103-9b17ebdac0fd,2026-08-22 14:54:59.369096 UTC,text,en,4226441f-ed62-4eb0-9eee-f59fe62c89ed,6dbd0833-8f9a-4a7f-a779-8b46b1dcb6fd,,Nigeria
78787221-1183-4f02-b1e8-879babd3c864,2026-08-22 14:40:03.114074 UTC,text,en,4226441f-ed62-4eb0-9eee-f59fe62c89ed,6dbd0833-8f9a-4a7f-a779-8b46b1dcb6fd,,Nigeria
f5131bb1-67de-4d4b-b7d5-3fde3b4075d7,2026-08-22 14:43:44.910147 UTC,text,en,4226441f-ed62-4eb0-9eee-f59fe62c89ed,6dbd0833-8f9a-4a7f-a779-8b46b1dcb6fd,,Nigeria
ddfacdcc-274e-4699-ac70-35ea65898a31,2026-08-22 14:51:45.898444 UTC,text,en,4226441f-ed62-4eb0-9eee-f59fe62c89ed,6dbd0833-8f9a-4a7f-a779-8b46b1dcb6fd,,Nigeria
eae62237-80a5-4f46-9908-d7c804e9dd5a,2025-07-30 09:15:59.504824 UTC,text,te,42192db6-3f8b-46a0-bf18-b241eb1a01a1,58dfe1aa-64c9-45e1-bf33-8de35f429ef6,,India
6cd9098d-3319-4a47-8092-ccad9c718c00,2024-12-21 07:57:46.893519 UTC,voice,,bc54bd4e-01e3-4feb-90d0-a660125714f7,f06a8bb1-0e14-4f1f-9e07-03ecdf3504b3,gender_all_female,India
02ac9dde-be97-4507-987a-838dbfa63bd2,2024-12-21 07:44:34.690993 UTC,voice,hi,c5398f4c-814f-4dc0-ba9b-482c3f024a75,f06a8bb1-0e14-4f1f-9e07-03ecdf3504b3,gender_all_female,India
fa0139d8-3cc6-48a5-b2fb-49258cbf753a,2024-12-21 07:57:20.03653 UTC,voice,,063a9cce-3e9b-490e-8a0d-53b2c1927dd7,f06a8bb1-0e14-4f1f-9e07-03ecdf3504b3,gender_all_female,India
d2ab42c6-fa71-46a1-9d5b-5d9117b42bc0,2024-12-21 07:56:45.873209 UTC,text,und,063a9cce-3e9b-490e-8a0d-53b2c1927dd7,f06a8bb1-0e14-4f1f-9e07-03ecdf3504b3,gender_all_female,India
f845e16d-2c23-4bac-a332-d9887bfa89fa,2024-12-21 07:57:37.478698 UTC,voice,,063a9cce-3e9b-490e-8a0d-53b2c1927dd7,f06a8bb1-0e14-4f1f-9e07-03ecdf3504b3,gender_all_female,India
9aaefafb-f536-4a0c-8d63-ee1e28bd9037,2026-03-09 15:37:34.890225 UTC,text,en,b1074833-56a1-4dca-8bbb-702b82baf8d8,58dfe1aa-64c9-45e1-bf33-8de35f429ef6,,India
24ee0a3a-a90c-4931-8010-710048bb8b78,2024-12-21 07:58:24.334685 UTC,voice,,73264b9b-a829-4874-881a-86a63293df28,f06a8bb1-0e14-4f1f-9e07-03ecdf3504b3,gender_all_female,India
2a19ec33-dbad-4a36-87c8-d1695eccdfc2,2026-02-15 10:09:42.560296 UTC,text,hi,d7ffc0b5-814e-4f07-8ceb-2b9394c11c09,1f4c5a03-cee9-49e3-bc06-17ff1772b614,,India
01969903-936e-45a0-ad2a-6f7304f0635f,2024-12-21 07:58:06.447993 UTC,voice,,73264b9b-a829-4874-881a-86a63293df28,f06a8bb1-0e14-4f1f-9e07-03ecdf3504b3,gender_all_female,India
21fe0b86-423a-40cd-a434-5600be10400d,2026-02-26 07:30:19.105529 UTC,text,en,e410f2fb-d90d-4953-a229-a5dc2d9c291c,efa37fbc-7dd5-4f78-9b8c-e50e330e7a27,,Kenya
dbda472e-fdd2-49ca-aed8-c11eca52b6e5,2025-08-11 02:01:46.476663 UTC,text,te,45ac3ab6-7561-45f0-ae60-023e6bac4a72,58dfe1aa-64c9-45e1-bf33-8de35f429ef6,,India
1d1d9d4a-ee9d-47c9-b7e7-17eb1e60234e,2025-07-30 09:16:36.962112 UTC,text,te,6744fb9d-26a0-4f93-8a3c-03e5aa76d35f,58dfe1aa-64c9-45e1-bf33-8de35f429ef6,,India
15fe3275-858c-4270-abea-469f24afce99,2026-01-19 11:25:42.47825 UTC,text,te,57cfb7b0-54cc-4876-a118-8989a561db06,58dfe1aa-64c9-45e1-bf33-8de35f429ef6,,India
346440d5-6f7f-4655-a52e-bf25f941db6b,2025-07-31 06:48:39.005869 UTC,text,te,4ced47f0-187b-4567-98a2-aaea79a94709,58dfe1aa-64c9-45e1-bf33-8de35f429ef6,,India
acceeb84-1ecb-4f95-99bd-857406e2d495,2025-12-08 11:09:44.726434 UTC,text,te,de44c53f-bdc3-4fb3-9fb5-52899cb0249e,58dfe1aa-64c9-45e1-bf33-8de35f429ef6,,India
0ec941f1-ac65-456e-a06e-4c75368fe126,2026-02-27 06:24:34.553714 UTC,text,en,816b7746-b02e-48d7-ad4d-2ff1fdce3eda,efa37fbc-7dd5-4f78-9b8c-e50e330e7a27,,Kenya
25caad8d-41be-414d-a7a0-30aebde8d43e,2026-02-22 08:00:54.763884 UTC,voice,te,72746fed-05bd-4f56-9464-c240da112ad3,5a3417f6-0e99-4f5e-9564-5277ee90a6a6,,India
58d1bd43-8fd7-469f-bb76-d5908cccc0c5,2026-02-21 16:09:12.050584 UTC,text,te,99fad9dd-435e-4893-9d5d-f82e39a5473d,5a3417f6-0e99-4f5e-9564-5277ee90a6a6,,India
bf8d8bc6-4616-4658-ae61-edc87cf6148d,2025-09-22 15:14:13.413702 UTC,text,en,742e1e9d-375d-4128-ae6c-440963975c6a,0a5ce768-de63-4553-8bb8-1b352ab54e18,,Nepal
0afcf547-3a79-48b6-8636-364ba1d5266d,2025-09-22 15:13:38.156322 UTC,text,en,742e1e9d-375d-4128-ae6c-440963975c6a,0a5ce768-de63-4553-8bb8-1b352ab54e18,,Nepal
661b8053-05a6-40e9-8548-8552e8304e9b,2026-02-21 16:08:34.93897 UTC,text,te,44b98a16-bd69-49a0-8de9-3e08fd8c248b,5a3417f6-0e99-4f5e-9564-5277ee90a6a6,,India
d1588d50-548b-42c1-aaca-598bdea3bf2a,2025-09-22 15:13:20.613899 UTC,text,hi,77ca2e84-6ac8-4d5e-9405-09b803e01d52,0a5ce768-de63-4553-8bb8-1b352ab54e18,,Nepal
ef3cef3c-9734-43c3-926b-859081adfcbd,2026-08-15 19:36:31.406952 UTC,text,,4fa58a81-b7da-43a1-9750-8a3d0a366145,3191f153-6b33-40bc-be4c-e8e1e47e3ba6,,Ethiopia
16a81986-68ee-4d29-ab56-09d725d007e6,2026-02-22 08:01:02.784421 UTC,text,te,4beb84fa-5e50-45f3-b80a-9b4f7ed43a0a,5a3417f6-0e99-4f5e-9564-5277ee90a6a6,,India
f402080b-c849-475a-9136-aef6b3cb283a,2026-03-06 13:38:56.416311 UTC,text,en,4739fe9f-64e5-4864-b27c-284c1301e9f6,ecce2482-e448-4690-9996-a2041076f163,gender_all_male,Nigeria
7deacdb4-275d-45d0-8cbf-802938da0f04,2025-09-25 09:25:12.610285 UTC,text,en,48d7b48b-5136-4df0-9b60-aa3ec0d36a5c,fde86ca8-f94c-4d42-9189-6554b74a5fcd,gender_all_female,India
00dffc49-aaf0-48b3-bc92-d749bdb706b7,2025-12-23 12:26:53.917782 UTC,text,,6ff03bcd-a6c6-44c3-838d-858ac41cdf71,d1ca359c-3242-4fe3-9dd1-3fb698b20267,,Ethiopia
e4c7cf36-4db4-46d3-abe0-325acdf050b5,2025-12-25 05:13:41.205138 UTC,text,am,6a40728f-2c7a-4f31-9d63-b275805048a8,d1ca359c-3242-4fe3-9dd1-3fb698b20267,,Ethiopia
b022d5e9-a1ae-4330-9a0e-89caa8973a64,2025-12-25 05:12:34.865943 UTC,text,am,6a40728f-2c7a-4f31-9d63-b275805048a8,d1ca359c-3242-4fe3-9dd1-3fb698b20267,,Ethiopia
38d1b55b-a0f7-4335-884a-04808ad3f35f,2025-10-02 07:36:20.022828 UTC,text,hi-Latn,f5737510-2263-45e4-93ff-b8779af4ab38,cf077bc2-8b45-4a37-962f-7dacf7a1867b,,India
e3529be0-19d4-4fe1-981d-dad19a22eba6,2025-10-02 07:35:26.539919 UTC,text,te-Latn,f5737510-2263-45e4-93ff-b8779af4ab38,cf077bc2-8b45-4a37-962f-7dacf7a1867b,,India
7c4ed65f-cbbb-4f76-9729-418e721032e8,2026-02-09 13:13:42.365965 UTC,image,,034c4f70-4dd7-43e4-af0c-ccffc0410a5e,f295f598-277b-4fc7-8a98-d06aec6507ce,,Ethiopia
5bc35728-b077-4b2d-8cc6-27e836bc56f2,2026-02-09 13:12:08.933743 UTC,voice,am,034c4f70-4dd7-43e4-af0c-ccffc0410a5e,f295f598-277b-4fc7-8a98-d06aec6507ce,,Ethiopia
af7caad0-2b8a-41fe-a5e1-101f4ba86cac,2025-01-19 02:40:47.955197 UTC,text,hi,81153c04-91a7-47d6-a3ce-55eb07e7c95a,a302dd8b-a115-4c2c-855b-2d49b788d81a,gender_all_male,India
e29fcd32-d2e2-4319-894b-f5759d8e474b,2025-01-19 02:41:55.546617 UTC,text,hi,81153c04-91a7-47d6-a3ce-55eb07e7c95a,a302dd8b-a115-4c2c-855b-2d49b788d81a,gender_all_male,India
3773caf3-4391-4bfb-b2ff-b578b8c124fa,2025-01-19 02:42:08.820307 UTC,text,hi,81153c04-91a7-47d6-a3ce-55eb07e7c95a,a302dd8b-a115-4c2c-855b-2d49b788d81a,gender_all_male,India
8b2c408d-ed44-4eba-b94e-0b2dcb691354,2025-01-19 02:41:08.047539 UTC,text,hi,81153c04-91a7-47d6-a3ce-55eb07e7c95a,a302dd8b-a115-4c2c-855b-2d49b788d81a,gender_all_male,India
ed515b5c-8e1b-4580-8704-906f4bf01ddf,2025-01-19 02:41:41.464285 UTC,text,hi,81153c04-91a7-47d6-a3ce-55eb07e7c95a,a302dd8b-a115-4c2c-855b-2d49b788d81a,gender_all_male,India
e0e2ba78-e452-4b6e-922a-ef44b98bfdb8,2025-01-19 02:41:23.023517 UTC,text,hi,81153c04-91a7-47d6-a3ce-55eb07e7c95a,a302dd8b-a115-4c2c-855b-2d49b788d81a,gender_all_male,India
7274b279-3cdb-4bfe-9194-c6a216f38545,2025-09-23 15:44:35.884607 UTC,text,,eda0cb49-0ee2-4255-a1c6-9debdc60d52d,9b8f8643-573c-473e-ae41-ba2b79e583bf,,Ethiopia
ac9eb879-412e-4414-aedd-13433a75a418,2025-10-05 06:05:06.54802 UTC,text,en,761ad9a1-3d36-4729-8e76-0fb54e8f4025,cf077bc2-8b45-4a37-962f-7dacf7a1867b,,India
7ee7be15-cab7-4c3c-a064-8f069ac55d0b,2025-09-25 09:27:25.357404 UTC,text,hi,207e1e08-dc81-4916-b5fa-74b56257a786,fde86ca8-f94c-4d42-9189-6554b74a5fcd,gender_all_female,India
6aa89066-d7ae-4b80-922f-95feadb4eb09,2025-09-25 09:26:40.410363 UTC,text,hi,2bca07f8-e817-49e2-9849-a84ca1db88ad,fde86ca8-f94c-4d42-9189-6554b74a5fcd,gender_all_female,India
738f1c36-14fd-4737-9338-6d646fb30890,2026-08-29 11:06:45.340376 UTC,text,hi,567d7290-6a6d-4205-b5e0-a8f00f8e4efd,fa90b48d-a008-4ae5-b7dc-abbc6c5de35b,gender_all_male,India
93b79c55-0138-45b6-9224-5926e6b5bfb3,2026-08-29 11:06:18.085194 UTC,text,hi,567d7290-6a6d-4205-b5e0-a8f00f8e4efd,fa90b48d-a008-4ae5-b7dc-abbc6c5de35b,gender_all_male,India
e4b370a1-1901-435b-9d35-50598b09e149,2025-10-20 18:27:35.619114 UTC,text,om,1732f5dc-7b26-4697-80f6-c5418d953deb,9b8f8643-573c-473e-ae41-ba2b79e583bf,,Ethiopia
3f09c994-ff6f-4029-b7de-d75f75c178cc,2025-12-23 12:29:04.105721 UTC,text,am,db3e6b7d-c9e9-4757-b1e3-8b0a5799cf22,d1ca359c-3242-4fe3-9dd1-3fb698b20267,,Ethiopia
8fbab4b8-8248-404f-9000-cfffa2d14361,2025-12-23 12:27:21.471902 UTC,text,am,db3e6b7d-c9e9-4757-b1e3-8b0a5799cf22,d1ca359c-3242-4fe3-9dd1-3fb698b20267,,Ethiopia
320c553a-34c5-4182-91e9-c7354ed633c5,2026-08-29 11:03:41.862158 UTC,text,so,be38c0a6-a9fb-49b2-8ca9-791c64bc1f31,fa90b48d-a008-4ae5-b7dc-abbc6c5de35b,gender_all_male,India
318c37c9-5ef7-4234-baf0-91dd3c48d91b,2026-08-29 09:41:37.519474 UTC,text,so,be38c0a6-a9fb-49b2-8ca9-791c64bc1f31,fa90b48d-a008-4ae5-b7dc-abbc6c5de35b,gender_all_male,India
005087d1-090a-4d2d-ba5d-b7d05cd5f9ab,2026-08-29 11:04:53.94772 UTC,image,,be38c0a6-a9fb-49b2-8ca9-791c64bc1f31,fa90b48d-a008-4ae5-b7dc-abbc6c5de35b,gender_all_male,India
305bb5ec-bf39-4fea-984f-bc3789f9b76a,2026-08-29 11:07:51.451518 UTC,text,hi,f4d19a22-0363-4ae8-bdcc-9e6f2c79e93a,fa90b48d-a008-4ae5-b7dc-abbc6c5de35b,gender_all_male,India
c9888527-97f1-487c-9c6e-4fbd6269fa12,2025-10-11 16:51:32.779873 UTC,text,om,fd895479-37ef-4f42-826c-57fcb19c78f3,9b8f8643-573c-473e-ae41-ba2b79e583bf,,Ethiopia
489ded5b-5102-4048-9d84-f30b962a4ea6,2025-10-11 16:58:43.481669 UTC,text,om,fd895479-37ef-4f42-826c-57fcb19c78f3,9b8f8643-573c-473e-ae41-ba2b79e583bf,,Ethiopia
b7c80fc4-8947-425c-921f-6c6d2a794d6e,2025-09-23 15:55:02.398442 UTC,text,om,de50e00b-2b39-4ec9-8aad-9b6eaa8069cb,9b8f8643-573c-473e-ae41-ba2b79e583bf,,Ethiopia
bd475b00-c7bf-47d4-a41e-6dccf7d7090a,2025-09-23 15:38:31.019941 UTC,text,om,ae8389c1-c7b9-4d2b-9e6a-80c3924bbcd7,9b8f8643-573c-473e-ae41-ba2b79e583bf,,Ethiopia
a3fd0284-e025-4d91-941d-8bd04a56bbec,2025-10-05 11:24:01.506761 UTC,text,,42b7b33b-841e-49b2-9a8c-7c9ef87fb1f3,9b8f8643-573c-473e-ae41-ba2b79e583bf,,Ethiopia
7763b822-ec89-4f74-82b6-524ad55a37c2,2025-10-03 06:50:24.675214 UTC,text,,d9f669cb-024c-42d6-95c0-7ab7e55d6480,9b8f8643-573c-473e-ae41-ba2b79e583bf,,Ethiopia
6a024c57-264f-44bf-9092-e777164ff724,2025-10-03 06:50:46.193724 UTC,text,om,d9f669cb-024c-42d6-95c0-7ab7e55d6480,9b8f8643-573c-473e-ae41-ba2b79e583bf,,Ethiopia
0ed5d823-36e3-45ed-8426-0ddbb41ea7db,2026-04-24 09:00:58.271456 UTC,text,am,59b3d337-ee8b-4f47-9b37-bc89edc5362f,23f50fe1-81bd-465b-86a8-a29e2b557a9c,gender_all_female,Ethiopia
ee56bb44-fbb1-4f01-bf43-7db111a4ab62,2025-10-05 01:53:47.416289 UTC,text,hi,e95050d6-de82-4969-808a-5f062b538d29,a61a2768-feb3-4c5a-b2fe-aa7f3fabf9dd,gender_all_female,India
58ed5098-4d89-44d4-9927-edc4c8a65a6c,2025-10-05 01:54:14.167884 UTC,text,hi,e95050d6-de82-4969-808a-5f062b538d29,a61a2768-feb3-4c5a-b2fe-aa7f3fabf9dd,gender_all_female,India
7118f4a8-dede-4f76-83d4-a7675b0c918d,2025-10-05 01:54:39.210428 UTC,text,hi,e95050d6-de82-4969-808a-5f062b538d29,a61a2768-feb3-4c5a-b2fe-aa7f3fabf9dd,gender_all_female,India
b4fbee25-f869-4ca5-9934-fb2a30dd2387,2025-10-05 01:53:25.265766 UTC,text,hi,e95050d6-de82-4969-808a-5f062b538d29,a61a2768-feb3-4c5a-b2fe-aa7f3fabf9dd,gender_all_female,India
b25d780d-d3e7-4d12-b401-43a43c146aa2,2025-10-05 01:53:02.45448 UTC,text,hi,e95050d6-de82-4969-808a-5f062b538d29,a61a2768-feb3-4c5a-b2fe-aa7f3fabf9dd,gender_all_female,India
c6585a41-6630-409b-9492-6be13e930720,2026-07-16 02:59:16.404755 UTC,voice,hi,7d5d98cc-4b64-4692-badc-fabd415f3c5c,bf84331b-1f16-47fa-8765-4037194d2ed7,,India
55691415-fb8d-4893-8f45-5d9ab874c314,2026-07-14 01:19:11.92005 UTC,voice,hi-Latn,95b562ad-1b0f-43db-919e-ff274dcd9c73,bf84331b-1f16-47fa-8765-4037194d2ed7,,India
12d4b602-b069-4020-a212-10da5ce86140,2026-07-14 01:28:45.681183 UTC,voice,hi,ad9c3191-675f-4613-9260-0c4493ca4690,bf84331b-1f16-47fa-8765-4037194d2ed7,,India
7a126f20-ee08-48c6-8e3c-dcfa778beeb2,2026-07-14 01:27:47.300077 UTC,image,,ad9c3191-675f-4613-9260-0c4493ca4690,bf84331b-1f16-47fa-8765-4037194d2ed7,,India
efa1ee86-f250-4c71-a685-3d7c55613bbf,2026-07-14 01:23:46.472264 UTC,text,hi,ad9c3191-675f-4613-9260-0c4493ca4690,bf84331b-1f16-47fa-8765-4037194d2ed7,,India
87b9bcae-f236-499c-94d1-aba4f49f5afe,2026-07-14 01:20:50.602308 UTC,image,,ad9c3191-675f-4613-9260-0c4493ca4690,bf84331b-1f16-47fa-8765-4037194d2ed7,,India
e3b7e8f8-3998-4e9c-841a-64630a0c042c,2026-07-14 01:25:07.339101 UTC,text,hi,ad9c3191-675f-4613-9260-0c4493ca4690,bf84331b-1f16-47fa-8765-4037194d2ed7,,India
d1d1733f-7a16-46dc-b43b-2d604ea52d4b,2026-07-14 01:21:39.23339 UTC,text,hi,ad9c3191-675f-4613-9260-0c4493ca4690,bf84331b-1f16-47fa-8765-4037194d2ed7,,India
2e8dd894-9701-422f-9632-a6be4c2d6e20,2026-04-24 09:13:08.305854 UTC,text,am,ec024683-16d2-45bc-b50c-3baeb4e5d4af,23f50fe1-81bd-465b-86a8-a29e2b557a9c,gender_all_female,Ethiopia
29ebac58-2c64-45c8-a9c1-fa04ac113805,2026-06-11 17:53:02.983142 UTC,text,sw,524aa11c-bafe-4094-9dbf-e161774db42f,fcd715fe-423b-4968-93f0-f10b6d9c2b35,gender_all_female,Kenya
1d0b1352-09b9-4477-825c-57f0896f6f25,2026-06-11 17:55:53.882464 UTC,text,en,524aa11c-bafe-4094-9dbf-e161774db42f,fcd715fe-423b-4968-93f0-f10b6d9c2b35,gender_all_female,Kenya
1395293a-9a5d-41f9-a0c2-53e386bc2257,2026-07-14 01:30:53.885809 UTC,text,hi,8d717a60-7b61-464a-935e-22326f18af62,bf84331b-1f16-47fa-8765-4037194d2ed7,,India
b0a1e1ea-d279-4575-8e32-10ac2adfa035,2026-07-14 01:30:48.032119 UTC,text,hi,8d717a60-7b61-464a-935e-22326f18af62,bf84331b-1f16-47fa-8765-4037194d2ed7,,India
0d216b76-4b2f-4be3-9cbf-31a4d8ef27d6,2026-07-14 06:59:42.218336 UTC,text,hi,b0d7e342-0620-4d8c-9dd6-21fa384ab94f,bf84331b-1f16-47fa-8765-4037194d2ed7,,India
b02d0815-e67f-4ddc-aa12-5290ca85d508,2026-07-28 04:25:11.403976 UTC,text,en,677edbcf-04fb-4930-ad18-0371c19afefd,7bfbf5f0-2a30-4ed4-b3ce-1f693516d373,gender_all_male,Kenya
cfbe064f-fe71-4395-91eb-c7d4f92a04d4,2026-07-05 01:21:14.515456 UTC,text,hi,d23fd06a-47ba-46fd-90a9-105979eeacc0,d4b3454c-36ab-42e0-9569-8939cfa5dd62,gender_all_male,India
3c810892-d267-4cc0-93d8-2ecf75cdd035,2026-07-05 01:19:10.224944 UTC,text,hi,d23fd06a-47ba-46fd-90a9-105979eeacc0,d4b3454c-36ab-42e0-9569-8939cfa5dd62,gender_all_male,India
4e0b62e9-2ea9-4555-8e36-ee93c1f74187,2025-04-07 08:57:56.768604 UTC,text,om,4e9854e9-13c4-41dc-bd4f-9eec55b1df44,0fcdefb4-23ff-4d4a-9f56-0331c73a81aa,gender_all_male,Ethiopia
221bf667-055b-429e-8b33-2829de8a6549,2025-10-24 06:13:44.213753 UTC,text,en,ee63eb74-c97f-4cfc-a4db-05e88e8c048a,7bfbf5f0-2a30-4ed4-b3ce-1f693516d373,gender_all_male,Kenya
cece9c59-e59c-4542-a4a6-fcc1549948b1,2025-10-24 06:13:28.001557 UTC,text,en,ee63eb74-c97f-4cfc-a4db-05e88e8c048a,7bfbf5f0-2a30-4ed4-b3ce-1f693516d373,gender_all_male,Kenya
62783655-a97f-4f59-a56c-541205a49969,2026-07-14 12:47:24.580877 UTC,text,hi,4abc9e82-b7ff-4235-b58c-9c0c799e57bc,d4b3454c-36ab-42e0-9569-8939cfa5dd62,gender_all_male,India
74008141-f8a3-4da0-9dc3-76f84aa16a51,2026-02-22 05:59:37.569897 UTC,text,en,e11a2329-d154-4ade-aeee-7f814e1d4b17,7bfbf5f0-2a30-4ed4-b3ce-1f693516d373,gender_all_male,Kenya
f90f7a10-31da-4967-a071-aee58cd7ecb7,2026-07-05 01:26:21.598448 UTC,text,hi,6bf5d1fa-5699-4724-8709-cd8e2a2a73f3,d4b3454c-36ab-42e0-9569-8939cfa5dd62,gender_all_male,India
0d2b5eff-0888-4919-9136-cd15530ac7fa,2026-07-05 01:25:22.563488 UTC,text,hi,6bf5d1fa-5699-4724-8709-cd8e2a2a73f3,d4b3454c-36ab-42e0-9569-8939cfa5dd62,gender_all_male,India
3be8671c-7eca-4934-b41a-435b842b9807,2025-04-07 08:58:31.736726 UTC,text,om,f707481c-6f10-4266-bdd8-b9f80bcf6334,0fcdefb4-23ff-4d4a-9f56-0331c73a81aa,gender_all_male,Ethiopia
6e277436-8195-47a6-b7fd-d2e82d2bc9ed,2025-10-24 06:14:17.831297 UTC,text,en,ed2c25b9-34a9-4d1e-881d-29b516e84a68,7bfbf5f0-2a30-4ed4-b3ce-1f693516d373,gender_all_male,Kenya
c32394cd-bfb7-452e-8cfe-290747b59649,2025-09-19 04:00:48.994532 UTC,text,en,f5c91501-0f06-4c85-beb6-5b58de75b93e,39b10e8f-e9eb-45ff-ad21-7aaab6cbe3fd,,India
0fc71b68-ef7c-4015-a00b-11c77584d206,2026-05-29 08:02:41.304387 UTC,text,en,59b5b16e-ea39-40c0-b61d-2a978eb19c6d,7bfbf5f0-2a30-4ed4-b3ce-1f693516d373,gender_all_male,Kenya
75002b0f-16cd-4b59-af68-992d2bebc9cd,2026-05-29 07:59:36.156772 UTC,text,en,59b5b16e-ea39-40c0-b61d-2a978eb19c6d,7bfbf5f0-2a30-4ed4-b3ce-1f693516d373,gender_all_male,Kenya
89cd849d-2116-49c5-b20e-0fe364436856,2026-05-29 07:56:01.667919 UTC,text,en,59b5b16e-ea39-40c0-b61d-2a978eb19c6d,7bfbf5f0-2a30-4ed4-b3ce-1f693516d373,gender_all_male,Kenya
e3609e0a-effb-42c8-80bb-c24182b892fe,2026-07-28 04:32:24.462278 UTC,text,en,2140610a-746b-471c-b33d-95b1649f1f60,7bfbf5f0-2a30-4ed4-b3ce-1f693516d373,gender_all_male,Kenya
ffddc0cb-d31f-4cd8-a9fd-567cfff47013,2026-07-28 04:29:40.891964 UTC,text,en,2140610a-746b-471c-b33d-95b1649f1f60,7bfbf5f0-2a30-4ed4-b3ce-1f693516d373,gender_all_male,Kenya
4d5f9833-ebb4-454f-bf3f-cf7d0ec0c2be,2026-07-28 04:39:15.54236 UTC,text,en,2140610a-746b-471c-b33d-95b1649f1f60,7bfbf5f0-2a30-4ed4-b3ce-1f693516d373,gender_all_male,Kenya
bb9cb47e-68d9-4725-a6e5-16d40d85568c,2026-07-24 14:44:36.965841 UTC,text,hi,ddcc239a-55cd-4d16-ba5d-010f077a596d,d4b3454c-36ab-42e0-9569-8939cfa5dd62,gender_all_male,India
95a8332c-17ac-435a-b93d-e74822914da5,2026-07-24 14:46:03.306329 UTC,text,hi,ddcc239a-55cd-4d16-ba5d-010f077a596d,d4b3454c-36ab-42e0-9569-8939cfa5dd62,gender_all_male,India
6ee972b9-b023-479f-bcaf-21812a6a48dc,2025-04-07 08:59:28.091652 UTC,text,om,40fb1d4a-1ebc-4235-ad26-5fca279c0963,0fcdefb4-23ff-4d4a-9f56-0331c73a81aa,gender_all_male,Ethiopia
40e65ade-bbc6-4d24-9836-3875b648c9fd,2026-07-24 14:48:15.75492 UTC,text,hi,ddcc239a-55cd-4d16-ba5d-010f077a596d,d4b3454c-36ab-42e0-9569-8939cfa5dd62,gender_all_male,India
f77d1912-2e62-47b9-8cf1-b59e6831f4f8,2025-04-07 08:59:07.664338 UTC,text,om,b27e1d3e-f680-415d-8ae8-2ebb112f9f69,0fcdefb4-23ff-4d4a-9f56-0331c73a81aa,gender_all_male,Ethiopia
8418adb4-3a8b-449e-a797-29f2bda93ceb,2025-09-20 04:06:14.304362 UTC,text,en,4fc4275c-384c-47ba-989e-331cf229b6b0,7bfbf5f0-2a30-4ed4-b3ce-1f693516d373,gender_all_male,Kenya
5f090a5a-6973-4f3e-bba1-f3e3282f8250,2025-09-20 04:07:55.725053 UTC,text,en,4fc4275c-384c-47ba-989e-331cf229b6b0,7bfbf5f0-2a30-4ed4-b3ce-1f693516d373,gender_all_male,Kenya
d5344829-8cab-483a-a62a-37f4203238d9,2025-04-07 08:56:30.231462 UTC,text,om,0b1b5430-2926-4b40-b73d-655b482dcb2f,0fcdefb4-23ff-4d4a-9f56-0331c73a81aa,gender_all_male,Ethiopia
35584f97-1f71-46ef-83d5-affc737b14c8,2025-04-07 08:56:50.465653 UTC,text,om,0b1b5430-2926-4b40-b73d-655b482dcb2f,0fcdefb4-23ff-4d4a-9f56-0331c73a81aa,gender_all_male,Ethiopia
ce8ce9d0-d8b2-4a4c-96c2-553b4c453e0f,2026-05-29 07:51:22.534815 UTC,text,en,0b72145a-a6a0-4441-99ae-a475adc5d53e,7bfbf5f0-2a30-4ed4-b3ce-1f693516d373,gender_all_male,Kenya
44840789-fa69-4e9e-b9c8-2f180d8d969d,2026-07-12 20:59:07.139861 UTC,image,,c759e170-81c4-4613-b0db-d710773dc0e0,7bfbf5f0-2a30-4ed4-b3ce-1f693516d373,gender_all_male,Kenya
4f784272-2d5b-4dca-bec3-c4ba113a3cad,2026-07-12 20:49:41.761256 UTC,text,en,c759e170-81c4-4613-b0db-d710773dc0e0,7bfbf5f0-2a30-4ed4-b3ce-1f693516d373,gender_all_male,Kenya
03a07715-41fd-466c-804d-193dd05ea8a8,2026-07-12 20:46:27.024116 UTC,text,en,c759e170-81c4-4613-b0db-d710773dc0e0,7bfbf5f0-2a30-4ed4-b3ce-1f693516d373,gender_all_male,Kenya
eb53d4f6-9ee7-4cbb-b4be-7d14e3c3006b,2026-07-12 20:55:34.517643 UTC,text,en,c759e170-81c4-4613-b0db-d710773dc0e0,7bfbf5f0-2a30-4ed4-b3ce-1f693516d373,gender_all_male,Kenya
1e3d87f3-1eab-4ddb-b0e1-b8f2d0d9811b,2026-07-12 20:43:31.806193 UTC,text,en,c759e170-81c4-4613-b0db-d710773dc0e0,7bfbf5f0-2a30-4ed4-b3ce-1f693516d373,gender_all_male,Kenya
4d6741ab-3b07-40dd-9028-c8077430e41d,2026-07-12 20:52:59.326302 UTC,text,en,c759e170-81c4-4613-b0db-d710773dc0e0,7bfbf5f0-2a30-4ed4-b3ce-1f693516d373,gender_all_male,Kenya
aa6d7a4d-243e-40d8-b656-2a2aeabae4ad,2026-07-12 20:41:34.386318 UTC,text,en,c759e170-81c4-4613-b0db-d710773dc0e0,7bfbf5f0-2a30-4ed4-b3ce-1f693516d373,gender_all_male,Kenya
a0331a76-f199-4b44-853a-b7d2475ba1d1,2026-03-23 13:33:55.644104 UTC,text,en,4b031963-b69d-4970-8403-ba779b2fa74b,7bfbf5f0-2a30-4ed4-b3ce-1f693516d373,gender_all_male,Kenya
5795ad0b-b74f-466a-9791-e79cca464700,2026-03-23 13:41:11.01729 UTC,text,en,4b031963-b69d-4970-8403-ba779b2fa74b,7bfbf5f0-2a30-4ed4-b3ce-1f693516d373,gender_all_male,Kenya
dc9f1b9f-f4d2-42fa-a2f5-8a5eb3ca56ca,2026-04-16 14:38:52.119443 UTC,text,en,a19df5ba-7b54-4b51-8737-296c16e1452c,ec52b228-c7fd-46b2-a886-44601d3ee31e,,Nigeria
4f07efe9-5512-4a97-8930-3888e6cc0812,2026-04-16 14:37:42.700394 UTC,text,en,a19df5ba-7b54-4b51-8737-296c16e1452c,ec52b228-c7fd-46b2-a886-44601d3ee31e,,Nigeria
88f33bab-9b08-4d0e-8f57-a07227540c92,2026-04-16 14:38:03.194488 UTC,text,en,a19df5ba-7b54-4b51-8737-296c16e1452c,ec52b228-c7fd-46b2-a886-44601d3ee31e,,Nigeria
f8e737c4-862b-44f0-9c8b-59ce23176bf9,2026-03-23 13:37:49.164101 UTC,text,en,4b031963-b69d-4970-8403-ba779b2fa74b,7bfbf5f0-2a30-4ed4-b3ce-1f693516d373,gender_all_male,Kenya
35b85d30-7709-43ff-b7f1-18516dbf22de,2025-04-07 08:59:40.923258 UTC,text,om,dce1d5a3-0caa-45a4-a014-d7c55772565c,0fcdefb4-23ff-4d4a-9f56-0331c73a81aa,gender_all_male,Ethiopia
e28bee34-81a2-4088-812a-1e1b52913b9a,2025-04-07 08:56:09.944544 UTC,text,om,9607849d-4125-4b9b-aa89-5b466c1bef76,0fcdefb4-23ff-4d4a-9f56-0331c73a81aa,gender_all_male,Ethiopia
0d32f0ed-c344-4bf4-ae3c-ae653a041097,2025-04-07 08:58:13.513327 UTC,text,om,af20ef6d-36c9-4657-9585-5c80ea08c169,0fcdefb4-23ff-4d4a-9f56-0331c73a81aa,gender_all_male,Ethiopia
c2438882-5df7-4148-b67e-8dd1c993214a,2025-04-07 08:57:34.486131 UTC,text,om,24701e61-307e-4fa4-b365-3a4381c106fa,0fcdefb4-23ff-4d4a-9f56-0331c73a81aa,gender_all_male,Ethiopia
bee029c7-1a66-424a-a6f7-318f8c665caa,2025-04-07 08:57:16.419668 UTC,text,om,7e645597-a8cc-4a04-885f-a046b606c79e,0fcdefb4-23ff-4d4a-9f56-0331c73a81aa,gender_all_male,Ethiopia
6f1d90bc-cd9d-4690-9896-667655137679,2026-07-28 04:45:01.722819 UTC,text,en,0222b2ee-f3bc-4ce4-8a15-b357c078d540,7bfbf5f0-2a30-4ed4-b3ce-1f693516d373,gender_all_male,Kenya
e2b49502-8906-46e6-8ae4-fdf99fe099d5,2025-09-23 19:37:10.057447 UTC,text,en,f25ad7cb-fb4e-4e9e-8a00-92a83f52d361,7bfbf5f0-2a30-4ed4-b3ce-1f693516d373,gender_all_male,Kenya
c305e230-ba8b-4fe3-93cb-aecf7441c105,2025-10-24 06:14:47.64331 UTC,text,en,484c3171-7891-42de-bfba-5154eb42180e,7bfbf5f0-2a30-4ed4-b3ce-1f693516d373,gender_all_male,Kenya
1322bb8c-b83f-439c-a901-5b3f19decf0c,2026-07-07 12:12:19.918654 UTC,text,hi,9233dde0-6a8c-42db-b126-8e3a0b6d3005,d4b3454c-36ab-42e0-9569-8939cfa5dd62,gender_all_male,India
81bbf844-3cff-42a9-9449-adfbe69a8264,2025-10-28 17:42:26.42852 UTC,text,en,0d72dcb6-3516-4f2a-aa40-99e47e16cbbb,7bfbf5f0-2a30-4ed4-b3ce-1f693516d373,gender_all_male,Kenya
12dfddb1-a847-4106-ac9f-315c00070be5,2025-10-28 17:41:34.42067 UTC,text,en,0d72dcb6-3516-4f2a-aa40-99e47e16cbbb,7bfbf5f0-2a30-4ed4-b3ce-1f693516d373,gender_all_male,Kenya
2a032f9f-4f5f-4e14-97d5-3af99b11c46a,2025-09-27 20:03:46.906082 UTC,text,en,b1e79cbd-a9c6-4c01-9dba-acf01afaafe5,7bfbf5f0-2a30-4ed4-b3ce-1f693516d373,gender_all_male,Kenya
c9f86e7f-b519-4ed6-8a89-90ff02ec7cf0,2025-09-27 20:09:56.592017 UTC,text,en,b1e79cbd-a9c6-4c01-9dba-acf01afaafe5,7bfbf5f0-2a30-4ed4-b3ce-1f693516d373,gender_all_male,Kenya
5b5fa8b5-2ba5-4926-8064-629e164edbec,2025-09-27 20:06:37.413207 UTC,text,en,b1e79cbd-a9c6-4c01-9dba-acf01afaafe5,7bfbf5f0-2a30-4ed4-b3ce-1f693516d373,gender_all_male,Kenya
d763e6d0-7738-43b6-a4e0-33c5568c5d10,2025-09-27 20:11:49.467638 UTC,text,en,b1e79cbd-a9c6-4c01-9dba-acf01afaafe5,7bfbf5f0-2a30-4ed4-b3ce-1f693516d373,gender_all_male,Kenya
51bf91a2-79c6-40b8-a666-929a240d61cd,2026-08-23 05:49:20.78723 UTC,text,am,f2e517dd-bf82-459c-a854-ea5bcf319460,85af39e4-6716-4f28-b21d-6ae0664c6ac9,gender_all_female,Ethiopia
15336f86-73e5-48c9-9423-c088ccc16ff6,2026-08-23 05:48:34.339771 UTC,text,,f2e517dd-bf82-459c-a854-ea5bcf319460,85af39e4-6716-4f28-b21d-6ae0664c6ac9,gender_all_female,Ethiopia
60128152-731d-489b-90c4-3cf81a4e8faf,2026-04-25 04:18:33.747205 UTC,text,hi-Latn,cf72daab-6551-42ec-80cb-431cb5eb99ef,ab46c031-a450-49e6-bc0c-5b993ddf4f15,,India
7179cf87-9a2d-4ab7-979c-0ee614e765e9,2026-04-25 04:17:55.888502 UTC,text,hi-Latn,cf72daab-6551-42ec-80cb-431cb5eb99ef,ab46c031-a450-49e6-bc0c-5b993ddf4f15,,India
72bba767-31f3-4363-8414-97f7c655e283,2026-08-31 16:40:53.410834 UTC,voice,am,60b2d711-30c7-4b12-af69-919bd680b50b,809acae6-1515-4472-83b0-7fa3c17af440,,Ethiopia
0ecb0680-9e9f-4024-a43b-bb8e2d1d93c1,2026-08-31 16:36:49.690945 UTC,image,,60b2d711-30c7-4b12-af69-919bd680b50b,809acae6-1515-4472-83b0-7fa3c17af440,,Ethiopia
0ad9b72d-6a23-4ada-a259-8a1fbde44503,2026-08-31 16:35:32.607637 UTC,voice,am,60b2d711-30c7-4b12-af69-919bd680b50b,809acae6-1515-4472-83b0-7fa3c17af440,,Ethiopia
05693b08-9bb4-45a4-b75a-348a0395a2ad,2026-08-31 16:37:09.999361 UTC,text,zu,60b2d711-30c7-4b12-af69-919bd680b50b,809acae6-1515-4472-83b0-7fa3c17af440,,Ethiopia
5d969413-e3d0-467d-a389-97b43a09154f,2026-08-31 16:41:47.594707 UTC,text,am,60b2d711-30c7-4b12-af69-919bd680b50b,809acae6-1515-4472-83b0-7fa3c17af440,,Ethiopia
5c576ea6-51a1-4552-a4b8-b83f4bc166f4,2026-08-31 16:34:19.190499 UTC,text,am,60b2d711-30c7-4b12-af69-919bd680b50b,809acae6-1515-4472-83b0-7fa3c17af440,,Ethiopia
5668bf25-e9ea-452e-afb0-4d4cc42d5e70,2026-05-12 06:10:42.506094 UTC,text,hi-Latn,d67eec93-45f0-4799-a8f9-702838339b79,ab46c031-a450-49e6-bc0c-5b993ddf4f15,,India
ac6c522d-a20f-4bc0-b7f4-e97a7b60a5bc,2026-08-20 10:18:19.156821 UTC,text,en,7d0b67ec-822e-4ee3-87fd-a8a0ca851c34,e97be9e7-7c0d-4919-b904-74f3a9c4014c,,Ethiopia
2d359163-9ad0-4caa-95e4-d700cfc266cf,2026-08-20 10:19:37.853878 UTC,text,om,7d0b67ec-822e-4ee3-87fd-a8a0ca851c34,e97be9e7-7c0d-4919-b904-74f3a9c4014c,,Ethiopia
0d8f66ae-975f-4e92-a11b-69bd09fcd4b3,2026-05-12 06:09:41.10569 UTC,text,hi,16b11c5a-c0b3-4b98-903f-392bc5a1ff8c,ab46c031-a450-49e6-bc0c-5b993ddf4f15,,India
f0a5e058-34cb-4955-a1b4-ca559ebbd9ec,2026-05-11 17:07:22.786335 UTC,text,hi-Latn,e0d88b68-48e0-4971-a17a-e8eb7cf15c38,ab46c031-a450-49e6-bc0c-5b993ddf4f15,,India
d7eebe11-c2fa-4510-93c0-32708ee77a13,2025-11-01 08:26:29.66857 UTC,text,hi,30b3bea1-d88c-4251-aa40-6d7d09155be4,5db8b90c-3523-42d9-a776-11f24cb8f4b6,gender_all_female,India
69971705-1fe3-4f07-8944-fe9fa7529ba6,2025-11-01 08:27:02.449706 UTC,text,hi,30b3bea1-d88c-4251-aa40-6d7d09155be4,5db8b90c-3523-42d9-a776-11f24cb8f4b6,gender_all_female,India
27dc83ea-2130-41ef-8b82-28adacd763bd,2025-11-01 08:26:02.983352 UTC,text,hi,30b3bea1-d88c-4251-aa40-6d7d09155be4,5db8b90c-3523-42d9-a776-11f24cb8f4b6,gender_all_female,India
ae1175ae-cefb-4ff6-89f4-f2b1ae1aca60,2025-01-27 07:57:32.438551 UTC,voice,hi,3ea9f9ce-31f4-48d7-9fde-7445b2a69d0a,496f4bc1-304c-48dd-81c7-042d936b049e,,India
ec9edf00-4e99-4d15-8d9e-97ab856af2c8,2025-01-27 07:57:46.466287 UTC,text,hi,3ea9f9ce-31f4-48d7-9fde-7445b2a69d0a,496f4bc1-304c-48dd-81c7-042d936b049e,,India
9d3e8cd4-21a2-4784-8dcf-4448bca8bf3e,2025-01-27 07:58:36.993793 UTC,text,hi,3ea9f9ce-31f4-48d7-9fde-7445b2a69d0a,496f4bc1-304c-48dd-81c7-042d936b049e,,India
dea41e1b-4af3-4212-a3db-77ef4d883209,2025-01-27 07:58:01.485754 UTC,voice,hi,3ea9f9ce-31f4-48d7-9fde-7445b2a69d0a,496f4bc1-304c-48dd-81c7-042d936b049e,,India
ad50484a-4d35-47d9-ae4d-a73508f80d7a,2025-01-27 07:58:57.868228 UTC,voice,hi,3ea9f9ce-31f4-48d7-9fde-7445b2a69d0a,496f4bc1-304c-48dd-81c7-042d936b049e,,India
50a866c4-86cc-4b54-9c1d-6f6d99acf7b6,2025-01-27 07:57:05.041761 UTC,voice,hi,3ea9f9ce-31f4-48d7-9fde-7445b2a69d0a,496f4bc1-304c-48dd-81c7-042d936b049e,,India
facb4094-4e12-45ff-bc6a-5d363c733710,2026-08-23 05:47:07.815723 UTC,text,am,43ee11a8-cb60-4381-a046-10023e00f175,85af39e4-6716-4f28-b21d-6ae0664c6ac9,gender_all_female,Ethiopia
b12dc399-f1e1-4d1e-b389-0224e571c367,2026-08-23 05:47:37.927903 UTC,text,am,43ee11a8-cb60-4381-a046-10023e00f175,85af39e4-6716-4f28-b21d-6ae0664c6ac9,gender_all_female,Ethiopia
07b5fbeb-c93e-479b-a7fa-ea020add86f7,2026-07-16 08:08:06.949319 UTC,text,om,622b6cef-74cc-480d-9295-af047fbb2059,05958a74-33e5-48a2-8ffc-c40a4c9ea80e,,Ethiopia
79f51c47-4913-4d55-a569-058fdef6d199,2025-01-19 02:51:47.297888 UTC,voice,hi,31102580-6c80-4bf5-a5f3-32c071dfd556,687367b8-7c18-4ac0-a707-87cd3a3d0f00,gender_all_male,India
92f59f71-9a87-4998-ab47-9ff7ace5adaf,2025-01-19 02:52:43.39149 UTC,voice,hi,31102580-6c80-4bf5-a5f3-32c071dfd556,687367b8-7c18-4ac0-a707-87cd3a3d0f00,gender_all_male,India
6015cc63-e355-4f28-ae3d-2dd1b881619c,2025-01-19 02:52:12.416237 UTC,voice,hi,31102580-6c80-4bf5-a5f3-32c071dfd556,687367b8-7c18-4ac0-a707-87cd3a3d0f00,gender_all_male,India
50f20e2b-f633-4808-91ab-3904a327f542,2025-01-19 02:51:19.017975 UTC,voice,hi,31102580-6c80-4bf5-a5f3-32c071dfd556,687367b8-7c18-4ac0-a707-87cd3a3d0f00,gender_all_male,India
73a0976d-ea82-403f-ae3a-6489a921dd33,2026-07-16 08:05:05.796842 UTC,text,,02e5bd4b-4f11-4224-9134-a250bc020fee,05958a74-33e5-48a2-8ffc-c40a4c9ea80e,,Ethiopia
38965977-d292-4a7f-a569-2dddc0e48ade,2025-01-15 15:23:27.55009 UTC,text,hi,dee310be-d923-41aa-b616-eecbf1031610,87176caa-5e5c-499f-b144-fe0af2c174db,gender_all_male,India
74d5d437-6022-46a6-8b83-cb27bc2f4b10,2025-01-15 15:26:38.921481 UTC,text,hi,dee310be-d923-41aa-b616-eecbf1031610,87176caa-5e5c-499f-b144-fe0af2c174db,gender_all_male,India
f637dbd4-320a-4457-ae16-4924168fa1c3,2025-01-15 15:25:42.383705 UTC,text,hi,dee310be-d923-41aa-b616-eecbf1031610,87176caa-5e5c-499f-b144-fe0af2c174db,gender_all_male,India
ec49d967-7ea2-4e0a-89c9-9190a3203abb,2025-01-15 15:25:23.460537 UTC,text,hi,dee310be-d923-41aa-b616-eecbf1031610,87176caa-5e5c-499f-b144-fe0af2c174db,gender_all_male,India
e229575c-dc25-4ce8-8d0f-e3860a6f8969,2025-01-15 15:23:42.700794 UTC,text,hi,dee310be-d923-41aa-b616-eecbf1031610,87176caa-5e5c-499f-b144-fe0af2c174db,gender_all_male,India
d553cb7a-2507-45e6-b3e4-92dbbf977bf0,2025-01-15 15:23:56.970669 UTC,text,hi,dee310be-d923-41aa-b616-eecbf1031610,87176caa-5e5c-499f-b144-fe0af2c174db,gender_all_male,India
a3fa8377-03ad-461e-8905-a13dc93da4fd,2025-01-15 15:24:24.684448 UTC,text,hi,dee310be-d923-41aa-b616-eecbf1031610,87176caa-5e5c-499f-b144-fe0af2c174db,gender_all_male,India
567a548a-59ea-4de6-a499-fde8a99fff14,2025-01-15 15:26:05.169296 UTC,text,hi,dee310be-d923-41aa-b616-eecbf1031610,87176caa-5e5c-499f-b144-fe0af2c174db,gender_all_male,India
63a0483d-921f-4f13-b039-47682676b024,2025-01-15 15:24:46.189906 UTC,text,hi,dee310be-d923-41aa-b616-eecbf1031610,87176caa-5e5c-499f-b144-fe0af2c174db,gender_all_male,India
c4d9524b-1c0f-4423-804b-a44d25a42795,2025-01-15 15:25:03.80346 UTC,text,hi,dee310be-d923-41aa-b616-eecbf1031610,87176caa-5e5c-499f-b144-fe0af2c174db,gender_all_male,India
2bb7dbbe-7b8e-4c67-8588-a44c7809a8a9,2026-07-16 08:05:27.492371 UTC,text,,f796031c-790e-4de6-ad5d-e25d3ad01a07,05958a74-33e5-48a2-8ffc-c40a4c9ea80e,,Ethiopia
d5330c1e-7237-4286-bae7-2a20c3f26643,2026-01-05 17:15:31.780166 UTC,voice,am,430aabbf-5004-41be-9239-2170872e762b,d2e2d92f-45a3-421e-88d8-e5b09914597b,,Ethiopia
011321ed-ea80-4ddf-91ee-b545da39970d,2026-01-05 17:17:27.6442 UTC,text,am,430aabbf-5004-41be-9239-2170872e762b,d2e2d92f-45a3-421e-88d8-e5b09914597b,,Ethiopia
b6151dd2-4776-48e3-9da1-4c67138203ec,2026-07-16 08:06:02.649805 UTC,text,,65d9259f-b1cc-44ec-897f-a2688b82a805,05958a74-33e5-48a2-8ffc-c40a4c9ea80e,,Ethiopia
9f734baa-96e7-4259-9a99-81e2e7add33a,2025-01-19 02:47:10.615284 UTC,voice,hi,3f350adc-b175-4770-8c7c-358a0130a98d,687367b8-7c18-4ac0-a707-87cd3a3d0f00,gender_all_male,India
f3193276-01f1-4b05-90bb-ba1aa570bb6f,2025-01-19 02:45:41.900535 UTC,text,hi-Latn,3f350adc-b175-4770-8c7c-358a0130a98d,687367b8-7c18-4ac0-a707-87cd3a3d0f00,gender_all_male,India
734cea92-2699-4e8a-bf58-0bcb54af8a3d,2025-01-19 02:46:49.560068 UTC,voice,hi,3f350adc-b175-4770-8c7c-358a0130a98d,687367b8-7c18-4ac0-a707-87cd3a3d0f00,gender_all_male,India
b9f370bc-99fc-44c5-8b76-5ad4495c9899,2025-01-19 02:46:24.356773 UTC,voice,hi,3f350adc-b175-4770-8c7c-358a0130a98d,687367b8-7c18-4ac0-a707-87cd3a3d0f00,gender_all_male,India
ad55c2d2-0a14-4423-b0d5-65fa04cceb12,2025-01-19 02:47:32.656972 UTC,voice,hi,3f350adc-b175-4770-8c7c-358a0130a98d,687367b8-7c18-4ac0-a707-87cd3a3d0f00,gender_all_male,India
541d90dc-3759-410a-84d5-c0fbf49234a3,2025-01-19 02:50:04.383141 UTC,text,hi-Latn,3f350adc-b175-4770-8c7c-358a0130a98d,687367b8-7c18-4ac0-a707-87cd3a3d0f00,gender_all_male,India
5386b8a9-d998-4bd3-b280-0ebce72d76d3,2026-07-16 07:56:35.261219 UTC,text,om,6980d602-f832-4f9e-bf6d-ba876c3540a7,05958a74-33e5-48a2-8ffc-c40a4c9ea80e,,Ethiopia
5a2d3301-1afd-4c4e-bb33-a550ad97e6aa,2026-06-06 13:26:51.557643 UTC,image,,46ee42d0-6fad-40b2-818d-9d5555c30b24,d9d5bfd0-0c22-4b6a-bc89-626029d731d7,,India
f379372c-274f-4034-afc8-b92147294864,2026-05-17 20:11:56.256331 UTC,text,te,00a12319-4ceb-442d-9c3b-133f81d1a9fd,eb62b831-fb00-4da5-881a-1c4f9ea6461d,,India
496bba48-00f9-4393-8447-fb85d20221a6,2026-06-19 11:27:21.174846 UTC,text,en,3077b7ae-f0be-4884-b86a-5d9ccacb8a54,10572f3e-bafa-49d5-88f5-1a9ca1977d49,,Nigeria
8ad2a4e7-4716-4e06-977a-30da405a35c4,2025-09-30 09:16:59.209931 UTC,text,en,3569049f-7b82-4433-ab2f-af9fa8ac6d55,8de8225c-574c-4145-b038-1a55a551443c,gender_all_female,Kenya
0261d30b-bba6-4a20-9207-b45d0754d098,2025-09-30 09:43:11.099129 UTC,text,en,67c7087e-1f96-4333-a895-e642bb0f7398,8de8225c-574c-4145-b038-1a55a551443c,gender_all_female,Kenya
2bde014d-973f-4aaf-ae7a-b0049574f195,2025-09-30 09:25:19.267777 UTC,text,en,26508a48-1c43-48e0-8fe7-3cb143bf1637,8de8225c-574c-4145-b038-1a55a551443c,gender_all_female,Kenya
9f90eefe-0404-46b1-9c14-765f0b6a652d,2025-09-30 09:47:34.962709 UTC,text,en,6c048e1b-ff96-4266-b907-057ceb2ca78e,8de8225c-574c-4145-b038-1a55a551443c,gender_all_female,Kenya
8f05faaf-67c7-42b5-8683-99f62f03aff4,2025-09-30 09:48:23.714716 UTC,text,en,6c048e1b-ff96-4266-b907-057ceb2ca78e,8de8225c-574c-4145-b038-1a55a551443c,gender_all_female,Kenya
0dd25d9b-9648-4f60-980c-a057af643f04,2025-09-30 09:48:46.678785 UTC,text,en,6c048e1b-ff96-4266-b907-057ceb2ca78e,8de8225c-574c-4145-b038-1a55a551443c,gender_all_female,Kenya
b1bfc434-53f7-4697-bf0e-04c145ff7d09,2025-09-30 09:15:44.353116 UTC,text,en,b94ea62c-54c0-4ac8-b01a-f10d04d78fe1,8de8225c-574c-4145-b038-1a55a551443c,gender_all_female,Kenya
ee889b56-6c83-4e94-8d65-d111cfbddeaf,2025-01-14 04:18:12.231652 UTC,text,hi,cc17e6fb-4e53-4fc1-a205-38827ba6c6cc,6d229b88-3b7a-43fb-b3f5-74e925084f0d,gender_all_male,India
585c3366-2060-407a-b97a-1cb1860a4db1,2025-01-14 04:17:29.873457 UTC,text,hi,cc17e6fb-4e53-4fc1-a205-38827ba6c6cc,6d229b88-3b7a-43fb-b3f5-74e925084f0d,gender_all_male,India
9bea316c-fb3c-4d81-bdee-91affb7e0a09,2025-01-14 04:18:30.206341 UTC,text,hi,cc17e6fb-4e53-4fc1-a205-38827ba6c6cc,6d229b88-3b7a-43fb-b3f5-74e925084f0d,gender_all_male,India
e5e42dbd-fd52-43b7-826b-9fc909fc007a,2025-01-14 04:17:13.142235 UTC,voice,hi,cc17e6fb-4e53-4fc1-a205-38827ba6c6cc,6d229b88-3b7a-43fb-b3f5-74e925084f0d,gender_all_male,India
edd2a3d9-725d-4fcb-84f5-d1f06acfb067,2025-01-14 04:19:29.591903 UTC,text,hi,cc17e6fb-4e53-4fc1-a205-38827ba6c6cc,6d229b88-3b7a-43fb-b3f5-74e925084f0d,gender_all_male,India
f1fdad5a-0d06-4f3a-8860-fc60c0c2c70b,2025-01-14 04:18:44.81085 UTC,text,hi,cc17e6fb-4e53-4fc1-a205-38827ba6c6cc,6d229b88-3b7a-43fb-b3f5-74e925084f0d,gender_all_male,India
4551c3d1-244c-4dfd-951f-6d47525dd3eb,2025-01-14 04:18:58.296287 UTC,text,hi,cc17e6fb-4e53-4fc1-a205-38827ba6c6cc,6d229b88-3b7a-43fb-b3f5-74e925084f0d,gender_all_male,India
9aee6577-1ce2-43a4-beba-9cd240cc0d88,2025-01-14 04:19:46.59853 UTC,text,hi,cc17e6fb-4e53-4fc1-a205-38827ba6c6cc,6d229b88-3b7a-43fb-b3f5-74e925084f0d,gender_all_male,India
0c88ed44-e99b-45a1-b261-ef837ff87fe6,2025-01-14 04:17:43.459859 UTC,text,hi,cc17e6fb-4e53-4fc1-a205-38827ba6c6cc,6d229b88-3b7a-43fb-b3f5-74e925084f0d,gender_all_male,India
62e95bac-d068-457e-a533-d2c79425eecd,2025-01-14 04:19:15.837022 UTC,text,hi,cc17e6fb-4e53-4fc1-a205-38827ba6c6cc,6d229b88-3b7a-43fb-b3f5-74e925084f0d,gender_all_male,India
f29c4d2e-1fe5-476e-a1d1-7c5360a309ff,2025-01-14 04:17:59.046038 UTC,text,hi,cc17e6fb-4e53-4fc1-a205-38827ba6c6cc,6d229b88-3b7a-43fb-b3f5-74e925084f0d,gender_all_male,India
c7a8f82f-e95b-4add-a7a5-0faa8854ee9a,2025-09-30 09:42:42.405338 UTC,text,en,eda22f57-833c-4633-a140-6935ea23ec4d,8de8225c-574c-4145-b038-1a55a551443c,gender_all_female,Kenya
65e0b755-7c17-42b1-ba5b-bf351d3a9c00,2025-09-30 09:18:28.064667 UTC,text,en,80f36f6e-fedf-42d0-85d0-011a019fb81e,8de8225c-574c-4145-b038-1a55a551443c,gender_all_female,Kenya
400d98ef-e937-403c-8cd6-17b767512657,2025-09-30 09:12:13.890144 UTC,text,en,9715b09e-dc1c-4597-b553-4c7958a3f5af,8de8225c-574c-4145-b038-1a55a551443c,gender_all_female,Kenya
0d6f85f0-50a1-476d-9f4a-4b7d73060ab5,2025-09-30 09:26:59.863774 UTC,text,en,19387e70-4c3e-4298-b8f0-40d1dab6e891,8de8225c-574c-4145-b038-1a55a551443c,gender_all_female,Kenya
cc2c24a6-158d-4ca7-861a-e81b751f3984,2025-09-30 09:26:29.66465 UTC,text,en,19387e70-4c3e-4298-b8f0-40d1dab6e891,8de8225c-574c-4145-b038-1a55a551443c,gender_all_female,Kenya
237816b1-3267-4ec2-91bb-68a4228ecfc2,2025-09-30 09:13:28.784989 UTC,text,en,170cb67b-343d-45be-8e96-b5c0623b126c,8de8225c-574c-4145-b038-1a55a551443c,gender_all_female,Kenya
e68ae7da-741a-4290-92f8-21d6cd73f78b,2025-02-02 09:30:45.662297 UTC,text,hi,94b75e14-a75f-4f17-89e0-20aa527a46a7,6d229b88-3b7a-43fb-b3f5-74e925084f0d,gender_all_male,India
bab1bb67-5d16-43be-8f5d-cb1f415f90a5,2025-02-02 09:32:17.323189 UTC,text,hi,94b75e14-a75f-4f17-89e0-20aa527a46a7,6d229b88-3b7a-43fb-b3f5-74e925084f0d,gender_all_male,India
a62426b6-39f7-49f5-a262-e22b20644bc8,2025-02-02 09:31:55.289108 UTC,text,hi,94b75e14-a75f-4f17-89e0-20aa527a46a7,6d229b88-3b7a-43fb-b3f5-74e925084f0d,gender_all_male,India
190f75c6-da31-4f5b-ba00-60a2e003fc0e,2025-02-02 09:34:19.458091 UTC,text,hi,94b75e14-a75f-4f17-89e0-20aa527a46a7,6d229b88-3b7a-43fb-b3f5-74e925084f0d,gender_all_male,India
c43a5612-b298-4bbe-94bf-4cc2f07fc636,2025-02-02 09:31:35.511588 UTC,text,hi,94b75e14-a75f-4f17-89e0-20aa527a46a7,6d229b88-3b7a-43fb-b3f5-74e925084f0d,gender_all_male,India
4077fecf-6ec6-483c-9f14-fcea52754101,2025-02-02 09:32:49.80744 UTC,text,hi,94b75e14-a75f-4f17-89e0-20aa527a46a7,6d229b88-3b7a-43fb-b3f5-74e925084f0d,gender_all_male,India
ce861afe-fc2e-4b12-bb42-077e909bf5ba,2025-02-02 09:30:19.178512 UTC,voice,hi,94b75e14-a75f-4f17-89e0-20aa527a46a7,6d229b88-3b7a-43fb-b3f5-74e925084f0d,gender_all_male,India
88515a6f-0673-4118-bb5a-64e75439dfc5,2025-02-02 09:33:32.570165 UTC,text,hi,94b75e14-a75f-4f17-89e0-20aa527a46a7,6d229b88-3b7a-43fb-b3f5-74e925084f0d,gender_all_male,India
4ca52395-3890-451f-989b-ed57d5721a75,2025-02-02 09:33:58.222829 UTC,text,hi,94b75e14-a75f-4f17-89e0-20aa527a46a7,6d229b88-3b7a-43fb-b3f5-74e925084f0d,gender_all_male,India
ef46ed2e-f6cf-4912-a654-ebd3301dd6d7,2025-02-02 09:33:12.598054 UTC,text,hi,94b75e14-a75f-4f17-89e0-20aa527a46a7,6d229b88-3b7a-43fb-b3f5-74e925084f0d,gender_all_male,India
cdb35617-e3c0-4343-82aa-ae0d16c05249,2025-02-02 09:31:12.825735 UTC,voice,hi,94b75e14-a75f-4f17-89e0-20aa527a46a7,6d229b88-3b7a-43fb-b3f5-74e925084f0d,gender_all_male,India
c0908704-3169-42bc-b558-92231d2b86dd,2025-09-30 09:12:50.709973 UTC,text,en,e64ffa92-9434-4c4b-ae4c-143940fd304b,8de8225c-574c-4145-b038-1a55a551443c,gender_all_female,Kenya
f34f5bdb-c438-4721-9814-eaaae5134132,2025-09-30 09:17:48.13585 UTC,text,en,526b57e3-7beb-4817-8865-4112ebb49b2c,8de8225c-574c-4145-b038-1a55a551443c,gender_all_female,Kenya
12f607ce-d4cb-4cf6-96b6-bf2d092396d8,2025-06-12 08:03:03.69337 UTC,text,hi,a21984db-6ac8-4f0e-91a5-af55341da06d,8a325f24-9ede-4c54-9ee0-0bc25c817521,,India
da4fc40b-19c4-4ee2-af9d-4991861af909,2025-09-30 09:15:04.89035 UTC,text,en,ef11b2c0-cc4d-499e-a270-532cbc0f6267,8de8225c-574c-4145-b038-1a55a551443c,gender_all_female,Kenya
600fc20b-5bb8-459b-b467-b1c28d5226ef,2025-09-30 09:50:57.2961 UTC,text,en,ffe11667-b049-4194-bb11-0e6a7bf215b6,8de8225c-574c-4145-b038-1a55a551443c,gender_all_female,Kenya
52197666-fc6f-4c7a-840b-91a1f81e1745,2025-09-30 09:44:02.285263 UTC,text,en,722abd4c-7b51-4668-bb12-e06c2a376f9e,8de8225c-574c-4145-b038-1a55a551443c,gender_all_female,Kenya
0865fa2f-8949-4a16-a9be-84f3c14aad11,2025-09-30 09:42:04.864085 UTC,text,en,58a3289d-b07a-4afc-9854-07d6f1bd4f68,8de8225c-574c-4145-b038-1a55a551443c,gender_all_female,Kenya
87edea24-6719-4e33-be01-0ee2ca40b48a,2025-02-06 06:04:15.949482 UTC,text,hi,be57d144-8984-4265-aac3-c5c2ede6036c,8a325f24-9ede-4c54-9ee0-0bc25c817521,,India
461218fe-6fc7-4c44-a540-9447e1e7bf47,2025-02-06 06:04:37.63868 UTC,text,hi,be57d144-8984-4265-aac3-c5c2ede6036c,8a325f24-9ede-4c54-9ee0-0bc25c817521,,India
e847fea1-fd4e-4cbb-a38f-e8f72ce6ac84,2025-02-06 06:03:25.553957 UTC,text,hi,be57d144-8984-4265-aac3-c5c2ede6036c,8a325f24-9ede-4c54-9ee0-0bc25c817521,,India
1acae012-39e7-4c31-99fe-a64773dd5fe1,2025-02-06 06:02:38.6336 UTC,text,hi,be57d144-8984-4265-aac3-c5c2ede6036c,8a325f24-9ede-4c54-9ee0-0bc25c817521,,India
047a3b6d-4623-48dd-a9ec-c25f7acb9fa2,2025-02-06 06:03:52.030444 UTC,text,hi,be57d144-8984-4265-aac3-c5c2ede6036c,8a325f24-9ede-4c54-9ee0-0bc25c817521,,India
020fe08f-963e-427f-b1db-d120897273d8,2025-02-06 06:02:58.895472 UTC,text,hi,be57d144-8984-4265-aac3-c5c2ede6036c,8a325f24-9ede-4c54-9ee0-0bc25c817521,,India
b8948c38-4b9f-432d-a6f1-32475d966e4f,2026-06-10 06:29:48.220639 UTC,text,en,0a1ed329-2215-437d-956f-9d3a77627fa3,21fc76a0-621f-4e24-b341-d90a25dfa2ed,gender_all_female,Kenya
8c86d172-b807-469f-aae0-14109acdb478,2026-06-10 06:27:36.306477 UTC,text,en,0a1ed329-2215-437d-956f-9d3a77627fa3,21fc76a0-621f-4e24-b341-d90a25dfa2ed,gender_all_female,Kenya
f026bcb3-3cb6-4b50-b633-3595cb832790,2026-06-10 06:26:37.296064 UTC,text,en,0a1ed329-2215-437d-956f-9d3a77627fa3,21fc76a0-621f-4e24-b341-d90a25dfa2ed,gender_all_female,Kenya
88d27577-ab5b-4e1a-9cb4-667c5c6ace9c,2026-05-31 06:57:22.452935 UTC,text,hi,5d72c2b5-9b51-4440-815e-cf65a589e129,89ba1189-ac90-42c0-a0f7-5f84c5756bab,gender_all_female,India
329eaaa0-266e-4c6d-81af-7d6c53c31e24,2026-01-06 10:38:37.667078 UTC,image,,0a6903c5-f0de-4ffc-8e03-7ff11c99d95b,11f5a8ea-7664-4c27-8e7e-ccccceba9bf5,gender_all_male,Ethiopia
5890e583-8f1a-4624-a8d2-0ed7aed1eabc,2026-01-06 10:37:09.183593 UTC,image,,0a6903c5-f0de-4ffc-8e03-7ff11c99d95b,11f5a8ea-7664-4c27-8e7e-ccccceba9bf5,gender_all_male,Ethiopia
1bf12485-c016-42e0-ab2b-120426a882c0,2026-01-06 10:35:07.316272 UTC,image,,0a6903c5-f0de-4ffc-8e03-7ff11c99d95b,11f5a8ea-7664-4c27-8e7e-ccccceba9bf5,gender_all_male,Ethiopia
0a01f687-4b57-407d-8880-b88161a7ec46,2026-01-06 10:33:14.58342 UTC,image,,0a6903c5-f0de-4ffc-8e03-7ff11c99d95b,11f5a8ea-7664-4c27-8e7e-ccccceba9bf5,gender_all_male,Ethiopia
b4c1a422-437d-4885-a11f-d584d6b3c594,2026-08-29 17:02:41.735323 UTC,text,am,8a7a0086-eedf-43a5-8d44-48f65d189e0e,11f5a8ea-7664-4c27-8e7e-ccccceba9bf5,gender_all_male,Ethiopia
5fe8ef6a-75e1-4cca-aad7-b140f594f563,2026-08-29 17:02:04.333579 UTC,text,am,8a7a0086-eedf-43a5-8d44-48f65d189e0e,11f5a8ea-7664-4c27-8e7e-ccccceba9bf5,gender_all_male,Ethiopia
5a7f983c-50c0-44b1-8e24-4979fdb21c9f,2025-12-12 03:54:48.642238 UTC,image,,1af7f3d0-b9e9-490b-b2a1-35f1b33d1333,3e3d9a55-e872-4d27-bd31-296b7d055c61,gender_all_female,India
c20b07e0-4f3c-4779-94bc-4ee97c7c109d,2026-08-29 17:03:12.738758 UTC,text,,b44f3342-e4ab-4f33-be93-633ffc0477ea,11f5a8ea-7664-4c27-8e7e-ccccceba9bf5,gender_all_male,Ethiopia
678944a9-6c61-41fa-be7f-be6ef3fde5fc,2025-12-23 12:19:32.412347 UTC,image,,916c16f7-3388-496f-aa2b-aff49c367657,11f5a8ea-7664-4c27-8e7e-ccccceba9bf5,gender_all_male,Ethiopia
d3c87dcd-e21d-4e18-bd3e-71e9ae4d6e23,2026-01-08 13:21:33.597945 UTC,text,am,c7597a4e-7675-47b9-9a54-54e199f74b87,11f5a8ea-7664-4c27-8e7e-ccccceba9bf5,gender_all_male,Ethiopia
3bd25d91-39ab-4946-8a4a-597272cb10b8,2025-12-11 04:41:08.407595 UTC,image,,e6eaa402-38fb-4232-83d7-98bb03eebde3,3e3d9a55-e872-4d27-bd31-296b7d055c61,gender_all_female,India
7269700e-af22-4114-991c-422b0f8abec3,2025-12-10 15:07:55.462179 UTC,text,hi-Latn,8a090464-dd3b-4081-9d51-ba6297a58c61,3e3d9a55-e872-4d27-bd31-296b7d055c61,gender_all_female,India
7644586b-a45a-4c05-ab0f-79177acd57dc,2025-12-23 12:27:26.266924 UTC,text,am,965d9134-0cf9-48c5-9434-6d784acd5edd,11f5a8ea-7664-4c27-8e7e-ccccceba9bf5,gender_all_male,Ethiopia
607657a7-c1d2-4c43-a2e3-f1376c87f784,2026-07-16 16:35:55.903961 UTC,text,am,3e6a266c-584d-4178-9c15-e6d92ad9b331,11f5a8ea-7664-4c27-8e7e-ccccceba9bf5,gender_all_male,Ethiopia
16c636bd-57c0-4998-a985-88160221d556,2026-01-06 10:30:09.044542 UTC,image,,b4bf50e6-91d5-4c04-8349-e381d0755d95,11f5a8ea-7664-4c27-8e7e-ccccceba9bf5,gender_all_male,Ethiopia
d6327dc9-6802-4d4d-9721-1eabe876181a,2025-12-23 12:15:39.319465 UTC,text,am,fefb2bec-0733-4c5c-b49a-65f4b3dcf75b,11f5a8ea-7664-4c27-8e7e-ccccceba9bf5,gender_all_male,Ethiopia
c6dd5b04-f58b-40f3-8f13-c83a69d6495d,2025-12-24 16:32:54.08092 UTC,text,am,109c4f7a-c6fa-4829-a7ea-d35e64f4031c,11f5a8ea-7664-4c27-8e7e-ccccceba9bf5,gender_all_male,Ethiopia
ce821c22-e4f5-4d30-978b-c6548d8669aa,2025-12-29 15:02:57.997622 UTC,text,am,2ebd1852-3f59-4179-8c1e-053207d0077f,11f5a8ea-7664-4c27-8e7e-ccccceba9bf5,gender_all_male,Ethiopia
e38ae393-77dc-4a0d-aa80-a3714f0917a4,2026-05-31 07:28:09.768918 UTC,text,und,af13e2a0-d27f-4e33-8204-8b975783a8db,89ba1189-ac90-42c0-a0f7-5f84c5756bab,gender_all_female,India
dcdbc581-b5af-462f-aee7-90332d30a3a4,2025-12-23 16:43:51.787093 UTC,text,,6d46db91-4260-4c39-be6a-78704b1f81ef,11f5a8ea-7664-4c27-8e7e-ccccceba9bf5,gender_all_male,Ethiopia
d1be87b9-201a-4bea-b3b5-730c9479f0ac,2026-05-31 07:00:30.677095 UTC,text,hi,b74b227e-acde-4555-becd-e9746f7f47b6,89ba1189-ac90-42c0-a0f7-5f84c5756bab,gender_all_female,India
087ec51c-7bc8-4870-8740-79900829dbfe,2025-12-23 13:51:46.839459 UTC,text,,986bc41a-9538-4b33-b887-be687f55e46e,11f5a8ea-7664-4c27-8e7e-ccccceba9bf5,gender_all_male,Ethiopia
9f6487ad-4564-4e90-a8fa-160c16bacab6,2026-07-21 02:30:32.452411 UTC,voice,hi,2adb56d8-a58a-4705-a2f2-adfdeb763e4d,81a68fc6-a6af-4bd4-a6a3-1ebf5b44bd6c,,India
5a71a999-564f-41d0-ba89-1f967a67451e,2026-07-21 02:30:16.156968 UTC,text,hi,2adb56d8-a58a-4705-a2f2-adfdeb763e4d,81a68fc6-a6af-4bd4-a6a3-1ebf5b44bd6c,,India
80870da5-2bff-4513-a909-5fc0798805d1,2026-07-21 02:30:18.288365 UTC,text,hi,2adb56d8-a58a-4705-a2f2-adfdeb763e4d,81a68fc6-a6af-4bd4-a6a3-1ebf5b44bd6c,,India
03e670ea-b059-44a4-b260-b8f39b01370d,2025-12-12 03:55:44.857549 UTC,image,,88ec1b01-c7da-4f2f-a945-03d0dc72168d,3e3d9a55-e872-4d27-bd31-296b7d055c61,gender_all_female,India
584cf54a-f077-45a0-95c0-2aa9a39b90a1,2025-01-22 12:24:43.489157 UTC,text,en,e3843dd9-e05b-4f53-8ac9-3dd28577b2c1,71cd5362-ea1a-4ab0-b023-f45702d147f6,gender_all_female,India
e6fc37d4-6609-4ba9-a2ac-4e71f7596225,2025-01-31 18:00:22.972109 UTC,text,te,a79e5c81-31da-427e-bc6c-40ca235d275a,71cd5362-ea1a-4ab0-b023-f45702d147f6,gender_all_female,India
e4d0f986-61d4-4827-8bdb-ecf51bc1f56e,2025-01-31 17:59:20.396588 UTC,text,te,a79e5c81-31da-427e-bc6c-40ca235d275a,71cd5362-ea1a-4ab0-b023-f45702d147f6,gender_all_female,India
20e09ce1-707f-41d4-87cd-bfb37fcea683,2025-02-01 02:48:46.77354 UTC,text,te,a79e5c81-31da-427e-bc6c-40ca235d275a,71cd5362-ea1a-4ab0-b023-f45702d147f6,gender_all_female,India
92a5f255-9f3e-49d5-b33d-e70b09de8e53,2025-01-31 18:22:07.810726 UTC,text,te,a79e5c81-31da-427e-bc6c-40ca235d275a,71cd5362-ea1a-4ab0-b023-f45702d147f6,gender_all_female,India
da3dcb95-b6e1-4c4b-a01c-d7ad6d3239c0,2026-08-14 12:44:30.705831 UTC,voice,hi,d2352a8e-4e24-4290-889a-bc2fc18fa60d,21e4e0ba-6c32-4b25-88a8-4bffdf244d8d,,India
d70cd2ca-a496-4898-823e-6581aafe6010,2026-08-14 12:41:04.366905 UTC,voice,hi,d83381ca-4e32-4417-b87b-78e83bd43d0d,21e4e0ba-6c32-4b25-88a8-4bffdf244d8d,,India
f3a012fb-360a-4427-b5e2-c8cc0de34d1e,2026-08-14 12:45:46.378768 UTC,text,hi,4257f867-8b36-450a-a12b-60448eb9564b,21e4e0ba-6c32-4b25-88a8-4bffdf244d8d,,India
280217b8-9d3c-43d5-8743-1a98fef2faa6,2025-02-08 14:29:35.874298 UTC,text,or,94107996-1f17-4c57-a705-a44686960cb2,3c46efb2-5280-4659-b58b-cca360c55bb2,gender_all_female,India
4f938c7c-f0ef-4092-8af8-b62219472ce8,2026-08-14 12:43:29.103142 UTC,image,,77922949-92d4-4f85-ace9-b3163a6e2182,21e4e0ba-6c32-4b25-88a8-4bffdf244d8d,,India
89861c3f-538b-4b1e-8de7-0bf0a9443334,2025-01-22 12:21:41.724982 UTC,text,te,ba6812ec-50a4-4c68-8925-d35aa50064c1,71cd5362-ea1a-4ab0-b023-f45702d147f6,gender_all_female,India
72a3612d-885f-439d-9acf-07217e6ec510,2026-07-04 13:28:49.883193 UTC,text,en,2698b078-ed6a-46b8-9e94-87c4b5c44df8,3d2614ed-2095-4919-a5d7-4c0c6a2a30c2,,Kenya
8309b4b5-6c7a-424a-ba92-19e3f7fbe040,2026-07-04 13:29:29.140464 UTC,voice,en,2698b078-ed6a-46b8-9e94-87c4b5c44df8,3d2614ed-2095-4919-a5d7-4c0c6a2a30c2,,Kenya
41679108-beec-4f1f-9e35-33a5bc715618,2026-07-20 00:16:45.634952 UTC,text,no,33cc0e5b-1f06-46ae-8cfd-4ebe98636ac2,19678e94-aa54-4f6c-a05b-f2ec1f6f7c89,,Ethiopia
8f94070b-cdd5-4529-9767-11dba246967d,2026-07-20 00:16:27.507519 UTC,text,am,33cc0e5b-1f06-46ae-8cfd-4ebe98636ac2,19678e94-aa54-4f6c-a05b-f2ec1f6f7c89,,Ethiopia
d155c5e2-bea7-45c7-bc9a-df3b7916c6b6,2026-07-20 00:14:31.362883 UTC,text,am,15336897-1bd0-486d-b5e6-f7c992f76b2d,19678e94-aa54-4f6c-a05b-f2ec1f6f7c89,,Ethiopia
34cae751-1593-4eb5-8737-048a548458c0,2026-07-20 00:13:32.345137 UTC,text,am,c052a9b2-24a5-46f4-bca3-a0ee77e78184,19678e94-aa54-4f6c-a05b-f2ec1f6f7c89,,Ethiopia
225e3c71-59b7-4a8d-b2f5-fad1be0ca9b5,2026-07-20 00:13:14.473084 UTC,text,am,c052a9b2-24a5-46f4-bca3-a0ee77e78184,19678e94-aa54-4f6c-a05b-f2ec1f6f7c89,,Ethiopia
6b0956d0-9a28-492d-9cac-b732bdc62dbc,2026-07-30 05:11:46.703928 UTC,text,om,2232311b-d253-444d-97fb-c1e719c20f50,8c11b443-e45a-441b-a67c-f3d0e26e9e49,,Ethiopia
14cee2bf-f56a-453f-8708-546801c9a159,2026-07-20 00:15:48.73975 UTC,text,und,10017724-03bc-4260-8039-9922eef120c3,19678e94-aa54-4f6c-a05b-f2ec1f6f7c89,,Ethiopia
41a995d2-b0a4-476e-8877-bb1536ffc608,2026-07-20 00:16:14.982049 UTC,text,am,10017724-03bc-4260-8039-9922eef120c3,19678e94-aa54-4f6c-a05b-f2ec1f6f7c89,,Ethiopia
814837a1-9e02-4163-bb24-91c0fdee37ef,2024-12-27 04:50:35.934348 UTC,image,,fca0d8e8-eca5-449d-941f-cf350c35da95,5f6490c1-e925-409f-bb79-4efabd37984b,gender_all_male,India
5bce6827-590b-4ff8-ab28-2e261a985855,2026-07-20 00:17:16.376825 UTC,text,am,8730fedd-f748-4248-a476-5825300dbfb1,19678e94-aa54-4f6c-a05b-f2ec1f6f7c89,,Ethiopia
483f0fd7-b389-43ab-8a65-a60e102a55ed,2026-08-18 05:14:27.209503 UTC,image,,27e7ab62-82c6-4ba5-afeb-f6839e2d3c41,8c11b443-e45a-441b-a67c-f3d0e26e9e49,,Ethiopia
37dd081d-8c6c-46d9-8ae1-be5eb61b8b70,2026-08-18 05:13:18.26019 UTC,image,,27e7ab62-82c6-4ba5-afeb-f6839e2d3c41,8c11b443-e45a-441b-a67c-f3d0e26e9e49,,Ethiopia
2386d35f-6a98-469f-ac76-78e295453047,2025-01-12 04:12:58.998609 UTC,text,hi,101d46b6-683b-4970-b8cd-9050ff8d09d1,15b615de-21cf-4701-888f-3fef58fcaf75,gender_all_male,India
2feb38b9-b692-418f-8a7b-323229fd7d49,2025-01-12 04:12:41.760116 UTC,voice,hi,101d46b6-683b-4970-b8cd-9050ff8d09d1,15b615de-21cf-4701-888f-3fef58fcaf75,gender_all_male,India
c592914a-c142-43ba-a63c-f51566034362,2025-01-12 04:13:14.280898 UTC,text,hi,101d46b6-683b-4970-b8cd-9050ff8d09d1,15b615de-21cf-4701-888f-3fef58fcaf75,gender_all_male,India
73d5ba22-0719-42d1-a97a-f742b174ff71,2025-01-12 12:27:39.727157 UTC,text,hi,1bda28a1-5979-4fa4-8465-dda7db13483c,15b615de-21cf-4701-888f-3fef58fcaf75,gender_all_male,India
6c85f077-568e-4dbf-9ceb-94849cf06696,2025-01-12 12:27:24.308082 UTC,text,hi,1bda28a1-5979-4fa4-8465-dda7db13483c,15b615de-21cf-4701-888f-3fef58fcaf75,gender_all_male,India
7e55b789-c761-4632-9237-36abc47afb30,2025-01-12 12:28:15.76645 UTC,text,hi,1bda28a1-5979-4fa4-8465-dda7db13483c,15b615de-21cf-4701-888f-3fef58fcaf75,gender_all_male,India
209967c0-9906-4d5a-ac3a-4f0c143cd1ea,2025-01-12 12:27:54.626284 UTC,text,hi,1bda28a1-5979-4fa4-8465-dda7db13483c,15b615de-21cf-4701-888f-3fef58fcaf75,gender_all_male,India
dd1dd4c5-bae6-4ffe-ab32-7b8bc66a1dda,2025-01-12 12:27:00.697594 UTC,voice,hi,1bda28a1-5979-4fa4-8465-dda7db13483c,15b615de-21cf-4701-888f-3fef58fcaf75,gender_all_male,India
0972e7c1-0611-4d25-8253-c530c1d90122,2025-01-12 12:28:34.265545 UTC,text,hi,1bda28a1-5979-4fa4-8465-dda7db13483c,15b615de-21cf-4701-888f-3fef58fcaf75,gender_all_male,India
a8bcea99-81f2-48eb-8bc1-aa1c354cb51d,2025-01-12 12:28:04.860405 UTC,text,hi,1bda28a1-5979-4fa4-8465-dda7db13483c,15b615de-21cf-4701-888f-3fef58fcaf75,gender_all_male,India
f294cc30-132c-4f79-b04a-389e52b9caef,2025-01-12 12:28:50.365297 UTC,text,hi,1bda28a1-5979-4fa4-8465-dda7db13483c,15b615de-21cf-4701-888f-3fef58fcaf75,gender_all_male,India
1b07f68b-ead3-487b-9ad4-6e65a4c76b6a,2026-07-20 00:20:33.846216 UTC,text,om,95e38888-f19a-4ca3-9a7e-3beddcd0a383,19678e94-aa54-4f6c-a05b-f2ec1f6f7c89,,Ethiopia
a47ca44d-5060-4c27-8d3f-cb17e19a855b,2026-08-18 05:10:54.032471 UTC,image,,599a2f75-d85d-4589-81d6-6fada51bc065,8c11b443-e45a-441b-a67c-f3d0e26e9e49,,Ethiopia
f552df86-56f0-4b32-8a70-00134e4bbafe,2026-08-18 05:11:11.371084 UTC,image,,599a2f75-d85d-4589-81d6-6fada51bc065,8c11b443-e45a-441b-a67c-f3d0e26e9e49,,Ethiopia
bbce0d0f-6b3d-4b25-8401-4408033c7dcc,2024-12-27 04:46:10.885858 UTC,voice,hi,b4a2516a-4766-42e5-b16d-b63074a4217b,5f6490c1-e925-409f-bb79-4efabd37984b,gender_all_male,India
d49ca6a0-1815-4b14-abd8-f827bcd92c75,2024-12-27 04:47:35.070377 UTC,voice,hi,b4a2516a-4766-42e5-b16d-b63074a4217b,5f6490c1-e925-409f-bb79-4efabd37984b,gender_all_male,India
81836634-40e9-435e-932b-ef38d2c44688,2024-12-27 04:46:56.747251 UTC,voice,hi,b4a2516a-4766-42e5-b16d-b63074a4217b,5f6490c1-e925-409f-bb79-4efabd37984b,gender_all_male,India
d01b9736-ed56-4d18-bb5f-90a67f1161f5,2024-12-27 04:47:15.241156 UTC,voice,hi,b4a2516a-4766-42e5-b16d-b63074a4217b,5f6490c1-e925-409f-bb79-4efabd37984b,gender_all_male,India
8950ca0e-6149-4e8c-8b35-de015dfd6138,2024-12-27 04:46:37.631911 UTC,voice,hi,b4a2516a-4766-42e5-b16d-b63074a4217b,5f6490c1-e925-409f-bb79-4efabd37984b,gender_all_male,India
8c488a59-51c0-42de-bac2-72397f71e022,2026-07-30 05:19:42.099324 UTC,text,om,a8a1e54e-30f8-4372-aea1-384132feef77,8c11b443-e45a-441b-a67c-f3d0e26e9e49,,Ethiopia
4a78eb9a-d714-425c-baa7-eb248ae165c0,2026-07-30 05:14:51.302046 UTC,text,om,a8a1e54e-30f8-4372-aea1-384132feef77,8c11b443-e45a-441b-a67c-f3d0e26e9e49,,Ethiopia
480848ce-8d27-487f-8a7f-16a4ca66b119,2026-07-30 05:12:38.653934 UTC,text,,a8a1e54e-30f8-4372-aea1-384132feef77,8c11b443-e45a-441b-a67c-f3d0e26e9e49,,Ethiopia
665050cc-cb7c-4af1-b5ed-84adf848e12a,2026-07-30 05:13:40.189197 UTC,text,om,a8a1e54e-30f8-4372-aea1-384132feef77,8c11b443-e45a-441b-a67c-f3d0e26e9e49,,Ethiopia
786cb26f-ff79-4382-8902-b5754d7ff868,2025-07-12 02:30:14.516144 UTC,text,or,58ee1b70-f0bc-49aa-b2c8-820c687ce6ec,0c7d80e9-c20b-4213-b8c5-5aae66cb9c1f,,India
7130aab5-65f7-42ec-86f8-e22250a402d0,2025-10-28 12:45:35.193093 UTC,text,or,64da5beb-e6e0-4265-b95a-4f489b296999,0c7d80e9-c20b-4213-b8c5-5aae66cb9c1f,,India
edf08e3b-8b31-4a72-9750-d1a6285adbbd,2025-08-06 08:11:38.766189 UTC,text,or,db6294d5-574c-441f-99dc-872d752a577a,0c7d80e9-c20b-4213-b8c5-5aae66cb9c1f,,India
82b762e4-bf69-430f-a9dd-6828882fa43f,2025-10-03 14:52:33.296907 UTC,text,or,c4fbd6f9-0fa5-4d7b-9efc-d032adfdef5e,0c7d80e9-c20b-4213-b8c5-5aae66cb9c1f,,India
63ffd480-95a0-4f74-af71-55f89fc7f078,2025-07-18 08:22:02.44484 UTC,text,or,81b5d1f1-8fb2-4a10-864a-48ca99a26429,0c7d80e9-c20b-4213-b8c5-5aae66cb9c1f,,India
174154da-aac3-499c-aeac-085b9a0f7c35,2025-01-11 05:15:29.221765 UTC,text,hi,1e01763d-9623-4525-9696-28ad2e20945f,0f39d279-cad4-40a4-b982-114378ee5969,gender_all_male,India
5abf1de9-ede1-4885-b028-2fc67da01b52,2025-01-11 05:15:59.464535 UTC,text,hi,1e01763d-9623-4525-9696-28ad2e20945f,0f39d279-cad4-40a4-b982-114378ee5969,gender_all_male,India
37d3a070-c431-4311-823c-a3b920cd3649,2025-01-11 05:16:24.826434 UTC,text,hi,1e01763d-9623-4525-9696-28ad2e20945f,0f39d279-cad4-40a4-b982-114378ee5969,gender_all_male,India
231a1899-b8ad-4c38-b46b-63fe42908aef,2025-01-11 05:16:38.034432 UTC,text,hi,1e01763d-9623-4525-9696-28ad2e20945f,0f39d279-cad4-40a4-b982-114378ee5969,gender_all_male,India
66cdf73d-b4a8-418c-ab01-ac1afdf6be13,2025-01-11 05:16:11.543658 UTC,text,hi,1e01763d-9623-4525-9696-28ad2e20945f,0f39d279-cad4-40a4-b982-114378ee5969,gender_all_male,India
c6b3816c-6f79-49ea-9a0b-fc510eec5b99,2025-01-11 05:15:47.688605 UTC,text,hi,1e01763d-9623-4525-9696-28ad2e20945f,0f39d279-cad4-40a4-b982-114378ee5969,gender_all_male,India
43558a2f-2ed2-452b-84ac-a5e33a1a0956,2025-07-11 08:09:29.938533 UTC,text,or,57559bda-6a30-40a1-8f67-21d1db321e22,0c7d80e9-c20b-4213-b8c5-5aae66cb9c1f,,India
9d368f8a-2b95-489b-901a-46d586bae157,2026-08-08 06:50:47.815193 UTC,text,hi,78bb6b94-5d05-4262-9709-30f64857735f,904ee505-b013-4192-9740-c09f7103c54a,gender_all_male,India
a927334a-1fcb-44b6-a94b-c043d3cd3a0f,2026-08-08 06:51:21.983547 UTC,text,hi,78bb6b94-5d05-4262-9709-30f64857735f,904ee505-b013-4192-9740-c09f7103c54a,gender_all_male,India
e6949733-6adf-4c34-be52-6532a9b07c92,2025-07-11 08:12:06.308173 UTC,text,or,dc16cf3c-1ae6-484d-b5d0-dbf370b148ef,0c7d80e9-c20b-4213-b8c5-5aae66cb9c1f,,India
12afb5ce-a456-45f5-b0d7-75f0fc60678a,2025-07-11 07:47:02.849455 UTC,text,en,8a23c593-438b-443e-a9e8-d861eae0f29f,0c7d80e9-c20b-4213-b8c5-5aae66cb9c1f,,India
93b88ba2-3d23-42a9-bfc4-4e4290a214aa,2026-08-20 03:01:19.613136 UTC,image,,4f622155-3f44-41a3-a376-47a9f0620e45,904ee505-b013-4192-9740-c09f7103c54a,gender_all_male,India
0793a66f-266b-4ae9-bd27-d2d202f03295,2025-10-28 12:46:02.527425 UTC,text,or,a4759533-28e9-4a99-a217-fe02880ae143,0c7d80e9-c20b-4213-b8c5-5aae66cb9c1f,,India
7ee8128d-11ea-48f2-bc4f-67b6383caeca,2025-10-03 15:46:38.176332 UTC,text,or,335f550c-db55-484f-8340-8d2daaed5d01,0c7d80e9-c20b-4213-b8c5-5aae66cb9c1f,,India
5d108fa3-28b1-4763-bec8-3fc66cbca011,2025-07-11 07:48:38.536119 UTC,text,or,e4b2e857-c6ed-4655-9286-121322c3f556,0c7d80e9-c20b-4213-b8c5-5aae66cb9c1f,,India
6f8c1155-73ad-4031-a888-1590c574aa43,2026-03-27 11:25:26.334347 UTC,image,,ba0797f6-9d05-44ce-b122-9b279b1ed981,38eb06b0-50fa-4b64-a701-82e16fa4e1e0,,India
b05ee318-a06c-46b5-a0fa-ba98f3b8682c,2026-03-27 11:27:04.636248 UTC,image,,ba0797f6-9d05-44ce-b122-9b279b1ed981,38eb06b0-50fa-4b64-a701-82e16fa4e1e0,,India
568a9686-0330-4105-8fb1-9ead2225ff69,2026-03-27 11:26:18.77981 UTC,image,,ba0797f6-9d05-44ce-b122-9b279b1ed981,38eb06b0-50fa-4b64-a701-82e16fa4e1e0,,India
cdebc2a0-65ac-428d-9623-a129b67b51d8,2025-01-11 05:21:51.553176 UTC,text,hi-Latn,cbd06582-ad32-4a39-9750-bab32e400ed1,0f39d279-cad4-40a4-b982-114378ee5969,gender_all_male,India
23ec5bbe-fd51-45ac-889b-7b2860e8a55b,2025-01-21 09:49:32.518965 UTC,text,hi,6a09b0d8-72ee-435b-841e-428e8cc13725,8684e44d-df85-47f1-b726-bb9a73343cce,gender_all_male,India
61a04d93-9fcf-4935-9da3-ea117d846df5,2025-01-21 09:49:49.723469 UTC,text,hi,6a09b0d8-72ee-435b-841e-428e8cc13725,8684e44d-df85-47f1-b726-bb9a73343cce,gender_all_male,India
8122409a-084b-4d52-8ac8-94d85d604c4f,2025-01-21 09:53:51.852628 UTC,text,hi,6a09b0d8-72ee-435b-841e-428e8cc13725,8684e44d-df85-47f1-b726-bb9a73343cce,gender_all_male,India
d0457d14-06d9-4583-a00f-1c5d94db4039,2025-01-21 09:50:21.50644 UTC,text,hi,6a09b0d8-72ee-435b-841e-428e8cc13725,8684e44d-df85-47f1-b726-bb9a73343cce,gender_all_male,India
9eab44cf-9144-4fcf-84c1-9052433c2b98,2025-01-21 09:49:01.896954 UTC,text,hi,6a09b0d8-72ee-435b-841e-428e8cc13725,8684e44d-df85-47f1-b726-bb9a73343cce,gender_all_male,India
e350d270-2de5-4785-8323-aa9b4f0cac36,2025-01-21 09:52:00.531308 UTC,text,hi-Latn,6a09b0d8-72ee-435b-841e-428e8cc13725,8684e44d-df85-47f1-b726-bb9a73343cce,gender_all_male,India
2b447821-5e23-49e0-99e1-d0dee42049ee,2025-01-21 09:50:58.116188 UTC,text,hi,6a09b0d8-72ee-435b-841e-428e8cc13725,8684e44d-df85-47f1-b726-bb9a73343cce,gender_all_male,India
e9485a78-f72e-42ce-a2d6-b978fa84a76a,2025-01-21 09:52:50.545395 UTC,text,hi,6a09b0d8-72ee-435b-841e-428e8cc13725,8684e44d-df85-47f1-b726-bb9a73343cce,gender_all_male,India
5064af30-6123-4b84-a3ce-1620e6097b9f,2025-07-18 08:22:30.096697 UTC,text,or,8373d79e-950d-4e6c-a553-983db8f08b79,0c7d80e9-c20b-4213-b8c5-5aae66cb9c1f,,India
4bdf1d49-1140-452a-817d-f4666519eaf9,2026-08-16 05:32:44.526956 UTC,text,hi,3d411f10-7e1c-4261-b959-e781f823a11b,904ee505-b013-4192-9740-c09f7103c54a,gender_all_male,India
362980c9-9507-40ff-a8fa-10f9ba1f9c5a,2026-08-16 05:29:05.806834 UTC,image,,3d411f10-7e1c-4261-b959-e781f823a11b,904ee505-b013-4192-9740-c09f7103c54a,gender_all_male,India
00b1f910-e836-40bf-a6af-099a9a49a5db,2026-08-08 06:52:24.337463 UTC,text,hi,5f2eea0d-46bd-43e3-b8d4-2552106111ae,904ee505-b013-4192-9740-c09f7103c54a,gender_all_male,India
0a90b584-5f2f-4838-bfc3-544194e1488a,2025-11-10 06:38:39.05426 UTC,text,om,6ad2eaa8-80e2-4e16-a23d-8e75c3b9e8df,fed98f62-b261-4abf-9ee7-2175744fb626,gender_all_male,Ethiopia
c3b00f37-594a-491f-9ba9-9e8540cc6cbe,2025-07-11 10:06:15.001877 UTC,text,or,965b2f05-d4b7-4d22-b49e-2bfecfba791a,0c7d80e9-c20b-4213-b8c5-5aae66cb9c1f,,India
8a34e19c-6207-4706-9c47-dfcadb7746d2,2026-08-23 23:21:58.232658 UTC,text,pt,2d70aa3c-2b4a-4764-9e2d-438fafc170f6,1c33b4e8-14b1-4595-8251-432bd144c14e,,Brazil
90e9f281-deed-4314-b2a5-a67ed7ebce11,2026-08-23 23:22:26.399474 UTC,voice,pt,2d70aa3c-2b4a-4764-9e2d-438fafc170f6,1c33b4e8-14b1-4595-8251-432bd144c14e,,Brazil
77e8a24d-d24c-41b4-8c27-32b4b0778e1b,2026-03-27 11:27:35.557866 UTC,text,hi,7ff7dd7b-8c73-4a11-8a0b-81361cce70b3,38eb06b0-50fa-4b64-a701-82e16fa4e1e0,,India
e967f23b-678b-425b-9c78-0c0cc661a619,2026-03-27 11:29:03.124914 UTC,text,und,38b56e56-0b9e-44a2-9b59-4c49dda14b20,38eb06b0-50fa-4b64-a701-82e16fa4e1e0,,India
1d13cda4-f138-4efc-a66c-fc213edb6b6c,2025-02-12 09:34:29.760873 UTC,text,hi,661e0f97-385e-426c-9107-bb0eefe63f18,0f39d279-cad4-40a4-b982-114378ee5969,gender_all_male,India
fc00e768-0930-4072-88bc-5217bc05f919,2025-02-12 09:32:55.214865 UTC,text,hi,661e0f97-385e-426c-9107-bb0eefe63f18,0f39d279-cad4-40a4-b982-114378ee5969,gender_all_male,India
ccab4954-f1a4-4548-b074-29c3c4a4d70d,2025-02-12 09:33:56.31405 UTC,text,hi,661e0f97-385e-426c-9107-bb0eefe63f18,0f39d279-cad4-40a4-b982-114378ee5969,gender_all_male,India
2d3b0b79-79b8-4ac8-bfcd-02f625430458,2025-02-12 09:33:12.356239 UTC,text,hi,661e0f97-385e-426c-9107-bb0eefe63f18,0f39d279-cad4-40a4-b982-114378ee5969,gender_all_male,India
3e5e26f8-cce1-4e2e-bd4f-3b8cddd04e29,2025-02-12 09:32:10.590813 UTC,text,hi,661e0f97-385e-426c-9107-bb0eefe63f18,0f39d279-cad4-40a4-b982-114378ee5969,gender_all_male,India
ce7b58fd-0876-4c10-8914-490ac6b43275,2025-02-12 09:34:50.927217 UTC,text,hi,661e0f97-385e-426c-9107-bb0eefe63f18,0f39d279-cad4-40a4-b982-114378ee5969,gender_all_male,India
7fe789ea-61bd-453a-a7cc-2cdc3e831830,2025-02-12 09:33:31.891226 UTC,text,hi,661e0f97-385e-426c-9107-bb0eefe63f18,0f39d279-cad4-40a4-b982-114378ee5969,gender_all_male,India
1345188f-68c6-4d55-b678-ac4656017242,2025-02-12 09:32:33.441636 UTC,text,hi,661e0f97-385e-426c-9107-bb0eefe63f18,0f39d279-cad4-40a4-b982-114378ee5969,gender_all_male,India
f6c78485-122e-4d8c-9337-0a9db1f8f48e,2025-07-18 08:21:22.254375 UTC,text,or,d5d2cb01-c245-466b-b32a-484d98a6350a,0c7d80e9-c20b-4213-b8c5-5aae66cb9c1f,,India
89270ed4-d26e-48fc-862e-cb93d1e45d5e,2025-11-15 19:56:37.53809 UTC,text,om,095e2697-4685-4efb-809c-15e1073b9428,fed98f62-b261-4abf-9ee7-2175744fb626,gender_all_male,Ethiopia
b2cf683c-bf46-4eef-bae5-976473ec9da5,2025-07-11 08:10:24.773487 UTC,text,or,03c19046-e50a-4a2f-abed-8f467cd53700,0c7d80e9-c20b-4213-b8c5-5aae66cb9c1f,,India
45985f3d-220b-485b-b341-a9607c34d35b,2025-07-11 08:09:53.249515 UTC,text,or,03c19046-e50a-4a2f-abed-8f467cd53700,0c7d80e9-c20b-4213-b8c5-5aae66cb9c1f,,India
72a77330-3d51-417a-9f0a-54b381c16ef7,2026-08-26 12:35:14.644042 UTC,image,,92be6565-c7f6-4d81-b814-5cae639a57a0,904ee505-b013-4192-9740-c09f7103c54a,gender_all_male,India
c57957a4-f91a-4b9a-9160-22b652c1d0a3,2026-08-26 12:35:46.157203 UTC,image,,92be6565-c7f6-4d81-b814-5cae639a57a0,904ee505-b013-4192-9740-c09f7103c54a,gender_all_male,India
dda9676c-205d-418a-b06e-aca48e8f05fe,2025-11-15 08:05:32.342018 UTC,text,om,763efdd1-a38c-46ef-b2b4-4eb632b7c1d5,fed98f62-b261-4abf-9ee7-2175744fb626,gender_all_male,Ethiopia
70991caa-ea96-42fe-9e65-440aede54b50,2026-01-02 17:33:26.292882 UTC,text,am,656f33c7-4bcf-4240-ae26-f54508cd95e5,f3e5a23f-892d-45c9-9a86-e7738610caa2,,Ethiopia
19aceba0-0c1c-4282-a59b-6f690d7af3a9,2026-01-11 22:43:55.657572 UTC,text,am,494e0391-2628-43cf-94c0-dc52933bf48c,f3e5a23f-892d-45c9-9a86-e7738610caa2,,Ethiopia
0a998af4-6ee5-4382-9d8b-4ecd46b75a52,2025-01-15 06:02:29.146472 UTC,text,hi,8195c8b7-ae07-47f1-bd70-55d0da726923,39127603-2233-4236-a438-2e9e1cfd4846,gender_all_male,India
574ba317-39d6-4e48-80ef-842fb2c550e0,2025-01-15 06:01:58.428121 UTC,text,hi,8195c8b7-ae07-47f1-bd70-55d0da726923,39127603-2233-4236-a438-2e9e1cfd4846,gender_all_male,India
ff90dfd7-f2e3-49c1-895b-5c1a13cb79b9,2025-01-15 06:02:16.288825 UTC,text,hi,8195c8b7-ae07-47f1-bd70-55d0da726923,39127603-2233-4236-a438-2e9e1cfd4846,gender_all_male,India
0ebc52ce-b44c-43a3-995a-cafbb1e9ddb7,2025-01-15 06:02:43.704805 UTC,text,hi,8195c8b7-ae07-47f1-bd70-55d0da726923,39127603-2233-4236-a438-2e9e1cfd4846,gender_all_male,India
ef793908-255e-47f9-8f61-bd6574f46574,2026-01-23 04:10:58.203107 UTC,text,am,da1feec0-8344-40ce-8a59-ab127aa854da,f3e5a23f-892d-45c9-9a86-e7738610caa2,,Ethiopia
23a66e09-3171-4faa-8311-cc413b5ac453,2025-01-15 05:59:17.847045 UTC,text,hi,40a8fc63-16b2-4797-8c6b-cc4ab9f0b07a,39127603-2233-4236-a438-2e9e1cfd4846,gender_all_male,India
d8b614d8-5cc5-4ced-ab7b-6177fe37bd9c,2025-01-15 05:58:41.075877 UTC,text,hi,40a8fc63-16b2-4797-8c6b-cc4ab9f0b07a,39127603-2233-4236-a438-2e9e1cfd4846,gender_all_male,India
8e05fc1c-9f4e-4af8-8de0-006c62a80e60,2025-01-15 05:59:32.397451 UTC,text,hi,40a8fc63-16b2-4797-8c6b-cc4ab9f0b07a,39127603-2233-4236-a438-2e9e1cfd4846,gender_all_male,India
6e64cc4f-ad7f-4f72-b5b5-ece55e6fa50e,2025-01-15 05:59:03.807131 UTC,text,hi,40a8fc63-16b2-4797-8c6b-cc4ab9f0b07a,39127603-2233-4236-a438-2e9e1cfd4846,gender_all_male,India
bb52dc80-b3ce-4d9b-9382-fbe65ef133e5,2025-01-15 06:00:01.707104 UTC,text,hi,64f3d205-ebdf-4423-a360-767737495175,39127603-2233-4236-a438-2e9e1cfd4846,gender_all_male,India
5f8f2843-9d16-4950-81dc-6ec051bc1520,2025-01-15 06:00:21.856783 UTC,text,hi,64f3d205-ebdf-4423-a360-767737495175,39127603-2233-4236-a438-2e9e1cfd4846,gender_all_male,India
1940dee1-7679-4c96-8930-9f883a218e03,2025-01-15 06:00:38.330649 UTC,text,hi,64f3d205-ebdf-4423-a360-767737495175,39127603-2233-4236-a438-2e9e1cfd4846,gender_all_male,India
c28fd246-18d9-4ba1-a161-381be75ab132,2025-01-15 06:00:52.277933 UTC,text,hi,64f3d205-ebdf-4423-a360-767737495175,39127603-2233-4236-a438-2e9e1cfd4846,gender_all_male,India
de619cc6-799a-4c1b-9943-6d577923495b,2026-08-21 10:16:17.105823 UTC,text,en,86f4ba5b-7a60-4108-91e6-f0087c3c8b3b,cad31763-9744-40d2-a16f-bacf638008f1,gender_all_male,India
eda9f327-61e3-43e3-9796-fd81424f48ec,2026-08-30 10:36:20.172986 UTC,text,hi,6b6b2416-1988-495b-aa99-732cfd3bc407,5265aff1-bde6-4873-92a2-0044df74dc3d,gender_all_male,India
7058dba3-afde-4245-b40c-ecc80de3c114,2026-08-30 10:35:44.243683 UTC,text,hi,6b6b2416-1988-495b-aa99-732cfd3bc407,5265aff1-bde6-4873-92a2-0044df74dc3d,gender_all_male,India
fb5f0e71-3b6e-4514-b988-3bfaa893952f,2026-01-23 06:56:05.273044 UTC,text,hi,c2aa0513-a613-4cfd-b25f-63ab9421dfdf,85c984d6-f3e9-431f-944a-6e0fb27bd557,,India
7a7ef689-d18f-4fa0-bbe8-8579a0ca0059,2026-01-23 07:00:20.52 UTC,text,hi,c2aa0513-a613-4cfd-b25f-63ab9421dfdf,85c984d6-f3e9-431f-944a-6e0fb27bd557,,India
c6af24d7-0405-43bc-9bb7-0711fd8e7a62,2026-01-23 06:58:34.34521 UTC,text,hi,c2aa0513-a613-4cfd-b25f-63ab9421dfdf,85c984d6-f3e9-431f-944a-6e0fb27bd557,,India
411e88a5-36c1-4061-9668-cf90b11587be,2026-08-30 10:34:39.139741 UTC,text,hi,93a6df98-3ec6-42e1-b921-6cc6dd98732f,5265aff1-bde6-4873-92a2-0044df74dc3d,gender_all_male,India
43894092-90cd-4162-9998-8424d5c5eaa9,2026-08-30 10:34:22.929878 UTC,text,hi,93a6df98-3ec6-42e1-b921-6cc6dd98732f,5265aff1-bde6-4873-92a2-0044df74dc3d,gender_all_male,India
5f6fdd8d-68c0-4273-a62c-0e7100370e99,2025-01-30 08:40:55.678708 UTC,voice,hi,beb72625-d229-490a-b1bc-ce84a15fe6d8,e7296b5e-0319-45c7-9621-688b9e491d88,gender_all_female,India
fd2058a1-8156-4e20-ad00-41036271f427,2025-01-30 08:42:31.847204 UTC,voice,hi,beb72625-d229-490a-b1bc-ce84a15fe6d8,e7296b5e-0319-45c7-9621-688b9e491d88,gender_all_female,India
ff567d6b-8092-44aa-a98c-c37c859c48dd,2025-01-30 08:41:19.776225 UTC,voice,hi,beb72625-d229-490a-b1bc-ce84a15fe6d8,e7296b5e-0319-45c7-9621-688b9e491d88,gender_all_female,India
3b84c63a-8e78-417f-b095-20e10fe18db6,2025-01-30 08:42:51.055943 UTC,voice,hi,beb72625-d229-490a-b1bc-ce84a15fe6d8,e7296b5e-0319-45c7-9621-688b9e491d88,gender_all_female,India
0a2146c2-107b-44a4-96bd-92d96733cc8b,2025-01-30 08:41:44.568916 UTC,voice,hi,beb72625-d229-490a-b1bc-ce84a15fe6d8,e7296b5e-0319-45c7-9621-688b9e491d88,gender_all_female,India
e32e27ee-7d25-457a-a717-edcbcab0edb9,2025-01-30 08:42:05.686319 UTC,voice,hi,beb72625-d229-490a-b1bc-ce84a15fe6d8,e7296b5e-0319-45c7-9621-688b9e491d88,gender_all_female,India
ba369b77-4d72-4d07-aa8b-da774b4ce58c,2026-05-20 14:17:43.195894 UTC,image,,982f215d-5992-4666-ad0c-35a26aeb0f0d,bad70fb8-bb37-4158-aeba-06e5cdabff79,,Ethiopia
9c757e72-93ba-48e3-b8ae-9b5d84022a58,2026-07-10 06:00:26.051593 UTC,text,hi,ce6eab27-19d7-4c95-b472-b71604e3661c,a8fcfa01-467b-46be-9065-2bc10a5725f4,gender_all_male,India
369e9a55-0dc0-41db-9e4e-72779876fa0e,2025-05-21 07:09:01.279637 UTC,text,hi,bca9d650-dd78-4a2a-acf8-66789124a86a,d8187aac-80d8-4c3f-be1b-6c7d474349f8,gender_all_male,India
6ae7f221-79d9-463d-99dd-e804ab6a6e4a,2025-03-18 08:01:24.401703 UTC,text,om,d38451de-eb3a-4170-8c01-50d23159ba76,c8fc9b03-0942-4ff0-a5e5-f9ccd0a67dcc,gender_all_male,Ethiopia
d8c7bbf2-7448-4a62-95c2-3fc07ed856dd,2025-03-18 08:01:11.317359 UTC,text,om,d38451de-eb3a-4170-8c01-50d23159ba76,c8fc9b03-0942-4ff0-a5e5-f9ccd0a67dcc,gender_all_male,Ethiopia
f5638c9e-9767-4700-a954-57e0629cfdf7,2025-03-18 08:02:32.73212 UTC,text,om,d38451de-eb3a-4170-8c01-50d23159ba76,c8fc9b03-0942-4ff0-a5e5-f9ccd0a67dcc,gender_all_male,Ethiopia
596611a2-b776-47b7-9454-6ef7619acbda,2025-03-18 08:00:43.344462 UTC,text,om,d38451de-eb3a-4170-8c01-50d23159ba76,c8fc9b03-0942-4ff0-a5e5-f9ccd0a67dcc,gender_all_male,Ethiopia
d9051136-5f20-4aec-a018-5dbc66267f28,2025-03-18 08:02:16.367914 UTC,text,om,d38451de-eb3a-4170-8c01-50d23159ba76,c8fc9b03-0942-4ff0-a5e5-f9ccd0a67dcc,gender_all_male,Ethiopia
098f7d64-2b14-4f2b-94e5-89413e12ba5a,2025-03-18 08:02:44.129607 UTC,text,om,d38451de-eb3a-4170-8c01-50d23159ba76,c8fc9b03-0942-4ff0-a5e5-f9ccd0a67dcc,gender_all_male,Ethiopia
1f90e161-20eb-44d7-8958-9a344eaa2439,2025-03-18 08:01:38.957873 UTC,text,om,d38451de-eb3a-4170-8c01-50d23159ba76,c8fc9b03-0942-4ff0-a5e5-f9ccd0a67dcc,gender_all_male,Ethiopia
82508841-a5bf-4ac4-b297-24cff67e6a84,2025-03-18 08:01:56.858364 UTC,text,om,d38451de-eb3a-4170-8c01-50d23159ba76,c8fc9b03-0942-4ff0-a5e5-f9ccd0a67dcc,gender_all_male,Ethiopia
309e8b74-257c-4670-b18e-e9cdc0490f00,2026-07-26 18:05:44.468757 UTC,text,en,51436d51-7efe-4624-99cc-fc8ecb818036,48a5042e-2832-48f3-8174-87d90aa3a2cb,gender_all_male,Kenya
b5542c0c-21e5-4984-ab35-d1465fcaf3c5,2025-09-25 14:50:54.426607 UTC,text,hi,ff9667be-3d5a-4250-9dc4-35a12221cdfb,0d9ade57-874b-4e54-bb72-3a0b97ec29e5,,India
d2407383-6c6a-4925-92bb-d6f2b4de7826,2026-07-26 18:04:15.072656 UTC,text,en,6e72b925-d649-470f-ae18-6acf228193ed,48a5042e-2832-48f3-8174-87d90aa3a2cb,gender_all_male,Kenya
056835c7-22a5-416d-86e7-11b04680e925,2026-06-01 14:34:31.013377 UTC,text,en,6e72b925-d649-470f-ae18-6acf228193ed,48a5042e-2832-48f3-8174-87d90aa3a2cb,gender_all_male,Kenya
70b85f56-d7e2-4e68-b936-bb0b443565d5,2025-12-09 04:20:51.746811 UTC,text,hi,41b4aa42-56a0-4d38-82b9-8665dfd9f27a,a8fcfa01-467b-46be-9065-2bc10a5725f4,gender_all_male,India
cb5bb61a-5bbd-478f-a279-f80509fc3137,2025-03-18 15:01:21.560212 UTC,text,om,f8465ea2-68fb-485c-98c8-1b3d231482bd,c8fc9b03-0942-4ff0-a5e5-f9ccd0a67dcc,gender_all_male,Ethiopia
2760bad2-53b3-45b8-961a-1c2d30fb5796,2026-05-20 14:23:30.015029 UTC,text,om,a2e5132e-62a6-40dc-9164-8d0a72e1ab1a,bad70fb8-bb37-4158-aeba-06e5cdabff79,,Ethiopia
f33f6ff3-4cd3-4b61-8658-49a6f22d4344,2025-02-20 13:22:22.366168 UTC,text,hi,8618c7bd-1148-443a-93c7-dca0c50fc55a,e7296b5e-0319-45c7-9621-688b9e491d88,gender_all_female,India
c99df77e-53d4-4566-8d0b-d83effbadc7a,2025-12-26 10:05:48.37447 UTC,text,en,ff063682-935d-4881-9c3c-5cd65ab0456f,a8fcfa01-467b-46be-9065-2bc10a5725f4,gender_all_male,India
47a4e14e-c69c-4fcc-a09c-d390ce82fe6b,2025-10-11 00:41:16.123036 UTC,text,hi,d1c956bc-d001-4b21-8e9e-e8027a0afa7b,a8fcfa01-467b-46be-9065-2bc10a5725f4,gender_all_male,India
1e50bc9a-ca0e-4046-93de-91240c401526,2026-07-26 18:05:21.311058 UTC,text,en,af041276-1c2a-4f77-aa35-795e40701d7b,48a5042e-2832-48f3-8174-87d90aa3a2cb,gender_all_male,Kenya
bea7f3d7-ce7a-4815-a50a-ec03b99ddbbf,2026-05-20 14:26:53.81436 UTC,text,om,a2e5132e-62a6-40dc-9164-8d0a72e1ab1a,bad70fb8-bb37-4158-aeba-06e5cdabff79,,Ethiopia
c336dafd-db06-43a7-b566-efca4be19129,2026-05-20 14:19:19.372367 UTC,text,en,a2e5132e-62a6-40dc-9164-8d0a72e1ab1a,bad70fb8-bb37-4158-aeba-06e5cdabff79,,Ethiopia
40165180-1f4c-480e-81b8-0e0f74d091e1,2026-05-20 14:20:20.612704 UTC,text,om,a2e5132e-62a6-40dc-9164-8d0a72e1ab1a,bad70fb8-bb37-4158-aeba-06e5cdabff79,,Ethiopia
520ab223-b864-42f9-a379-fee7304f9f77,2026-07-18 16:50:02.98617 UTC,text,hi,a7287342-83bf-458c-9c44-d4055c1515c2,a8fcfa01-467b-46be-9065-2bc10a5725f4,gender_all_male,India
55f07192-6158-4bb5-819b-11048520ac09,2025-05-21 06:20:10.587966 UTC,text,hi,3af29f2e-1380-41eb-894b-98646ec2136e,d8187aac-80d8-4c3f-be1b-6c7d474349f8,gender_all_male,India
7248d4bf-ffa7-48bb-8c86-2f926b383da2,2025-05-21 06:22:11.17221 UTC,text,hi,70631402-2aee-4c7f-84ec-4ab97af85ac7,d8187aac-80d8-4c3f-be1b-6c7d474349f8,gender_all_male,India
8a5d6a81-0936-4805-b6f9-18838cb7369e,2026-07-10 06:01:25.920561 UTC,text,hi,b6753551-827b-474a-b4dd-367f3ebc8541,a8fcfa01-467b-46be-9065-2bc10a5725f4,gender_all_male,India
2e505e15-fed5-4b2c-9137-d9e077bd027c,2025-09-25 14:50:03.707199 UTC,text,hi,4341513d-9ddd-4211-9bb2-cc00e17e646c,0d9ade57-874b-4e54-bb72-3a0b97ec29e5,,India
d4e75f72-ec6e-4b1c-8acd-37b9ad7a174f,2026-05-20 14:30:42.557633 UTC,text,om,7001aba5-eaef-4b54-b97f-2de12fac18f8,bad70fb8-bb37-4158-aeba-06e5cdabff79,,Ethiopia
ec0a94a2-5aaa-4ad2-9ca6-8ef4e32eadc0,2026-05-26 20:15:32.858357 UTC,text,en,e0e5081d-c31f-4498-a537-f1f47492bf6e,48a5042e-2832-48f3-8174-87d90aa3a2cb,gender_all_male,Kenya
6e44c268-ac4a-435e-919f-b41520879fd4,2026-05-26 20:15:12.125268 UTC,text,en,e0e5081d-c31f-4498-a537-f1f47492bf6e,48a5042e-2832-48f3-8174-87d90aa3a2cb,gender_all_male,Kenya
9bea3dae-6bd9-4379-b18f-a3bf07a0ecac,2025-01-23 04:06:53.122633 UTC,voice,hi,548ba7a8-9cea-4626-9253-0f92302e5d0c,ae63da87-fc5b-475f-8864-a2080c2d3480,gender_all_male,India
4b0fd736-25c3-4997-b1aa-459e7d0637cb,2025-01-23 04:07:36.146964 UTC,text,hi,548ba7a8-9cea-4626-9253-0f92302e5d0c,ae63da87-fc5b-475f-8864-a2080c2d3480,gender_all_male,India
06c580a6-9aa2-4a6b-bd8f-8050d44a93bf,2025-01-23 04:08:06.112087 UTC,text,hi,548ba7a8-9cea-4626-9253-0f92302e5d0c,ae63da87-fc5b-475f-8864-a2080c2d3480,gender_all_male,India
c10de6a2-4b3a-4aaf-a573-1be15269e964,2025-01-23 04:08:24.589397 UTC,text,hi,548ba7a8-9cea-4626-9253-0f92302e5d0c,ae63da87-fc5b-475f-8864-a2080c2d3480,gender_all_male,India
e57674a0-0716-4378-811c-9eebbd910069,2025-01-23 04:07:16.800036 UTC,text,hi,548ba7a8-9cea-4626-9253-0f92302e5d0c,ae63da87-fc5b-475f-8864-a2080c2d3480,gender_all_male,India
106e72ba-b2ea-42db-a1e6-24dafbde49f4,2026-09-05 05:27:16.870297 UTC,text,en,bf049d2e-571b-4b33-b1a1-542f7f87bac9,0a4fda5b-4a6d-4046-8fc7-c227f902f797,,Nigeria
017f1d50-974f-4a2f-aa17-5dccac74731d,2025-01-29 06:48:49.44993 UTC,text,hi-Latn,9b8f558c-73be-4acd-9960-a9e6813de3f3,0eee4fd7-a878-4ace-9496-8776a2e61c03,gender_all_male,India
272622c1-c351-4181-a982-9137113a903f,2024-12-29 02:55:54.554858 UTC,text,hi-Latn,5a22cddc-7d53-41f2-a265-e61f187f3042,0eee4fd7-a878-4ace-9496-8776a2e61c03,gender_all_male,India
2830638b-34a4-4dbc-8248-922391a862fd,2025-12-19 06:40:46.594605 UTC,image,,7753d91c-7b7b-48af-835b-485e2a003326,7cd6e841-2405-490a-9469-7b61fb3e50a1,,Kenya
765aac1b-3660-4489-a950-e7d6f681545e,2025-02-02 04:44:57.887682 UTC,text,hi-Latn,fb877996-f99c-44cb-96d5-5e3c6e52875c,0eee4fd7-a878-4ace-9496-8776a2e61c03,gender_all_male,India
21222573-98cd-4c90-be2d-5061b4dcfe7f,2025-02-02 04:45:33.455597 UTC,text,hi-Latn,fb877996-f99c-44cb-96d5-5e3c6e52875c,0eee4fd7-a878-4ace-9496-8776a2e61c03,gender_all_male,India
54a90723-72c4-4656-ab21-25889d9589fc,2025-02-02 04:46:14.832599 UTC,text,hi-Latn,fb877996-f99c-44cb-96d5-5e3c6e52875c,0eee4fd7-a878-4ace-9496-8776a2e61c03,gender_all_male,India
c93db953-33c4-48ac-9b43-524487717642,2025-01-29 06:47:59.136681 UTC,voice,hi,06edb75a-b126-4b60-a9b3-7ea87287ffcf,0eee4fd7-a878-4ace-9496-8776a2e61c03,gender_all_male,India
dc773ba0-9dd1-491d-9df4-d687ec1a59a8,2024-12-25 04:06:55.813849 UTC,text,hi-Latn,7ef0ddff-6b22-478a-a755-0ee4fb001489,0eee4fd7-a878-4ace-9496-8776a2e61c03,gender_all_male,India
81d19b20-30e9-40cc-bd3a-a7eb58bf3327,2024-12-25 04:07:50.979692 UTC,text,hi,7ef0ddff-6b22-478a-a755-0ee4fb001489,0eee4fd7-a878-4ace-9496-8776a2e61c03,gender_all_male,India
06433257-4a16-44b9-9183-e2a95fbf0d6a,2024-12-26 10:55:24.577466 UTC,voice,hi,e4506f66-e2cf-4bdc-bca9-596ac947c77e,ae63da87-fc5b-475f-8864-a2080c2d3480,gender_all_male,India
1d3b31c5-9505-4b81-b886-05eb7a53c79b,2026-01-24 16:43:31.617194 UTC,text,en,26c7af6a-9a6e-4c76-b48a-8b517ab96d37,0a4fda5b-4a6d-4046-8fc7-c227f902f797,,Nigeria
07f433e3-df0e-4e5e-8dc4-180da0376260,2024-12-26 10:53:58.522379 UTC,voice,hi,e4506f66-e2cf-4bdc-bca9-596ac947c77e,ae63da87-fc5b-475f-8864-a2080c2d3480,gender_all_male,India
09c0da24-cb2b-4aac-8abb-b0122afec726,2024-12-26 10:55:05.687647 UTC,voice,hi,e4506f66-e2cf-4bdc-bca9-596ac947c77e,ae63da87-fc5b-475f-8864-a2080c2d3480,gender_all_male,India
cdf39227-5fe7-4bd4-8f16-d657ab35acc9,2024-12-26 10:54:19.57173 UTC,voice,hi,e4506f66-e2cf-4bdc-bca9-596ac947c77e,ae63da87-fc5b-475f-8864-a2080c2d3480,gender_all_male,India
f0957767-8672-4b3f-a562-9ff8fe7b2756,2024-12-26 10:54:45.857222 UTC,voice,hi,e4506f66-e2cf-4bdc-bca9-596ac947c77e,ae63da87-fc5b-475f-8864-a2080c2d3480,gender_all_male,India
b006e4a4-bdad-4ab2-9b74-44f6831f7fe3,2025-12-29 10:14:22.105619 UTC,text,en,6fdd5797-26e1-4a63-bac7-d1e7f8bb0388,0a4fda5b-4a6d-4046-8fc7-c227f902f797,,Nigeria
babcee32-0fb5-4544-b4ad-6bba7896d5cb,2025-10-04 11:04:47.544499 UTC,text,hi,7d264682-3aaa-45f7-814e-e06427dbff19,93f84ff8-ecf9-4e7e-8366-0e9d20541673,gender_all_female,India
906c4520-08f0-4a3e-87be-3c5f0701f2d5,2026-05-04 11:08:29.805517 UTC,text,en,982a6598-e522-4084-b40f-737bdf18f826,0a4fda5b-4a6d-4046-8fc7-c227f902f797,,Nigeria
aab81d41-95b3-45a5-b6f1-b4703b60a7b6,2025-01-19 15:17:24.090659 UTC,voice,hi,9e3d1ec4-dbd5-4eab-ae70-30d9694d9c25,ae63da87-fc5b-475f-8864-a2080c2d3480,gender_all_male,India
51bc918b-1eac-4fce-8569-893447078745,2025-01-19 15:15:53.937876 UTC,text,hi,9e3d1ec4-dbd5-4eab-ae70-30d9694d9c25,ae63da87-fc5b-475f-8864-a2080c2d3480,gender_all_male,India
31b66645-151f-4748-8898-eff5e242382e,2025-01-19 15:17:48.742852 UTC,text,hi,9e3d1ec4-dbd5-4eab-ae70-30d9694d9c25,ae63da87-fc5b-475f-8864-a2080c2d3480,gender_all_male,India
4892ea45-f2e9-4c0f-b0c4-b42b6d8fe47e,2025-01-19 15:15:37.678595 UTC,text,hi,9e3d1ec4-dbd5-4eab-ae70-30d9694d9c25,ae63da87-fc5b-475f-8864-a2080c2d3480,gender_all_male,India
1b46cd92-b728-4203-a752-c4047a19de29,2025-01-19 15:14:40.60439 UTC,text,hi,9e3d1ec4-dbd5-4eab-ae70-30d9694d9c25,ae63da87-fc5b-475f-8864-a2080c2d3480,gender_all_male,India
91bb0607-8f46-4d2f-9a37-d9435633b758,2025-01-19 15:14:27.518307 UTC,text,hi,9e3d1ec4-dbd5-4eab-ae70-30d9694d9c25,ae63da87-fc5b-475f-8864-a2080c2d3480,gender_all_male,India
a47bc2c5-4df6-4c80-b812-6a5b075c3b49,2025-01-19 15:16:34.111847 UTC,text,hi,9e3d1ec4-dbd5-4eab-ae70-30d9694d9c25,ae63da87-fc5b-475f-8864-a2080c2d3480,gender_all_male,India
8c92a437-cf5b-4502-8e93-791b985037f2,2025-01-19 15:16:49.595902 UTC,voice,hi,9e3d1ec4-dbd5-4eab-ae70-30d9694d9c25,ae63da87-fc5b-475f-8864-a2080c2d3480,gender_all_male,India
b10ea21b-c8ee-4139-980d-55b15b3dfdb7,2025-01-19 15:15:12.67569 UTC,voice,hi,9e3d1ec4-dbd5-4eab-ae70-30d9694d9c25,ae63da87-fc5b-475f-8864-a2080c2d3480,gender_all_male,India
5f14518e-b3de-4f3d-b019-c9500f0f6aa8,2025-01-19 15:16:12.61525 UTC,voice,hi,9e3d1ec4-dbd5-4eab-ae70-30d9694d9c25,ae63da87-fc5b-475f-8864-a2080c2d3480,gender_all_male,India
cddd5b65-02a7-44f4-8e34-931f08fd9fca,2025-01-19 15:14:01.2702 UTC,voice,hi,9e3d1ec4-dbd5-4eab-ae70-30d9694d9c25,ae63da87-fc5b-475f-8864-a2080c2d3480,gender_all_male,India
d1946320-4f1d-4b6c-84e0-c4f606710fda,2025-01-19 15:14:54.615129 UTC,text,hi,9e3d1ec4-dbd5-4eab-ae70-30d9694d9c25,ae63da87-fc5b-475f-8864-a2080c2d3480,gender_all_male,India
081144a2-bd24-47ba-8724-b6dd7433a175,2025-01-29 06:47:21.597412 UTC,text,hi-Latn,e3fde38e-fc0d-4759-ac2c-e96defc50d70,0eee4fd7-a878-4ace-9496-8776a2e61c03,gender_all_male,India
45a51736-a3de-4cfb-865b-9ae7f7770275,2025-01-11 05:46:42.992258 UTC,text,hi-Latn,ea2c1d84-8624-4177-b037-52c3552e33fa,0eee4fd7-a878-4ace-9496-8776a2e61c03,gender_all_male,India
1a2040f9-5591-4192-b967-ee8c8e6dbf2e,2026-06-18 17:08:02.390749 UTC,text,om,538f53e1-2f40-436a-8317-16cd4b9bb96d,2a40a833-7fd2-4911-a658-d37258b12aa3,gender_all_male,Ethiopia
f70f6742-822e-4a45-8e45-a16e544e7dd1,2026-06-18 17:09:22.850429 UTC,text,om,538f53e1-2f40-436a-8317-16cd4b9bb96d,2a40a833-7fd2-4911-a658-d37258b12aa3,gender_all_male,Ethiopia
a58fb654-3284-481d-a54d-af433324e63d,2025-12-29 11:06:10.031407 UTC,text,en,0ed12fc4-2167-4e96-bf23-1a9f4207195b,0a4fda5b-4a6d-4046-8fc7-c227f902f797,,Nigeria
b886a5b7-b6c1-4b52-ac5c-5da12ec8c2ef,2026-03-01 14:00:33.097332 UTC,text,en,e25a2bd2-4982-466f-8c94-6f08b8c18378,0a4fda5b-4a6d-4046-8fc7-c227f902f797,,Nigeria
f9fda471-ce2c-4631-8f53-d131d9b4c009,2026-05-16 08:12:23.973018 UTC,text,om,f5af5521-aa77-4b5b-89f9-941a2e37ccdb,2a40a833-7fd2-4911-a658-d37258b12aa3,gender_all_male,Ethiopia
14ef7a5d-da57-4d4f-b984-65509794e2b4,2024-12-31 03:33:58.609772 UTC,text,hi,b0ce70f1-87bb-4501-9e03-fd773ec37716,0eee4fd7-a878-4ace-9496-8776a2e61c03,gender_all_male,India
2a5b010f-aca7-4501-b2d2-b46bc41ebbd9,2026-02-27 14:03:52.927726 UTC,text,en,4de2b04c-8ed5-4d4c-9b02-5e80764d58eb,0a4fda5b-4a6d-4046-8fc7-c227f902f797,,Nigeria
37b5d497-412f-48b0-bc48-91f226f4e9c1,2026-06-20 09:52:15.198184 UTC,text,om,d149493e-d98a-472b-8f16-8a695a8f5d08,2a40a833-7fd2-4911-a658-d37258b12aa3,gender_all_male,Ethiopia
a6a40ab3-2f78-4dad-91be-cf7b720b7dc6,2026-06-20 09:50:37.270997 UTC,text,om,d149493e-d98a-472b-8f16-8a695a8f5d08,2a40a833-7fd2-4911-a658-d37258b12aa3,gender_all_male,Ethiopia
cdc9a55a-21e4-445f-8629-e9624abfa95b,2026-06-20 09:49:11.040558 UTC,text,om,d149493e-d98a-472b-8f16-8a695a8f5d08,2a40a833-7fd2-4911-a658-d37258b12aa3,gender_all_male,Ethiopia
05e8656e-7331-46fb-9021-89aaacd9923c,2025-12-18 04:30:36.077242 UTC,text,en,520be9a2-52ee-441f-8665-b1b2bcea81b8,7cd6e841-2405-490a-9469-7b61fb3e50a1,,Kenya
1694fc1e-79c5-40e0-a0af-0ba5a3616101,2024-12-28 01:07:16.292757 UTC,text,hi,86e62ef7-a669-4d52-8ad1-a13a9ea8765f,ae63da87-fc5b-475f-8864-a2080c2d3480,gender_all_male,India
ae86b55b-ffbf-4276-956d-a2f9815f7f7a,2026-01-16 19:18:50.021826 UTC,text,en,3aaff9c2-00a5-47a1-8472-8aa3373cb8e1,592a45c0-9574-4353-b26f-2776a1a46ebf,,India
8af42aeb-99d3-429b-9eed-6800584d0fab,2026-01-16 19:19:11.087847 UTC,text,hi,3aaff9c2-00a5-47a1-8472-8aa3373cb8e1,592a45c0-9574-4353-b26f-2776a1a46ebf,,India
49e83eeb-6df0-4d82-9856-47b5dfb9d26f,2026-05-21 13:38:01.703912 UTC,text,en,00f7bda7-d39f-4232-876a-d0d2eae2ec9b,0a4fda5b-4a6d-4046-8fc7-c227f902f797,,Nigeria
bab50f7d-0219-4803-aedf-b0ff116c3aef,2025-01-09 02:36:55.386489 UTC,text,hi-Latn,677b0c5c-4d39-4bfa-8271-ae52c9a88b89,0eee4fd7-a878-4ace-9496-8776a2e61c03,gender_all_male,India
a3f0caa1-3398-499e-88bc-b4f1b5fdb872,2025-01-09 02:36:56.162902 UTC,text,hi-Latn,677b0c5c-4d39-4bfa-8271-ae52c9a88b89,0eee4fd7-a878-4ace-9496-8776a2e61c03,gender_all_male,India
7efacdc1-337e-4aa1-bf89-556945c17a5f,2025-01-09 02:36:56.081423 UTC,text,hi-Latn,677b0c5c-4d39-4bfa-8271-ae52c9a88b89,0eee4fd7-a878-4ace-9496-8776a2e61c03,gender_all_male,India
261af737-4192-4449-b0d9-03dbae63597c,2026-06-18 17:02:41.436659 UTC,text,om,f4e664b4-a10e-483e-986d-0c8588caeed3,2a40a833-7fd2-4911-a658-d37258b12aa3,gender_all_male,Ethiopia
ddb4bf1c-0a40-4e83-bf33-09498f1acb4f,2024-12-28 01:05:52.905916 UTC,text,hi,9f12d400-d158-40e8-bd0c-d2b912a4fdb6,ae63da87-fc5b-475f-8864-a2080c2d3480,gender_all_male,India
c48091ad-4cf3-4648-9b5d-4a9bf5ad1b7a,2024-12-28 01:06:18.905444 UTC,text,hi-Latn,9f12d400-d158-40e8-bd0c-d2b912a4fdb6,ae63da87-fc5b-475f-8864-a2080c2d3480,gender_all_male,India
d966ffd9-7561-428a-9892-42d145e7b599,2026-06-21 02:15:01.959162 UTC,text,en,4c84ef7c-f66c-4a70-9598-5565f6b6cff3,20b07eca-2d4f-47a3-88d9-cdeeef238a4e,,Ethiopia
477e2d1c-85d8-4255-a70d-3b3cfafddc3e,2026-01-23 10:16:44.455268 UTC,text,hi,33b0ddeb-2713-49c8-b7b5-856ed7691a0e,c2580da7-1c29-4a4b-8a46-f09908f63867,,India
6f3d0d71-bc51-4241-a3bc-4c3d532030bb,2026-01-23 10:14:03.549052 UTC,voice,hi,7e3aa97e-5fff-490a-969b-995290e65d74,c2580da7-1c29-4a4b-8a46-f09908f63867,,India
e83f1497-773a-496d-9fde-2007a5318fa1,2026-08-20 07:53:32.33455 UTC,voice,en,a4783b4b-ba76-4bb3-8348-5ee1e82537b8,98831b3b-a77c-4992-b12b-5cdbbe3b11b9,gender_all_female,Kenya
ecad4126-1212-4182-b13b-80ae833cc29a,2026-07-27 07:01:46.638277 UTC,voice,en,64f38f6d-67ec-4c2e-aa17-a67c0cf77a0c,6349c602-8d81-4679-af23-39eba475b01f,gender_all_female,United Kingdom
c2c3c567-4ea3-4251-91c6-3519d6a9425f,2026-08-18 23:03:45.09325 UTC,text,en,d57650dd-832e-4bba-a48c-aca15b06cd70,98831b3b-a77c-4992-b12b-5cdbbe3b11b9,gender_all_female,Kenya
4134c66b-c65d-4817-bae2-8afeb94391d5,2026-07-27 13:24:01.233473 UTC,voice,am,43abc311-1c0c-4255-80f2-6c0911945adb,fcc3182a-abf1-40fa-9b3e-308957bea5f6,,Ethiopia
e118cf41-6b69-4dbc-9a23-4352df9e8b42,2026-07-26 17:01:59.090884 UTC,text,am,f3d86f94-cbd7-47b7-89a8-f80e67a9bc96,fcc3182a-abf1-40fa-9b3e-308957bea5f6,,Ethiopia
94de7d96-d7b2-4021-b8fe-d85ced765563,2026-07-26 17:02:46.080555 UTC,text,am,f3d86f94-cbd7-47b7-89a8-f80e67a9bc96,fcc3182a-abf1-40fa-9b3e-308957bea5f6,,Ethiopia
4ed39f6a-efdd-4c14-b62a-6412c84b5209,2026-01-07 07:49:43.140452 UTC,voice,am,6a247852-10c0-46c9-b24c-69fb2c3004ab,e04a13b7-a2a6-4034-8210-8482ad934a2f,,Ethiopia
e1e7b038-2782-4619-86d2-0f1715e36eb7,2026-01-23 10:16:54.937428 UTC,text,hi,3705c7d1-66bf-476e-838c-c39d7fee8f2c,c2580da7-1c29-4a4b-8a46-f09908f63867,,India
3e9d92e7-5d5b-45ae-9f1b-5276171e8a0a,2026-01-23 10:14:46.042459 UTC,image,,7516c15a-06d6-475a-903c-27dc046a31e8,c2580da7-1c29-4a4b-8a46-f09908f63867,,India
5e77794e-9c86-4f5d-baac-e92948e90ede,2026-01-22 18:17:49.731938 UTC,text,am,37c44a36-f64c-4aaa-a390-4d10e46b50b8,e04a13b7-a2a6-4034-8210-8482ad934a2f,,Ethiopia
c789d173-2bfd-4ec9-ad2b-3e291d1c0040,2026-06-04 05:31:06.958376 UTC,text,en,6b03ccb9-13c5-4527-a827-eeaa37d39584,9a58d08a-1135-4e7b-84c7-276848f69d1f,,Kenya
58cd9af3-eb44-4f19-a666-ddf59487f920,2026-07-10 08:12:01.899484 UTC,image,,3efacaa3-00ba-47d5-944a-ecc5a8aeeb46,fcc3182a-abf1-40fa-9b3e-308957bea5f6,,Ethiopia
c1995680-9862-4d46-a7d5-c22def5aaad0,2026-07-10 08:16:04.855622 UTC,voice,am,3efacaa3-00ba-47d5-944a-ecc5a8aeeb46,fcc3182a-abf1-40fa-9b3e-308957bea5f6,,Ethiopia
5c3c146d-959f-4e3b-b0a8-71254f1a625a,2026-07-10 08:12:24.633352 UTC,image,,3efacaa3-00ba-47d5-944a-ecc5a8aeeb46,fcc3182a-abf1-40fa-9b3e-308957bea5f6,,Ethiopia
5c162fdd-12cf-485b-b2ed-fd4647cd9bf3,2026-07-10 08:11:39.575207 UTC,image,,3efacaa3-00ba-47d5-944a-ecc5a8aeeb46,fcc3182a-abf1-40fa-9b3e-308957bea5f6,,Ethiopia
71c1fa90-8113-472d-9518-d1c60e3b53ce,2026-07-10 08:00:49.164895 UTC,text,am,fdeaf0b4-3b70-4ea4-bb88-f59791a7558b,fcc3182a-abf1-40fa-9b3e-308957bea5f6,,Ethiopia
346285a6-f8fb-4921-ae5d-6343be8b8516,2026-07-10 08:05:20.18533 UTC,text,am,fdeaf0b4-3b70-4ea4-bb88-f59791a7558b,fcc3182a-abf1-40fa-9b3e-308957bea5f6,,Ethiopia
331c7ffa-6f15-446d-b198-1ff4f8499959,2026-07-10 08:01:49.213589 UTC,text,am,fdeaf0b4-3b70-4ea4-bb88-f59791a7558b,fcc3182a-abf1-40fa-9b3e-308957bea5f6,,Ethiopia
2334ade0-8490-4dd9-b7ff-bddb1f20b58a,2026-07-10 08:00:09.124078 UTC,text,am,fdeaf0b4-3b70-4ea4-bb88-f59791a7558b,fcc3182a-abf1-40fa-9b3e-308957bea5f6,,Ethiopia
0375cad9-6d56-446b-bdf9-90539eefb1de,2026-07-10 08:01:23.582981 UTC,text,am,fdeaf0b4-3b70-4ea4-bb88-f59791a7558b,fcc3182a-abf1-40fa-9b3e-308957bea5f6,,Ethiopia
93671890-1a4a-4bcf-ab5e-805555e80875,2026-07-10 08:04:04.209667 UTC,text,am,fdeaf0b4-3b70-4ea4-bb88-f59791a7558b,fcc3182a-abf1-40fa-9b3e-308957bea5f6,,Ethiopia
0f9ff648-708d-4153-9c60-4ef7ca586329,2026-07-10 08:04:39.688473 UTC,text,am,fdeaf0b4-3b70-4ea4-bb88-f59791a7558b,fcc3182a-abf1-40fa-9b3e-308957bea5f6,,Ethiopia
296bb799-ae29-4a32-a7d2-c6f6dacff266,2026-07-27 07:05:14.082978 UTC,text,en,377679f5-477d-4d76-b892-7aaf575abb4f,6349c602-8d81-4679-af23-39eba475b01f,gender_all_female,United Kingdom
817f6d51-bcb2-4e66-a1eb-1cebdbcdb4e7,2026-07-10 07:56:51.868445 UTC,text,am,9e73dfd5-fbd7-4686-aa2f-91e95d76d96c,fcc3182a-abf1-40fa-9b3e-308957bea5f6,,Ethiopia
683bd33a-6c93-48aa-93f8-158ed51c671e,2026-07-10 07:56:16.864421 UTC,text,am,9e73dfd5-fbd7-4686-aa2f-91e95d76d96c,fcc3182a-abf1-40fa-9b3e-308957bea5f6,,Ethiopia
88d0c84f-1581-4cb4-9677-838d6a92e51d,2026-07-10 07:57:27.599389 UTC,text,am,9e73dfd5-fbd7-4686-aa2f-91e95d76d96c,fcc3182a-abf1-40fa-9b3e-308957bea5f6,,Ethiopia
fc155138-c66d-4783-9f9f-4e94013463dd,2026-07-27 07:06:41.669093 UTC,image,,19ce4575-da57-4266-b369-45a3c6d5a80c,6349c602-8d81-4679-af23-39eba475b01f,gender_all_female,United Kingdom
c08e157a-eb75-4ef1-8d93-c823abe844a2,2026-07-27 07:08:17.129144 UTC,image,,19ce4575-da57-4266-b369-45a3c6d5a80c,6349c602-8d81-4679-af23-39eba475b01f,gender_all_female,United Kingdom
9307c009-6ef5-4518-a379-339ef68c8a6a,2025-12-16 12:42:15.804183 UTC,text,hi,a10ce573-91c9-435b-beb4-9a92f7e50ff8,91a4e923-b7c8-4c1f-919a-7cfc0b2167b5,gender_all_male,India
a32ea466-ec19-4669-8924-7526785844cb,2025-12-16 12:44:13.31715 UTC,voice,hi,a10ce573-91c9-435b-beb4-9a92f7e50ff8,91a4e923-b7c8-4c1f-919a-7cfc0b2167b5,gender_all_male,India
698ceb1e-3792-4ca8-a028-85f08873d028,2025-12-16 12:46:10.137852 UTC,voice,hi,a10ce573-91c9-435b-beb4-9a92f7e50ff8,91a4e923-b7c8-4c1f-919a-7cfc0b2167b5,gender_all_male,India
b00e8b9d-e931-4b06-b71e-9d552203188c,2025-01-12 03:06:37.275842 UTC,text,hi,1f924279-e175-489e-93a7-01f316337da8,2dd7f19f-1136-488a-9a75-8fa1ac623105,gender_all_male,India
91051c4c-4e8c-4424-92e8-8427c636a33a,2025-01-12 03:07:08.128603 UTC,text,hi,1f924279-e175-489e-93a7-01f316337da8,2dd7f19f-1136-488a-9a75-8fa1ac623105,gender_all_male,India
dfa71fdc-dd78-4000-8d90-b603095169cb,2025-01-12 03:06:51.207694 UTC,text,hi,1f924279-e175-489e-93a7-01f316337da8,2dd7f19f-1136-488a-9a75-8fa1ac623105,gender_all_male,India
456ce46b-5605-4e14-bcc2-74abd1ad8b91,2025-01-12 03:05:53.420833 UTC,text,hi,1f924279-e175-489e-93a7-01f316337da8,2dd7f19f-1136-488a-9a75-8fa1ac623105,gender_all_male,India
e5d9028e-248e-4162-874a-820049741ff9,2025-01-12 03:06:10.152502 UTC,text,hi,1f924279-e175-489e-93a7-01f316337da8,2dd7f19f-1136-488a-9a75-8fa1ac623105,gender_all_male,India
01137ad7-dcca-4dd7-b58a-d5007d52cc27,2025-12-21 11:11:12.398512 UTC,text,hi,cc5fa930-f4d1-44e4-9b77-79dd0a489d29,b1102515-c70c-4cbb-be6f-8d1dfe85c6c5,,India
d6b53824-a9c7-40e9-a23e-ba45b54914ad,2025-01-12 03:03:26.096463 UTC,text,hi,480cdeb7-8338-4b95-9ee9-8da805d41176,2dd7f19f-1136-488a-9a75-8fa1ac623105,gender_all_male,India
65de0d34-28b5-442d-86b1-021dc60da394,2025-01-12 03:04:09.147135 UTC,text,hi,480cdeb7-8338-4b95-9ee9-8da805d41176,2dd7f19f-1136-488a-9a75-8fa1ac623105,gender_all_male,India
7df41a87-42f7-439c-8f26-b4b4c4dafe82,2025-01-12 03:03:42.889592 UTC,text,hi,480cdeb7-8338-4b95-9ee9-8da805d41176,2dd7f19f-1136-488a-9a75-8fa1ac623105,gender_all_male,India
356b753f-951f-49dd-a1e8-04e7b3aee180,2025-01-12 03:03:56.694237 UTC,text,hi,480cdeb7-8338-4b95-9ee9-8da805d41176,2dd7f19f-1136-488a-9a75-8fa1ac623105,gender_all_male,India
fe2a43f9-601a-450e-a654-3bd310b367c9,2025-12-21 11:12:20.297083 UTC,voice,hi,889b763e-4bef-42da-b1c0-c4f11ac41eae,b1102515-c70c-4cbb-be6f-8d1dfe85c6c5,,India
0e78f1e5-a3f3-4c36-a991-3d9d050db5cb,2025-01-27 05:22:48.539205 UTC,voice,hi,b184ba9d-a65e-43df-bab9-bbb3db270f4d,41ec219b-ebba-4857-aa26-c1a7ed60200b,gender_all_male,India
89bb7c5e-7aef-4398-bcad-8a262e6cd2d5,2025-01-27 05:23:48.613293 UTC,voice,hi,ad131eb1-6958-4876-afb9-1594a2a07728,41ec219b-ebba-4857-aa26-c1a7ed60200b,gender_all_male,India
b3650fc8-bfbf-4d28-86b6-fe95f3d1e523,2025-01-27 05:21:57.473954 UTC,voice,hi,4582f7f2-dc2a-4de6-84b0-1d2009cbcba9,41ec219b-ebba-4857-aa26-c1a7ed60200b,gender_all_male,India
c5c914be-7e5b-4821-9442-a9c2ba7aaccb,2025-12-21 11:14:10.666021 UTC,voice,hi,a7b8209f-6248-439a-b0bc-83a7a6603772,b1102515-c70c-4cbb-be6f-8d1dfe85c6c5,,India
72120180-e3e1-4010-a5e3-439091913165,2025-01-12 03:29:38.635316 UTC,text,hi,b8cf3e15-c1fa-47bb-a630-0e159f3f6400,2dd7f19f-1136-488a-9a75-8fa1ac623105,gender_all_male,India
93bd4c67-da00-47a1-8dd6-731ab343c1bd,2025-01-27 05:22:23.372702 UTC,voice,hi,ef7a19e4-a4bd-455a-9c11-f27bbf01585c,41ec219b-ebba-4857-aa26-c1a7ed60200b,gender_all_male,India
f3e78dcc-67bb-4169-990e-ec805c97f01b,2025-12-21 11:08:56.312492 UTC,text,hi,c0029077-c843-4077-84a6-beb81e730963,b1102515-c70c-4cbb-be6f-8d1dfe85c6c5,,India
868e2e64-9076-45a0-b793-1d1ba00edba8,2025-01-12 03:04:57.090746 UTC,text,hi,0a83008b-f8cf-49eb-ab71-4ffb84552e35,2dd7f19f-1136-488a-9a75-8fa1ac623105,gender_all_male,India
de939c4b-2331-487f-8ccd-21dd37907d04,2025-01-12 03:05:09.07185 UTC,text,hi,0a83008b-f8cf-49eb-ab71-4ffb84552e35,2dd7f19f-1136-488a-9a75-8fa1ac623105,gender_all_male,India
c54dbd66-4c2f-4093-a071-57c59883863a,2025-01-12 03:05:26.932797 UTC,text,hi,0a83008b-f8cf-49eb-ab71-4ffb84552e35,2dd7f19f-1136-488a-9a75-8fa1ac623105,gender_all_male,India
500bbda4-f8c0-4c03-8c90-6e7c9a65f7ed,2025-01-12 03:04:43.869391 UTC,text,hi,0a83008b-f8cf-49eb-ab71-4ffb84552e35,2dd7f19f-1136-488a-9a75-8fa1ac623105,gender_all_male,India
c01e8fd1-0e98-401a-80e8-d306a25947f2,2025-12-21 11:07:30.410723 UTC,text,hi,29ab1bb3-4c4b-4b5f-863f-a74192d5540b,b1102515-c70c-4cbb-be6f-8d1dfe85c6c5,,India
871dce00-e5f3-4742-a90a-50e357d70ef5,2025-01-12 03:07:29.790307 UTC,text,hi,e01668c6-b0d5-4fd7-81c1-501aa3bae62f,2dd7f19f-1136-488a-9a75-8fa1ac623105,gender_all_male,India
8c4bbbf9-c463-476a-9f77-222d66482b17,2025-01-27 05:24:27.74946 UTC,voice,hi,8592791b-0c1d-4cbc-8a44-8a5e847c5bac,41ec219b-ebba-4857-aa26-c1a7ed60200b,gender_all_male,India
395dc8cc-b8b6-49e7-bdf3-582449c561fb,2025-10-11 08:48:33.730002 UTC,text,am,87a67419-e99c-4023-8383-4927f859b019,d3eb8091-e511-4388-ad6f-947e23f19299,,Ethiopia
202757b4-1c39-4e0b-8bf5-495c2f9638b1,2025-12-21 11:08:07.414619 UTC,voice,en,a411236f-bb53-4280-9810-2d6a68a81c2d,b1102515-c70c-4cbb-be6f-8d1dfe85c6c5,,India
8a2f1f8c-bf1f-4032-a27b-f46725f9799e,2025-10-11 08:47:36.348354 UTC,text,am,3e86a5e1-5cd8-443e-ab89-985ae60fe4c2,d3eb8091-e511-4388-ad6f-947e23f19299,,Ethiopia
e2773e29-484a-420f-bf9f-935e9eb93ec5,2025-12-21 11:17:09.892509 UTC,text,mr,d97b6294-a195-43fa-9ba8-ea88c3e682d7,b1102515-c70c-4cbb-be6f-8d1dfe85c6c5,,India
0ba2f738-216a-4845-ae24-6abe3230fc7a,2025-12-21 11:15:58.175065 UTC,text,hi,d97b6294-a195-43fa-9ba8-ea88c3e682d7,b1102515-c70c-4cbb-be6f-8d1dfe85c6c5,,India
57690032-1e0b-4999-ac39-197e9ce3694d,2025-12-21 11:14:56.786996 UTC,voice,hi,d97b6294-a195-43fa-9ba8-ea88c3e682d7,b1102515-c70c-4cbb-be6f-8d1dfe85c6c5,,India
db10c0fe-fffd-4da8-9943-4113d9e70799,2025-01-27 05:23:16.913391 UTC,voice,hi,fe604a88-4546-4e5f-adbe-e05d82bbd1c8,41ec219b-ebba-4857-aa26-c1a7ed60200b,gender_all_male,India
956d59ac-24a8-4802-a7d7-2caca15662f8,2024-12-27 04:00:29.939794 UTC,text,hi,cdd3e194-0af8-449a-bbc9-564fd72d7bbd,4a8dfa73-abf6-4de4-af12-a37bcd94f3a9,gender_all_male,India
2d4e2aba-3264-4a33-a8dd-9cfd9f47f1aa,2024-12-27 04:00:16.692733 UTC,text,hi,cdd3e194-0af8-449a-bbc9-564fd72d7bbd,4a8dfa73-abf6-4de4-af12-a37bcd94f3a9,gender_all_male,India
9ca3c85b-7247-49d0-bf03-923f5b514bb8,2024-12-27 03:59:39.463216 UTC,text,hi-Latn,cdd3e194-0af8-449a-bbc9-564fd72d7bbd,4a8dfa73-abf6-4de4-af12-a37bcd94f3a9,gender_all_male,India
6b75b2fc-802e-4fa5-bcc4-ac082fea2cb5,2024-12-27 04:01:09.709283 UTC,text,hi,cdd3e194-0af8-449a-bbc9-564fd72d7bbd,4a8dfa73-abf6-4de4-af12-a37bcd94f3a9,gender_all_male,India
ec219673-27cb-4c4f-b948-0e81dc190ec4,2024-12-27 03:59:52.627243 UTC,text,hi,cdd3e194-0af8-449a-bbc9-564fd72d7bbd,4a8dfa73-abf6-4de4-af12-a37bcd94f3a9,gender_all_male,India
4fb0a7af-c14d-4645-a16a-0f238657286e,2024-12-27 04:01:22.691718 UTC,text,hi,cdd3e194-0af8-449a-bbc9-564fd72d7bbd,4a8dfa73-abf6-4de4-af12-a37bcd94f3a9,gender_all_male,India
f1e12c6b-cd21-4dc1-bbbf-155870a0cff4,2024-12-27 04:00:03.374984 UTC,text,hi,cdd3e194-0af8-449a-bbc9-564fd72d7bbd,4a8dfa73-abf6-4de4-af12-a37bcd94f3a9,gender_all_male,India
e3248cc2-4499-4eb7-b78e-15b1c96c6c47,2024-12-27 04:00:57.564675 UTC,text,hi,cdd3e194-0af8-449a-bbc9-564fd72d7bbd,4a8dfa73-abf6-4de4-af12-a37bcd94f3a9,gender_all_male,India
438505d2-f3b5-4149-bae7-b9c1b990d77c,2024-12-27 04:00:43.443572 UTC,text,hi,cdd3e194-0af8-449a-bbc9-564fd72d7bbd,4a8dfa73-abf6-4de4-af12-a37bcd94f3a9,gender_all_male,India
72323b94-44a7-4e2c-9917-8415f6268f78,2025-01-01 01:47:19.256477 UTC,text,hi,29ee6242-8775-4f3b-8af8-ce8361e72a8a,4a8dfa73-abf6-4de4-af12-a37bcd94f3a9,gender_all_male,India
a45efe57-3e85-4b72-af3a-e4bf476da3db,2025-12-19 14:51:36.964962 UTC,text,hi,2af45550-1937-4025-aef7-d0c9f899a143,628c7e83-1dc6-48b8-84e1-4c0182045e5b,,India
5598ce2f-2438-46b7-b8bb-4f585ba3b069,2026-08-10 19:00:27.632528 UTC,text,,115ebe71-290b-4daf-9545-a60e0796d0ae,14b9731a-83c7-41b8-8c7f-717463d77b8f,gender_all_male,Ethiopia
22494983-0485-47e1-9ba8-77d9d2298be4,2026-08-10 19:02:45.728265 UTC,text,om,bc432ccc-eea3-4ea4-8c80-94afbfe1f070,14b9731a-83c7-41b8-8c7f-717463d77b8f,gender_all_male,Ethiopia
2dbb079c-b477-4ec9-96a8-e70fcea849f1,2026-08-10 19:00:49.908565 UTC,text,,bc432ccc-eea3-4ea4-8c80-94afbfe1f070,14b9731a-83c7-41b8-8c7f-717463d77b8f,gender_all_male,Ethiopia
c20e38c2-5499-42b0-82c3-079997a1eb72,2026-07-07 17:23:08.643438 UTC,text,en,6d866d58-af59-4797-ad5b-baa46584edc9,440ce57b-3e18-46d2-9987-0e61a18125c0,,Kenya
dba6affd-32c2-4fba-bdb2-87b057338edc,2026-06-11 02:46:59.481399 UTC,image,,5fec473c-f41e-4d9f-afa5-91ff7e824c07,f7ecda98-a2a4-46ac-83f7-5f5b4d2decef,gender_all_male,India
bdbf9ac7-2942-4ba9-99d5-f9f1b28b4572,2026-06-11 02:47:59.616271 UTC,image,,5fec473c-f41e-4d9f-afa5-91ff7e824c07,f7ecda98-a2a4-46ac-83f7-5f5b4d2decef,gender_all_male,India
4f6b549e-53fb-46d4-bdb5-71cae24ab663,2026-06-11 02:49:07.887372 UTC,text,hi,5fec473c-f41e-4d9f-afa5-91ff7e824c07,f7ecda98-a2a4-46ac-83f7-5f5b4d2decef,gender_all_male,India
49c215d8-30ce-4725-b341-5ed33eda4c75,2026-06-22 11:22:58.578758 UTC,text,am,4486171a-02d6-4428-9138-4f0a051945c1,e6c94aa6-49a3-48a9-bb80-abcb25fd4ee0,gender_all_male,Ethiopia
55471228-8b42-4e79-bc3e-3b548083fe42,2026-05-01 14:09:34.226064 UTC,text,am,0e07b2be-1a31-48b2-8751-11e440077b0c,f0149724-4c60-4bad-9666-a91a5ad15ac5,,Ethiopia
8393e5e9-2c45-4842-b0e3-6ca6e4e6081a,2026-06-22 11:20:36.969141 UTC,voice,am,943c1b36-9cbe-4e34-8237-6c0c91b982b6,e6c94aa6-49a3-48a9-bb80-abcb25fd4ee0,gender_all_male,Ethiopia
9f36ea07-dc66-44f3-9182-41e445fa98de,2026-06-22 11:20:00.48824 UTC,text,,943c1b36-9cbe-4e34-8237-6c0c91b982b6,e6c94aa6-49a3-48a9-bb80-abcb25fd4ee0,gender_all_male,Ethiopia
28382604-e6e9-4ad5-bb6a-908fe21f42ce,2025-11-03 10:41:03.521544 UTC,text,am,1904297f-235e-4396-9e38-68bdef5ebaeb,ed3a1ff4-1399-4872-aec3-57348665d8c1,gender_all_male,Ethiopia
e6664f9d-1538-40b4-b0fa-9890ca1ab454,2026-06-23 09:35:46.549555 UTC,text,en,6fdc1ea3-c74b-4d6c-85a4-3efd88353d74,75d9dcd9-b73e-4b4e-9c0b-1069832f6c14,,Kenya
613e85a4-f663-45fd-9014-f4cb012c510a,2025-11-13 00:19:46.32908 UTC,text,hi,2f9b455a-da31-40cf-baef-28188bfc5330,0fe7407f-2312-48e6-920a-5f632ae6afd9,,India
6158b6a7-60de-4cc1-bf9b-26d01c66866a,2025-01-31 12:20:47.902732 UTC,text,hi,c458d713-6f77-4288-b69e-d48ad13a6bc9,ebcaa565-9a99-4fde-ba26-1e0991dabd8b,,India
44329435-954d-41d4-be55-3c58c2920ce7,2025-01-31 12:21:08.423821 UTC,text,hi,c458d713-6f77-4288-b69e-d48ad13a6bc9,ebcaa565-9a99-4fde-ba26-1e0991dabd8b,,India
7c61afd8-a30f-4dd0-9e93-b48a6c00e9bb,2025-01-31 12:21:30.256277 UTC,text,hi,c458d713-6f77-4288-b69e-d48ad13a6bc9,ebcaa565-9a99-4fde-ba26-1e0991dabd8b,,India
0c8b5857-4638-4310-b815-08a315e52ab0,2025-01-31 12:22:18.264722 UTC,text,hi,c458d713-6f77-4288-b69e-d48ad13a6bc9,ebcaa565-9a99-4fde-ba26-1e0991dabd8b,,India
f11c9b87-24c8-4e79-96b9-3160c27de3a2,2025-01-31 12:21:52.077559 UTC,text,hi,c458d713-6f77-4288-b69e-d48ad13a6bc9,ebcaa565-9a99-4fde-ba26-1e0991dabd8b,,India
ef01e1a9-9158-4aef-a6ef-d16e5781e70f,2025-04-25 06:52:50.099533 UTC,text,te-Latn,c84e848e-24ba-4d98-8630-11b854217ea8,78925603-9ffa-4282-9341-9100b5b475cc,gender_all_male,India
47fc9bf1-eed0-4704-b49f-620b6fadc6bd,2026-06-22 09:11:58.174799 UTC,text,en,6e72b173-998d-4ea7-b4ed-3d747494efc8,75d9dcd9-b73e-4b4e-9c0b-1069832f6c14,,Kenya
a578535f-193c-4d1b-bca9-dce094916daa,2026-06-28 08:50:52.941351 UTC,text,en,e18cc9ee-4d19-4e48-89ce-4e0fc0798b9e,75d9dcd9-b73e-4b4e-9c0b-1069832f6c14,,Kenya
b46c83da-3e31-4773-b754-3e0202c0ab4c,2025-11-03 10:26:03.904239 UTC,text,am,40812dbc-3153-4000-a319-e4c4c004600b,ed3a1ff4-1399-4872-aec3-57348665d8c1,gender_all_male,Ethiopia
e6f93168-7dd9-4eed-a708-0466ed9f9114,2026-06-15 07:47:23.552751 UTC,text,en,c0d6467d-3280-467d-9064-13e07a332368,e50d9631-db59-4a32-80d3-80aa89a7160c,,India
e46cb30d-d3e1-4374-9d1d-e4f78db9f875,2026-06-15 07:47:40.524303 UTC,text,en,c0d6467d-3280-467d-9064-13e07a332368,e50d9631-db59-4a32-80d3-80aa89a7160c,,India
35e4c3c1-59a2-4005-8f5c-9bd333fbf6f0,2026-04-15 22:29:29.614747 UTC,text,en,1c5c48fe-a8dd-4b64-a50e-640821ca5b48,67ea9d6b-28a4-4b70-99e2-834ce3ade9c3,,India
4925df46-c12f-41f6-a160-c6fff4765254,2026-04-15 22:29:53.408799 UTC,text,en,1c5c48fe-a8dd-4b64-a50e-640821ca5b48,67ea9d6b-28a4-4b70-99e2-834ce3ade9c3,,India
80fced79-916a-4ebc-ac8e-3075aa67c9c3,2026-08-06 11:41:15.371332 UTC,text,,b2c61b76-58f4-4dba-9547-c59d2fcdc307,2a1a605a-eca0-4d5f-9a93-4f74cd97f6cb,,Ethiopia
4dd17ec8-4a81-4fe4-a2eb-5a926f7c0379,2026-04-15 22:30:35.22388 UTC,text,en,1c5c48fe-a8dd-4b64-a50e-640821ca5b48,67ea9d6b-28a4-4b70-99e2-834ce3ade9c3,,India
640dd736-83c1-46e8-b76f-88b14fe139bc,2026-04-15 22:31:17.520479 UTC,text,en,1c5c48fe-a8dd-4b64-a50e-640821ca5b48,67ea9d6b-28a4-4b70-99e2-834ce3ade9c3,,India
c2bc0d47-9dee-4378-a404-282259a0a3fe,2025-03-18 07:58:26.086305 UTC,text,am,27c9f1d6-b564-4af3-99a4-488f0f93d0d4,d67e1afc-d650-47a8-a7ac-1b09395af6c0,gender_all_male,Ethiopia
f29dff0a-1cb0-4fae-a434-b7336e299952,2025-03-18 08:03:09.131706 UTC,text,am,a52392e9-e0d2-4a87-8a61-0763b8a99fe2,d67e1afc-d650-47a8-a7ac-1b09395af6c0,gender_all_male,Ethiopia
9f00804d-f31e-4327-bc19-43a388ef40a2,2026-08-08 08:25:30.477839 UTC,text,en,bb40af0a-8aee-48f6-8f17-6eecca80da14,be75ec38-e7c1-4561-8924-1ac142031da1,gender_all_male,Nigeria
e6bf0ad3-6740-4405-9b39-4e81df9bd891,2026-08-08 08:25:51.217083 UTC,text,en,aece5c38-650e-49a8-a154-fc760936b515,be75ec38-e7c1-4561-8924-1ac142031da1,gender_all_male,Nigeria
de87bcae-df30-4eb5-84b5-6aa994924dce,2026-08-08 08:25:36.011516 UTC,text,en,aece5c38-650e-49a8-a154-fc760936b515,be75ec38-e7c1-4561-8924-1ac142031da1,gender_all_male,Nigeria
9f9209de-c992-4134-85e1-d24c28845d53,2026-04-15 22:27:16.766542 UTC,text,en,1ac6c3e8-3418-44b0-9316-2ee4fa00770e,67ea9d6b-28a4-4b70-99e2-834ce3ade9c3,,India
f6561965-e5a8-4ef2-95d8-0c37dd0089d6,2026-04-15 22:27:40.549656 UTC,text,en,1ac6c3e8-3418-44b0-9316-2ee4fa00770e,67ea9d6b-28a4-4b70-99e2-834ce3ade9c3,,India
44d325d3-dc14-4bfe-a163-d095e50370cd,2026-04-15 22:28:09.52173 UTC,text,en,1ac6c3e8-3418-44b0-9316-2ee4fa00770e,67ea9d6b-28a4-4b70-99e2-834ce3ade9c3,,India
7f5f5562-c2c3-48ac-8917-8b2658de11b7,2026-04-05 10:00:00.255172 UTC,text,om,76ef8ac4-853a-4be8-889c-603133977e3f,53f6f9b3-7618-4673-a519-7283a3db6792,gender_all_male,Ethiopia
72041029-50fa-47bb-b411-7049a3352c95,2026-04-05 09:57:46.068234 UTC,text,,76ef8ac4-853a-4be8-889c-603133977e3f,53f6f9b3-7618-4673-a519-7283a3db6792,gender_all_male,Ethiopia
a02f0b5f-5641-46a9-a0bd-348f797794e7,2026-08-06 11:36:32.919923 UTC,text,am,b8acbd15-4627-4be2-9428-694efac1060a,2a1a605a-eca0-4d5f-9a93-4f74cd97f6cb,,Ethiopia
541a0589-a0b8-45c3-8357-ca8086c0aad4,2024-12-13 00:23:30.061788 UTC,text,hi,81a08084-99e5-48cc-a7bf-afd15e9379bf,a0db1ec1-d4d8-45ba-81a2-7fa5a5531829,gender_all_male,India
b664ba62-2255-43d8-ac26-25915a66c63d,2026-04-05 09:55:56.995902 UTC,text,om,965fa9b0-bee9-45b2-89c8-d96f70b15b90,53f6f9b3-7618-4673-a519-7283a3db6792,gender_all_male,Ethiopia
fc198143-5876-425a-b916-1235ebac9b4d,2026-07-07 15:54:21.177412 UTC,text,en,6d6f1cc9-7747-4263-aeeb-eaef22032826,667b80c6-111a-4057-af90-b27de4d3a7b4,gender_all_male,Kenya
47bca1ca-6f8b-443c-8102-3bb42f606a94,2025-03-18 08:00:10.204831 UTC,text,am,bba69b88-4170-4033-9748-55db46b97641,d67e1afc-d650-47a8-a7ac-1b09395af6c0,gender_all_male,Ethiopia
4d5a4b5d-96e5-4446-b11c-67356cee61fe,2026-08-08 08:26:08.498646 UTC,text,en,3312d715-4ef0-4679-8a5a-513d0b33a89e,be75ec38-e7c1-4561-8924-1ac142031da1,gender_all_male,Nigeria
73c612fe-eafb-4335-ac1e-386f3cf56e8d,2026-04-15 22:28:41.964258 UTC,text,en,ead0d02a-ba62-4d92-a3d7-2af094b32bbc,67ea9d6b-28a4-4b70-99e2-834ce3ade9c3,,India
cf4922bd-391b-4728-8dca-72a8724e492f,2026-04-15 22:28:16.118353 UTC,text,en,ead0d02a-ba62-4d92-a3d7-2af094b32bbc,67ea9d6b-28a4-4b70-99e2-834ce3ade9c3,,India
d1a640a0-da55-4cbc-8922-2f9d19d595a2,2026-04-15 22:29:15.887176 UTC,text,en,ead0d02a-ba62-4d92-a3d7-2af094b32bbc,67ea9d6b-28a4-4b70-99e2-834ce3ade9c3,,India
2cc24904-a413-4ac5-974a-687e7f9d0ad9,2026-04-29 08:55:22.213066 UTC,text,om,e54f2c24-1428-42bd-8643-9e26c1296183,53f6f9b3-7618-4673-a519-7283a3db6792,gender_all_male,Ethiopia
2a636907-b578-4542-8c94-d87efe19adfd,2026-08-06 11:41:54.800461 UTC,text,,ab6568e2-225a-4281-afba-a5b32624b55a,2a1a605a-eca0-4d5f-9a93-4f74cd97f6cb,,Ethiopia
16c00525-ed72-41d0-93fe-04d074eefba6,2026-04-27 09:42:18.189119 UTC,text,om,29793960-deb3-4987-9cf0-d9a918e5536e,53f6f9b3-7618-4673-a519-7283a3db6792,gender_all_male,Ethiopia
fd369f45-ed45-48a9-96de-5489d0e56d92,2026-04-05 10:13:55.400448 UTC,text,la,fd940797-420c-470f-8b45-074d61d72cff,53f6f9b3-7618-4673-a519-7283a3db6792,gender_all_male,Ethiopia
cfbb4a67-322c-400e-9abb-cf61f5453adc,2026-04-05 10:15:54.043374 UTC,text,co,fd940797-420c-470f-8b45-074d61d72cff,53f6f9b3-7618-4673-a519-7283a3db6792,gender_all_male,Ethiopia
dd74ca18-5345-41b7-b221-988b9171bbab,2025-03-18 07:58:09.58516 UTC,text,am,e4545c6d-ebd1-469a-b776-dfa2ef91af16,d67e1afc-d650-47a8-a7ac-1b09395af6c0,gender_all_male,Ethiopia
480509b0-4837-470a-bee7-38664b6f9150,2026-04-27 09:33:46.040779 UTC,text,om,6f8d1e93-38ad-49f4-bd8f-823af4631293,53f6f9b3-7618-4673-a519-7283a3db6792,gender_all_male,Ethiopia
9770e58c-1213-414a-927d-0c81b8d5357c,2026-08-06 11:41:40.667443 UTC,text,,99cd21fa-861d-4e19-ae86-f556082b914b,2a1a605a-eca0-4d5f-9a93-4f74cd97f6cb,,Ethiopia
28fa8acd-cdba-4335-b23f-fbce73b36f23,2025-03-18 08:01:21.543409 UTC,text,am,3ea64c12-9c48-4127-a6a9-849fab24250a,d67e1afc-d650-47a8-a7ac-1b09395af6c0,gender_all_male,Ethiopia
01ad2c30-6e00-4af3-ae6b-4412b7d02d3d,2026-08-06 11:35:16.682877 UTC,text,am,1278a0f8-af6b-4995-ac86-01aacfc9f6b4,2a1a605a-eca0-4d5f-9a93-4f74cd97f6cb,,Ethiopia
06dc2a91-2dd0-4b0c-afbd-48ac7fda1235,2026-08-06 11:37:15.143675 UTC,text,am,5d63f9c8-6f64-49c2-961f-4a8877cfbdd8,2a1a605a-eca0-4d5f-9a93-4f74cd97f6cb,,Ethiopia
22ab34e5-822d-4efb-abe0-594d3ac21ff9,2026-08-06 11:34:45.103876 UTC,text,am,e953aa27-f03c-43a9-b8fd-bfb57d6508fb,2a1a605a-eca0-4d5f-9a93-4f74cd97f6cb,,Ethiopia
8dc7fb31-7fa4-4844-8403-60bec8338795,2026-04-15 22:23:44.926083 UTC,text,en,9a0795ca-daad-457c-9bdb-2cdbd1528497,67ea9d6b-28a4-4b70-99e2-834ce3ade9c3,,India
fe5a1fac-db63-4e33-ae92-6286c751199a,2025-03-18 07:58:39.532468 UTC,text,am,18930130-bef0-4479-a501-ae91ff53b9ee,d67e1afc-d650-47a8-a7ac-1b09395af6c0,gender_all_male,Ethiopia
ff7b691d-46df-429d-a103-898f84ffd047,2026-04-15 22:22:39.30088 UTC,text,en,9a0795ca-daad-457c-9bdb-2cdbd1528497,67ea9d6b-28a4-4b70-99e2-834ce3ade9c3,,India
6b0831b3-f4ea-455f-9826-22338cf10f3d,2026-03-17 08:34:59.229802 UTC,text,,1377866a-ab84-403f-8501-5fd5249ee8b2,667b80c6-111a-4057-af90-b27de4d3a7b4,gender_all_male,Kenya
847534c8-b9a2-4f81-8d3e-67d1ccdec61f,2026-03-17 08:42:10.641805 UTC,text,en,1377866a-ab84-403f-8501-5fd5249ee8b2,667b80c6-111a-4057-af90-b27de4d3a7b4,gender_all_male,Kenya
313f13d7-910f-4b15-9e9a-c440ee4b2409,2026-03-17 08:35:36.272484 UTC,text,en,1377866a-ab84-403f-8501-5fd5249ee8b2,667b80c6-111a-4057-af90-b27de4d3a7b4,gender_all_male,Kenya
bd10d983-9c3f-4872-8aed-d9b6f759cecb,2026-04-05 10:12:09.044855 UTC,text,om,5bdf8f92-d909-4c23-85ef-589a5e0fe8d6,53f6f9b3-7618-4673-a519-7283a3db6792,gender_all_male,Ethiopia
485cf0d0-bb12-4d6b-8dd3-f44f7f1c6c4d,2026-04-05 10:13:29.983584 UTC,text,om,5bdf8f92-d909-4c23-85ef-589a5e0fe8d6,53f6f9b3-7618-4673-a519-7283a3db6792,gender_all_male,Ethiopia
54edfbd7-81f8-43f4-b5be-c43fcea70bcc,2026-08-06 11:41:19.09838 UTC,text,am,59375e29-f93c-4936-8673-d5f7a772814c,2a1a605a-eca0-4d5f-9a93-4f74cd97f6cb,,Ethiopia
5cb82350-2284-458a-95f1-ad9dbad74556,2026-08-06 11:37:23.80411 UTC,text,am,7ca418db-ffc7-4708-94da-f59e9d650295,2a1a605a-eca0-4d5f-9a93-4f74cd97f6cb,,Ethiopia
98e7fec9-21f4-4a58-986f-dbce35862995,2026-08-06 11:37:26.774612 UTC,text,am,7ca418db-ffc7-4708-94da-f59e9d650295,2a1a605a-eca0-4d5f-9a93-4f74cd97f6cb,,Ethiopia
275d11ce-ea27-4edb-a7ef-9cdfb985f3c6,2026-04-20 17:16:28.144423 UTC,text,om,93670a1b-4957-4c34-a2dc-17e964b6e08b,53f6f9b3-7618-4673-a519-7283a3db6792,gender_all_male,Ethiopia
d1e90aca-d730-48df-b1d1-ba5ae738c45e,2024-12-06 10:03:41.653287 UTC,image,,ccf2b0ae-4fe4-41df-93be-99f484c6f16a,a0db1ec1-d4d8-45ba-81a2-7fa5a5531829,gender_all_male,India
6a6b408e-2672-4a16-8a0f-b8de0d4168fc,2024-12-06 10:04:33.45703 UTC,image,,ccf2b0ae-4fe4-41df-93be-99f484c6f16a,a0db1ec1-d4d8-45ba-81a2-7fa5a5531829,gender_all_male,India
955fc2da-a71c-46ff-931a-28e6741f35fc,2026-04-27 09:32:43.197205 UTC,text,om,fedb2162-2df1-486f-8149-861378327096,53f6f9b3-7618-4673-a519-7283a3db6792,gender_all_male,Ethiopia
223b5caf-a577-4cc3-baaf-7d6f771ed491,2026-04-27 09:31:04.091599 UTC,text,om,fedb2162-2df1-486f-8149-861378327096,53f6f9b3-7618-4673-a519-7283a3db6792,gender_all_male,Ethiopia
55af532f-27de-405b-adf2-ace3e1adb04b,2026-04-15 22:31:50.92621 UTC,text,en,56e4abb6-0758-4f63-8204-a06f1bff4fd0,67ea9d6b-28a4-4b70-99e2-834ce3ade9c3,,India
029480bf-f3b5-4933-a41c-6c6b1d1eb577,2026-04-15 22:36:40.176596 UTC,text,en,56e4abb6-0758-4f63-8204-a06f1bff4fd0,67ea9d6b-28a4-4b70-99e2-834ce3ade9c3,,India
fc55fdfe-e106-45b6-98a4-4f3bed898e54,2026-04-15 22:36:14.966513 UTC,text,en,56e4abb6-0758-4f63-8204-a06f1bff4fd0,67ea9d6b-28a4-4b70-99e2-834ce3ade9c3,,India
49c7b227-69dc-41a5-ae7f-f8ea077455f8,2026-04-15 22:34:18.538566 UTC,text,en,56e4abb6-0758-4f63-8204-a06f1bff4fd0,67ea9d6b-28a4-4b70-99e2-834ce3ade9c3,,India
4a2280ef-a68a-4aca-b7d1-3cff7a48de1e,2026-04-15 22:33:26.716226 UTC,text,en,56e4abb6-0758-4f63-8204-a06f1bff4fd0,67ea9d6b-28a4-4b70-99e2-834ce3ade9c3,,India
14fa7f24-a02a-442a-9325-edab225a9fb2,2026-04-15 22:31:25.102464 UTC,text,en,56e4abb6-0758-4f63-8204-a06f1bff4fd0,67ea9d6b-28a4-4b70-99e2-834ce3ade9c3,,India
976d0d14-2d38-4e5b-98ac-12368d10caa5,2026-04-15 22:35:02.285125 UTC,text,en,56e4abb6-0758-4f63-8204-a06f1bff4fd0,67ea9d6b-28a4-4b70-99e2-834ce3ade9c3,,India
7c9f0eff-e7f4-411c-9b7f-9d22427d25a9,2026-04-15 22:37:26.882161 UTC,text,en,56e4abb6-0758-4f63-8204-a06f1bff4fd0,67ea9d6b-28a4-4b70-99e2-834ce3ade9c3,,India
4151dcb7-d7b7-47e5-b1b5-94e2a8acaf99,2026-04-15 22:37:55.334443 UTC,text,en,56e4abb6-0758-4f63-8204-a06f1bff4fd0,67ea9d6b-28a4-4b70-99e2-834ce3ade9c3,,India
d4c36fb7-28aa-45fb-befd-4ce3346679ae,2026-04-15 22:32:57.598311 UTC,text,en,56e4abb6-0758-4f63-8204-a06f1bff4fd0,67ea9d6b-28a4-4b70-99e2-834ce3ade9c3,,India
8ef1c61b-2b0d-488e-8c13-c50602c0c062,2026-04-15 22:35:27.627802 UTC,text,en,56e4abb6-0758-4f63-8204-a06f1bff4fd0,67ea9d6b-28a4-4b70-99e2-834ce3ade9c3,,India
781ec041-6965-45cb-868a-efd6f54f6c04,2026-04-15 22:33:52.680919 UTC,text,en,56e4abb6-0758-4f63-8204-a06f1bff4fd0,67ea9d6b-28a4-4b70-99e2-834ce3ade9c3,,India
09b7c425-b0d6-4938-ad8c-a0f649297864,2026-04-15 22:34:40.543383 UTC,text,en,56e4abb6-0758-4f63-8204-a06f1bff4fd0,67ea9d6b-28a4-4b70-99e2-834ce3ade9c3,,India
4500ce0d-c1bb-4abf-87f1-2291d2cc7495,2026-04-15 22:35:49.648859 UTC,text,en,56e4abb6-0758-4f63-8204-a06f1bff4fd0,67ea9d6b-28a4-4b70-99e2-834ce3ade9c3,,India
e9138755-dd2d-452f-a128-a2425515f2ad,2026-04-15 22:37:01.013037 UTC,text,en,56e4abb6-0758-4f63-8204-a06f1bff4fd0,67ea9d6b-28a4-4b70-99e2-834ce3ade9c3,,India
5725b74a-929d-40e2-9da7-0b5914dfd02c,2026-04-15 22:32:10.889046 UTC,text,en,56e4abb6-0758-4f63-8204-a06f1bff4fd0,67ea9d6b-28a4-4b70-99e2-834ce3ade9c3,,India
abbef590-d96c-4642-96b2-0c45178c9194,2026-04-29 18:52:41.189199 UTC,text,om,2e4ddb39-da32-40b1-8fe2-4296809896b8,53f6f9b3-7618-4673-a519-7283a3db6792,gender_all_male,Ethiopia
3008ed5f-64aa-4400-9200-da7cdfcb6a42,2026-04-29 18:48:28.362536 UTC,text,om,2e4ddb39-da32-40b1-8fe2-4296809896b8,53f6f9b3-7618-4673-a519-7283a3db6792,gender_all_male,Ethiopia
cd5d2466-6095-4b37-8526-602df5e0db13,2026-04-29 18:50:15.947745 UTC,voice,om,2e4ddb39-da32-40b1-8fe2-4296809896b8,53f6f9b3-7618-4673-a519-7283a3db6792,gender_all_male,Ethiopia
00d0bd35-46d3-4cd9-9bbe-ab50c5b9b2fe,2026-08-06 11:35:33.830069 UTC,text,,7ec8cca4-2b91-4e99-9d5e-6bf462ee3c61,2a1a605a-eca0-4d5f-9a93-4f74cd97f6cb,,Ethiopia
aa5f56bf-4326-4884-8be0-ac3b2dde7e9d,2025-01-22 12:05:40.122838 UTC,voice,hi,627c26e6-67fd-434c-a376-83a2037020ef,98d6f0b9-0b45-4053-a509-a493f13e1a3b,gender_all_male,India
7c335a35-1360-4345-aafd-85a5d6927119,2025-03-18 07:59:07.831427 UTC,text,am,81f08cf8-a13e-4947-91aa-e42fd669fe5d,d67e1afc-d650-47a8-a7ac-1b09395af6c0,gender_all_male,Ethiopia
2b598c79-f871-4684-837e-9882cacf9654,2026-04-27 09:45:15.07548 UTC,text,om,694fdfc5-94d7-4f21-a09a-b6430e5f7540,53f6f9b3-7618-4673-a519-7283a3db6792,gender_all_male,Ethiopia
5a942e4c-bdea-4920-9cce-b40a85c3eafc,2026-04-16 21:45:53.785872 UTC,text,en,3ce233dc-311d-4908-85b4-60587d765c3b,67ea9d6b-28a4-4b70-99e2-834ce3ade9c3,,India
666a8cff-77de-4366-98f5-1816a5a0b8ab,2026-03-17 08:47:12.055117 UTC,text,en,15d9465b-86b7-4e11-80c2-6bbf1342a44b,667b80c6-111a-4057-af90-b27de4d3a7b4,gender_all_male,Kenya
55894fd7-cab9-4423-89a4-6c8303392a0a,2025-01-22 12:03:03.661121 UTC,voice,hi,80df739b-4781-4267-9bbb-2a51458dbc9b,98d6f0b9-0b45-4053-a509-a493f13e1a3b,gender_all_male,India
7987f7bb-c056-40ef-812d-17e85a049a76,2025-01-22 12:04:30.793852 UTC,text,hi,80df739b-4781-4267-9bbb-2a51458dbc9b,98d6f0b9-0b45-4053-a509-a493f13e1a3b,gender_all_male,India
20ebdc92-5999-412e-a038-1c2887bfc69b,2025-01-22 12:04:09.507631 UTC,text,hi,80df739b-4781-4267-9bbb-2a51458dbc9b,98d6f0b9-0b45-4053-a509-a493f13e1a3b,gender_all_male,India
64aa5719-c1b5-48b1-8199-d4d0f80f96ab,2025-01-22 12:04:55.563975 UTC,text,hi,80df739b-4781-4267-9bbb-2a51458dbc9b,98d6f0b9-0b45-4053-a509-a493f13e1a3b,gender_all_male,India
f5b3b4b9-804d-4218-94af-1446ca0a7a03,2025-01-22 12:03:22.585433 UTC,text,hi,80df739b-4781-4267-9bbb-2a51458dbc9b,98d6f0b9-0b45-4053-a509-a493f13e1a3b,gender_all_male,India
39622652-12a8-4ea4-92b2-3a3eb2f80546,2025-01-22 12:03:44.144638 UTC,voice,hi,80df739b-4781-4267-9bbb-2a51458dbc9b,98d6f0b9-0b45-4053-a509-a493f13e1a3b,gender_all_male,India
0a57e363-afe4-48bd-a54a-0799be1d2042,2025-01-03 01:27:20.936971 UTC,text,hi,c2d19134-23ff-49b6-a3e5-9ea00eda8cb5,a0db1ec1-d4d8-45ba-81a2-7fa5a5531829,gender_all_male,India
005dd6cf-0bd5-4186-b4e8-3a12f431d9a3,2026-04-29 08:55:53.795236 UTC,voice,om,6245199d-290d-44cc-bf60-734bf4e0b3d4,53f6f9b3-7618-4673-a519-7283a3db6792,gender_all_male,Ethiopia
834445a2-2664-4349-a711-e1277165b792,2026-03-17 08:25:31.554861 UTC,text,,b0c380be-080e-4c8a-afb0-17da50568459,667b80c6-111a-4057-af90-b27de4d3a7b4,gender_all_male,Kenya
615b2a52-2b08-476b-a742-d69b0e3205fb,2025-03-18 07:58:53.178886 UTC,text,am,e0220368-2089-4155-b7d2-627d7b552a68,d67e1afc-d650-47a8-a7ac-1b09395af6c0,gender_all_male,Ethiopia
05ee8c91-cd48-4a84-b08a-68bdcf141abd,2026-04-15 22:38:39.53766 UTC,text,en,7278d453-b4e4-44d3-be55-60bf0974edb1,67ea9d6b-28a4-4b70-99e2-834ce3ade9c3,,India
2f20da87-8e09-4ea5-a978-20a966ef7d71,2026-03-17 09:22:52.689779 UTC,text,en,264f5b2a-487e-49cf-adf4-889d9eb3d586,667b80c6-111a-4057-af90-b27de4d3a7b4,gender_all_male,Kenya
17e2ba93-d77e-4355-9b56-cab159943496,2025-01-05 01:42:36.31832 UTC,text,hi,a5c27fb4-c16a-4d97-bc83-0c408bd42412,a0db1ec1-d4d8-45ba-81a2-7fa5a5531829,gender_all_male,India
bd10a973-8ce9-40f6-b08d-c5806b0406ef,2026-04-15 22:25:02.793057 UTC,text,en,342c6fea-7f0e-48ce-8d56-c208a906ef76,67ea9d6b-28a4-4b70-99e2-834ce3ade9c3,,India
fcd88eef-f505-420c-86d6-1601748d02c0,2026-04-15 22:27:10.199357 UTC,text,en,342c6fea-7f0e-48ce-8d56-c208a906ef76,67ea9d6b-28a4-4b70-99e2-834ce3ade9c3,,India
20b84c9c-2105-4261-8538-7d9264fc42b7,2026-04-15 22:26:01.397266 UTC,text,en,342c6fea-7f0e-48ce-8d56-c208a906ef76,67ea9d6b-28a4-4b70-99e2-834ce3ade9c3,,India
d9fd7c2e-1ccb-471d-888c-dd87b9a97eb8,2026-04-15 22:26:41.818877 UTC,text,en,342c6fea-7f0e-48ce-8d56-c208a906ef76,67ea9d6b-28a4-4b70-99e2-834ce3ade9c3,,India
7723c197-17d6-47ee-86e0-bfa6887785d6,2026-04-15 22:24:54.031743 UTC,text,en,fd139cd3-a929-4529-9c7c-26d18b6af510,67ea9d6b-28a4-4b70-99e2-834ce3ade9c3,,India
70cd7285-0551-4e14-8579-831d667df5a4,2026-04-15 22:24:00.791219 UTC,text,en,fd139cd3-a929-4529-9c7c-26d18b6af510,67ea9d6b-28a4-4b70-99e2-834ce3ade9c3,,India
fc21bd16-8fcc-4491-87f5-31ab47e832cf,2026-03-17 08:20:49.841285 UTC,text,,fa188160-0d93-44cb-8e84-fd10a7ca40b7,667b80c6-111a-4057-af90-b27de4d3a7b4,gender_all_male,Kenya
71040b6b-4eb1-42b3-ada3-b6dda46987a1,2026-03-17 08:20:54.91437 UTC,text,en,fa188160-0d93-44cb-8e84-fd10a7ca40b7,667b80c6-111a-4057-af90-b27de4d3a7b4,gender_all_male,Kenya
afb8baea-4603-4f3b-bb90-014b94e767f6,2025-01-14 16:05:50.488158 UTC,voice,hi,f4954551-c252-455e-8631-1a3935bf3616,cb80edf5-0c71-4b76-a7e1-fe18fc4663fe,gender_all_male,India
d55be273-a761-4f37-a836-7e5492e5ab3f,2025-01-14 16:04:54.547235 UTC,voice,hi,f4954551-c252-455e-8631-1a3935bf3616,cb80edf5-0c71-4b76-a7e1-fe18fc4663fe,gender_all_male,India
eb67beb0-98f6-46f3-ad43-743ab084cad9,2025-01-14 16:05:20.24027 UTC,voice,en,f4954551-c252-455e-8631-1a3935bf3616,cb80edf5-0c71-4b76-a7e1-fe18fc4663fe,gender_all_male,India
70f19843-4217-4f10-a1ae-b6bd86d88d5f,2025-01-14 16:06:42.018928 UTC,voice,hi,f4954551-c252-455e-8631-1a3935bf3616,cb80edf5-0c71-4b76-a7e1-fe18fc4663fe,gender_all_male,India
f90edadc-8161-4737-815b-7830623c1202,2025-01-14 16:04:18.059408 UTC,voice,hi,f4954551-c252-455e-8631-1a3935bf3616,cb80edf5-0c71-4b76-a7e1-fe18fc4663fe,gender_all_male,India
186a64be-2abd-4af7-9ce5-8fa719c1823d,2025-12-18 10:32:05.732463 UTC,voice,hi,e9e097bf-9ac0-41cf-9343-565d514b4940,f26827c2-14c1-4e22-8c70-339b17231d75,,India
c882059b-bf34-49b0-8537-cb65770d7515,2025-12-18 10:31:06.043225 UTC,voice,hi,e9e097bf-9ac0-41cf-9343-565d514b4940,f26827c2-14c1-4e22-8c70-339b17231d75,,India
e500107a-ed29-4f33-9ce0-a95c1d42321d,2025-02-13 14:26:57.2656 UTC,voice,hi,c89328a4-41ad-434e-b935-afa95f808635,cb80edf5-0c71-4b76-a7e1-fe18fc4663fe,gender_all_male,India
de94f602-bd15-48f3-aae1-54d1e1c081b4,2025-02-13 14:26:44.793122 UTC,voice,,c89328a4-41ad-434e-b935-afa95f808635,cb80edf5-0c71-4b76-a7e1-fe18fc4663fe,gender_all_male,India
0a311ff5-9426-48af-894a-1fdd4c96cd3d,2025-02-13 14:25:45.277195 UTC,voice,,c89328a4-41ad-434e-b935-afa95f808635,cb80edf5-0c71-4b76-a7e1-fe18fc4663fe,gender_all_male,India
125b7bef-b30e-4090-9460-f42f0d0620c2,2025-02-13 14:26:25.924612 UTC,voice,,c89328a4-41ad-434e-b935-afa95f808635,cb80edf5-0c71-4b76-a7e1-fe18fc4663fe,gender_all_male,India
4ff3d6c0-b3ab-4d09-9934-d0813dbfd19e,2025-02-13 14:27:46.511064 UTC,voice,,c89328a4-41ad-434e-b935-afa95f808635,cb80edf5-0c71-4b76-a7e1-fe18fc4663fe,gender_all_male,India
f243b77e-9171-4fd1-8cf1-803f0c6d9d90,2025-10-15 06:55:46.668021 UTC,text,hi,ed9bd0c7-63b1-4880-a926-de4f5dca23a2,46e2f8fe-f398-46c0-85fb-11c4912bbf44,,India
6d0b71ba-46b4-438a-a61a-f5f6fd30c94d,2026-02-21 07:10:50.069891 UTC,image,,8f68711a-4f32-4ee5-86c3-c343621c81c2,7959ccc3-c652-4f9c-9251-98e0c1652224,,India
24ac0a1c-38a8-4a8b-96da-e46f961cb067,2025-03-19 19:34:08.038221 UTC,text,am,556b7c4c-ff95-4544-b0fb-50ee09a712c4,a81a8a82-5eff-47db-9239-7ac5c273ded9,,Ethiopia
cb4ccc02-c1e9-48e7-8670-bb7aa3cc78ad,2025-03-19 19:34:52.239256 UTC,text,am,556b7c4c-ff95-4544-b0fb-50ee09a712c4,a81a8a82-5eff-47db-9239-7ac5c273ded9,,Ethiopia
0b3b8913-6739-473a-ac5d-f78aad649407,2026-06-29 19:31:55.931862 UTC,text,om,9a215570-dd52-47f3-b2d3-c3810e3c4326,6b37a14e-7bf5-474e-93aa-207a2cf0cd93,,Ethiopia
1ea710a7-8b24-48c6-8762-c332774e4680,2026-08-28 13:28:24.998056 UTC,text,hi,84e4d6b4-1965-428c-9152-186ad052669b,b8ac0619-3f68-4165-a950-163c84f14527,gender_all_male,India
46e88d82-845c-4d8e-8c02-b16c475d7c66,2025-10-15 06:55:46.668021 UTC,voice,hi,d86e061a-e88a-478f-9b14-da273a787cb1,46e2f8fe-f398-46c0-85fb-11c4912bbf44,,India
cbf8cf3e-662e-45d4-9f12-a5d809471980,2025-10-15 06:55:46.668021 UTC,voice,hi,d86e061a-e88a-478f-9b14-da273a787cb1,46e2f8fe-f398-46c0-85fb-11c4912bbf44,,India
6cc7922b-a66d-4d0a-9c62-934638306b54,2025-10-15 06:55:46.668021 UTC,voice,,d86e061a-e88a-478f-9b14-da273a787cb1,46e2f8fe-f398-46c0-85fb-11c4912bbf44,,India
9e9248ac-4efc-46b4-a9ea-209245536611,2025-10-15 06:55:46.668021 UTC,voice,hi,d86e061a-e88a-478f-9b14-da273a787cb1,46e2f8fe-f398-46c0-85fb-11c4912bbf44,,India
8aaebc9c-df51-4567-bcd4-b0f7c00a2b50,2025-10-15 06:55:46.668021 UTC,voice,hi,d86e061a-e88a-478f-9b14-da273a787cb1,46e2f8fe-f398-46c0-85fb-11c4912bbf44,,India
e6aea696-c9e1-4437-9081-2f8b6fd9ef9f,2025-08-22 09:57:29.858123 UTC,voice,,a883e8d1-67cf-48ab-9cdd-f4e08f238850,4651df8e-f14b-457a-8b7b-f1b4ae1f9a2e,gender_all_male,Kenya
3e5a0a9b-cf02-43dc-a827-21d6eff16ba3,2025-08-22 09:55:50.919994 UTC,text,en,a883e8d1-67cf-48ab-9cdd-f4e08f238850,4651df8e-f14b-457a-8b7b-f1b4ae1f9a2e,gender_all_male,Kenya
f4cb37bf-a79e-4760-91d1-a930143c817d,2025-08-22 09:54:18.239051 UTC,image,,a883e8d1-67cf-48ab-9cdd-f4e08f238850,4651df8e-f14b-457a-8b7b-f1b4ae1f9a2e,gender_all_male,Kenya
9a9f6f72-da1a-4204-82e3-62e2739d6918,2025-08-22 09:58:43.321118 UTC,voice,,a883e8d1-67cf-48ab-9cdd-f4e08f238850,4651df8e-f14b-457a-8b7b-f1b4ae1f9a2e,gender_all_male,Kenya
16788bc1-d4b0-4439-917a-3b2b2370c3d6,2025-08-22 09:58:05.872512 UTC,voice,en,a883e8d1-67cf-48ab-9cdd-f4e08f238850,4651df8e-f14b-457a-8b7b-f1b4ae1f9a2e,gender_all_male,Kenya
beec38d7-9f6f-4ace-8dda-2ce83ce8ed7e,2026-08-31 05:43:12.294719 UTC,voice,hi,8f472c81-bd41-417b-a79e-e59489a0e068,b8ac0619-3f68-4165-a950-163c84f14527,gender_all_male,India
ea32b748-717e-4cf5-ad3f-ee8e75e91625,2026-08-31 05:42:05.027813 UTC,image,,8f472c81-bd41-417b-a79e-e59489a0e068,b8ac0619-3f68-4165-a950-163c84f14527,gender_all_male,India
291001cf-40bb-4d1a-81cc-9c7354201604,2025-10-15 06:55:46.668021 UTC,text,bn-Latn,cf92ce1b-30b0-4218-a8ba-c6d29cc69936,46e2f8fe-f398-46c0-85fb-11c4912bbf44,,India
2a49dbd5-3ac5-4c3e-8e4d-1806ca24f119,2025-10-15 06:55:46.668021 UTC,voice,hi,5db9fd9e-1dd0-43f8-b253-103409377e41,46e2f8fe-f398-46c0-85fb-11c4912bbf44,,India
87d29122-5759-4af6-a910-7918bb0f15c7,2025-03-19 19:27:32.003578 UTC,text,am,18d67a78-2911-44b0-8be3-1014d11a6b8f,a81a8a82-5eff-47db-9239-7ac5c273ded9,,Ethiopia
da8d08bc-9313-44cc-9603-093b811abc74,2025-03-19 19:25:02.310932 UTC,text,am,18d67a78-2911-44b0-8be3-1014d11a6b8f,a81a8a82-5eff-47db-9239-7ac5c273ded9,,Ethiopia
7b063e51-a88a-40aa-a07d-746b8f1c36a1,2025-03-19 19:26:03.406532 UTC,text,am,18d67a78-2911-44b0-8be3-1014d11a6b8f,a81a8a82-5eff-47db-9239-7ac5c273ded9,,Ethiopia
047accf5-ed46-4c65-b123-c794f820ffc6,2025-03-19 19:26:37.503349 UTC,text,am,18d67a78-2911-44b0-8be3-1014d11a6b8f,a81a8a82-5eff-47db-9239-7ac5c273ded9,,Ethiopia
3e20829c-bbdb-4e9e-8a5b-bc020d6c5fbf,2025-03-19 19:24:18.23419 UTC,text,am,18d67a78-2911-44b0-8be3-1014d11a6b8f,a81a8a82-5eff-47db-9239-7ac5c273ded9,,Ethiopia
dd52c51c-8d5f-49a9-a377-7dce0442f867,2026-02-21 07:03:43.365038 UTC,text,hi,9ccb235b-de7d-49f8-9905-7edcf4972ae6,7959ccc3-c652-4f9c-9251-98e0c1652224,,India
d7d1583d-9b68-4b36-a0ed-9df60a8a9159,2025-10-15 06:55:46.668021 UTC,text,hi,2472fb80-df47-4298-86fb-5a682a854fbd,46e2f8fe-f398-46c0-85fb-11c4912bbf44,,India
b025395e-0fef-4097-91fb-48e7d6e1ecdd,2025-10-15 06:55:46.668021 UTC,voice,hi,3c2a119c-82d1-4d62-9230-c5ec7bc4273c,46e2f8fe-f398-46c0-85fb-11c4912bbf44,,India
468589d5-3e94-4b31-866e-e8fe297281da,2025-10-15 06:55:46.668021 UTC,voice,,922e7527-0331-45ed-bdbd-6c7093879109,46e2f8fe-f398-46c0-85fb-11c4912bbf44,,India
254fc6fc-5cad-4a14-b07b-754b77963571,2025-10-15 06:55:46.668021 UTC,voice,,922e7527-0331-45ed-bdbd-6c7093879109,46e2f8fe-f398-46c0-85fb-11c4912bbf44,,India
bb5f3566-d468-4f82-8245-bc1422e5bf0b,2025-10-15 06:55:46.668021 UTC,voice,hi,19101577-b60a-454b-b4d6-221bb5003b70,46e2f8fe-f398-46c0-85fb-11c4912bbf44,,India
95839d56-52e7-4908-8aca-32f95bec942a,2025-10-15 06:55:46.668021 UTC,voice,hi,19101577-b60a-454b-b4d6-221bb5003b70,46e2f8fe-f398-46c0-85fb-11c4912bbf44,,India
65266f35-fed2-4489-8810-964a3f863209,2025-10-15 06:55:46.668021 UTC,text,hi,819eb37d-cc1b-4300-bf01-efbb71d4d458,46e2f8fe-f398-46c0-85fb-11c4912bbf44,,India
5291a8da-3439-4008-83da-f1a11452459a,2025-10-15 06:55:46.668021 UTC,voice,en,19101577-b60a-454b-b4d6-221bb5003b70,46e2f8fe-f398-46c0-85fb-11c4912bbf44,,India
1ca01f4d-f2ad-474e-a3b5-c003373d7401,2025-10-15 06:55:46.668021 UTC,voice,hi,19101577-b60a-454b-b4d6-221bb5003b70,46e2f8fe-f398-46c0-85fb-11c4912bbf44,,India
fa76876b-d6cc-4002-b858-9960e702b358,2025-10-15 06:55:46.668021 UTC,voice,hi,19101577-b60a-454b-b4d6-221bb5003b70,46e2f8fe-f398-46c0-85fb-11c4912bbf44,,India
04a1ffc5-0fea-45cf-85f3-966deebe4487,2025-10-15 06:55:46.668021 UTC,voice,hi,19101577-b60a-454b-b4d6-221bb5003b70,46e2f8fe-f398-46c0-85fb-11c4912bbf44,,India
10dafe56-68ca-4d98-9114-8fdfda471577,2025-10-15 06:55:46.668021 UTC,voice,hi,19101577-b60a-454b-b4d6-221bb5003b70,46e2f8fe-f398-46c0-85fb-11c4912bbf44,,India
c821860c-e532-4327-aa33-c3b97ee2e9f9,2025-10-15 06:55:46.668021 UTC,image,,819eb37d-cc1b-4300-bf01-efbb71d4d458,46e2f8fe-f398-46c0-85fb-11c4912bbf44,,India
b5ee27e1-90da-4d5f-afef-bbae31a6c14e,2025-10-15 06:55:46.668021 UTC,voice,hi,19101577-b60a-454b-b4d6-221bb5003b70,46e2f8fe-f398-46c0-85fb-11c4912bbf44,,India
0ebf5d6b-2ea3-4434-afce-1c9e411a229c,2025-10-15 06:55:46.668021 UTC,voice,hi,819eb37d-cc1b-4300-bf01-efbb71d4d458,46e2f8fe-f398-46c0-85fb-11c4912bbf44,,India
97e40a56-cfb5-4eb6-8f09-1f41e396e745,2026-08-16 12:40:40.584205 UTC,image,,86383a0b-008d-439b-9173-7cc61b42ea88,b8ac0619-3f68-4165-a950-163c84f14527,gender_all_male,India
913d34b9-ebf2-4711-a0fe-8b6cb7b45fb8,2026-06-29 19:30:48.36235 UTC,image,,048145ab-9dd1-4f37-b990-d70fba9be083,6b37a14e-7bf5-474e-93aa-207a2cf0cd93,,Ethiopia
83fc39e0-b04c-4fbc-b072-e70f5049fdcf,2026-07-17 09:09:29.885245 UTC,text,hi,858b0d67-e73e-4015-9bbc-ff371adc37e0,afb70455-cdd3-4c51-9b88-8d30a33a8cf9,,India
da58b02c-88b4-4205-94f0-8b1cf022992b,2026-08-28 13:30:26.15159 UTC,text,hi-Latn,c06eace0-8ce1-4cf2-a347-ee32abede743,b8ac0619-3f68-4165-a950-163c84f14527,gender_all_male,India
857d9f3d-7bff-419b-8a5f-3f4e568b8d06,2025-10-15 06:55:46.668021 UTC,voice,,73918d8d-5356-4c14-8d6a-fb56e2eeba18,46e2f8fe-f398-46c0-85fb-11c4912bbf44,,India
fd2a2b85-be23-4900-9773-da20b2b1346d,2025-03-19 19:32:28.941942 UTC,text,am,15391dc3-e4a2-4104-af35-705bd2fb60b0,a81a8a82-5eff-47db-9239-7ac5c273ded9,,Ethiopia
6f7f8fdf-22ae-4945-83c8-2058c82c94ee,2025-03-19 19:31:59.472531 UTC,text,am,15391dc3-e4a2-4104-af35-705bd2fb60b0,a81a8a82-5eff-47db-9239-7ac5c273ded9,,Ethiopia
49fd6e82-86a0-4f5b-a4c6-512e482a1787,2025-03-19 19:30:23.237694 UTC,text,am,15391dc3-e4a2-4104-af35-705bd2fb60b0,a81a8a82-5eff-47db-9239-7ac5c273ded9,,Ethiopia
6281ffde-749b-4d27-82a4-e33066d941e8,2025-03-19 19:33:05.525815 UTC,text,am,15391dc3-e4a2-4104-af35-705bd2fb60b0,a81a8a82-5eff-47db-9239-7ac5c273ded9,,Ethiopia
6bca26db-d0dd-4636-902c-af5e5a4feab9,2026-08-28 13:27:00.437299 UTC,text,hi,f9eed721-32ed-4761-820d-4f798c193f27,b8ac0619-3f68-4165-a950-163c84f14527,gender_all_male,India
c59e368e-4f92-40f4-aa2c-6b6b6edee907,2025-10-23 06:19:46.266105 UTC,text,hi-Latn,ac53c0f7-532a-429b-9eeb-97882ed50d08,46e2f8fe-f398-46c0-85fb-11c4912bbf44,,India
683c56c9-0cb5-472f-970b-50d04c419d2b,2025-10-15 06:55:46.668021 UTC,text,hi-Latn,0668d6ca-a486-417a-9f28-29613d78b9a0,46e2f8fe-f398-46c0-85fb-11c4912bbf44,,India
c85ea811-2045-45a0-990d-f8afcb43e5d9,2025-10-23 06:14:37.094672 UTC,text,bn-Latn,90257637-7273-45f8-95e5-52bec24e6e59,46e2f8fe-f398-46c0-85fb-11c4912bbf44,,India
ee6b247d-2b47-4238-9ef4-0f50251dc8b4,2025-10-15 06:55:46.668021 UTC,voice,en,caa5154a-9a01-4e28-a87e-69a0d5fbf85c,46e2f8fe-f398-46c0-85fb-11c4912bbf44,,India
b39ba967-269f-4ac3-b463-5f1f408de8b5,2025-10-23 06:18:13.00009 UTC,text,hi,90257637-7273-45f8-95e5-52bec24e6e59,46e2f8fe-f398-46c0-85fb-11c4912bbf44,,India
3ba46f71-4841-448b-8287-71bd8f71177a,2025-10-15 06:55:46.668021 UTC,text,hi,0668d6ca-a486-417a-9f28-29613d78b9a0,46e2f8fe-f398-46c0-85fb-11c4912bbf44,,India
ab1a3ccb-739f-43fa-a271-0ebd5b418e92,2025-10-23 06:17:05.40225 UTC,text,hi-Latn,90257637-7273-45f8-95e5-52bec24e6e59,46e2f8fe-f398-46c0-85fb-11c4912bbf44,,India
4d6d6a84-4590-4c92-85cf-bf18d17b1641,2025-10-15 06:55:46.668021 UTC,voice,,caa5154a-9a01-4e28-a87e-69a0d5fbf85c,46e2f8fe-f398-46c0-85fb-11c4912bbf44,,India
9ebf4161-5192-4673-943c-1261c5b6edb0,2025-10-15 06:55:46.668021 UTC,text,hi-Latn,0668d6ca-a486-417a-9f28-29613d78b9a0,46e2f8fe-f398-46c0-85fb-11c4912bbf44,,India
8afde3ea-f94a-46b8-8e4f-b5f6db3a238d,2025-10-15 06:55:46.668021 UTC,text,hi-Latn,0668d6ca-a486-417a-9f28-29613d78b9a0,46e2f8fe-f398-46c0-85fb-11c4912bbf44,,India
e35a6907-f26e-4024-80e0-1aba81f57d52,2025-10-15 06:55:46.668021 UTC,voice,en,caa5154a-9a01-4e28-a87e-69a0d5fbf85c,46e2f8fe-f398-46c0-85fb-11c4912bbf44,,India
e4afe4f7-b746-4503-9ce4-19e129c2376d,2026-03-22 18:03:12.770828 UTC,text,am,96ba143a-9cc1-4e7b-b93b-e821dd6c86fe,53269e97-c4c2-4e77-9e4b-2f60d25155d5,,Ethiopia
df8f23b7-7ad8-4e94-a5f9-f6d235f565e8,2026-08-16 12:41:50.639281 UTC,image,,d6f1d9d1-3678-46fb-99c8-038d36e59331,b8ac0619-3f68-4165-a950-163c84f14527,gender_all_male,India
6729c204-2e67-4897-83bb-f42a27a3f2cd,2026-08-16 12:41:28.873755 UTC,text,hi,d6f1d9d1-3678-46fb-99c8-038d36e59331,b8ac0619-3f68-4165-a950-163c84f14527,gender_all_male,India
a85374d5-2a2f-4961-828c-147ce571a14d,2025-10-15 06:55:46.668021 UTC,text,hi,e0c36b45-738e-474e-80df-5cf29534dcea,46e2f8fe-f398-46c0-85fb-11c4912bbf44,,India
0c2e5759-3c34-43b9-8ea7-ced774a76760,2025-03-19 19:22:09.274016 UTC,text,am,4f3150ec-4d20-42ee-9abf-352d8ec4465b,a81a8a82-5eff-47db-9239-7ac5c273ded9,,Ethiopia
54b8d558-f2ef-458f-9cbc-87bcac6d2a11,2025-10-27 12:45:54.813929 UTC,text,hi-Latn,c2203dc5-23c6-462b-a8ce-3d5cef9cf93d,46e2f8fe-f398-46c0-85fb-11c4912bbf44,,India
0112a20a-69c9-4ec4-8050-2d0bb4855b86,2025-10-27 12:46:32.055628 UTC,text,hi-Latn,c2203dc5-23c6-462b-a8ce-3d5cef9cf93d,46e2f8fe-f398-46c0-85fb-11c4912bbf44,,India
ef295302-f3ff-4326-9358-b3d9bb6413c1,2025-10-15 06:55:46.668021 UTC,voice,,bf126a44-1a3c-4a7f-bb15-2e7688d2067c,46e2f8fe-f398-46c0-85fb-11c4912bbf44,,India
bc6fda21-e231-4abb-8787-f1b129a02244,2026-08-28 13:27:58.704611 UTC,text,hi,4670f616-7d4c-49be-9b63-f7b1dcd30404,b8ac0619-3f68-4165-a950-163c84f14527,gender_all_male,India
5dbb7dd5-c7a2-4937-8711-d0d3edbb4f47,2026-02-21 07:01:36.333318 UTC,image,,363df97d-ebaa-450b-86fe-bb7b750dbf60,7959ccc3-c652-4f9c-9251-98e0c1652224,,India
df9c446f-53c4-4120-ab77-c29feaaae2ee,2026-02-21 07:00:18.51493 UTC,image,,363df97d-ebaa-450b-86fe-bb7b750dbf60,7959ccc3-c652-4f9c-9251-98e0c1652224,,India
f7ff5319-d56c-466b-8808-f4076b6f052f,2025-10-15 06:55:46.668021 UTC,voice,,49f66d79-eafe-4aac-8e1a-1df6e97d9bcc,46e2f8fe-f398-46c0-85fb-11c4912bbf44,,India
66dd38b7-df2b-4229-b2d6-520133200619,2025-03-19 19:35:30.086267 UTC,text,am,4d35ab26-086f-4e17-85fe-f42311d4aa79,a81a8a82-5eff-47db-9239-7ac5c273ded9,,Ethiopia
dc16dd9d-5612-41b3-81ab-8a758cbeb4b9,2026-02-21 07:03:35.340054 UTC,text,hi,a993924a-d315-472a-8c27-0d61aae8977f,7959ccc3-c652-4f9c-9251-98e0c1652224,,India
53aa3ec3-f911-465d-8708-bc128dfe46eb,2025-10-15 06:55:46.668021 UTC,text,hi,3e43326a-60a5-432e-8156-9959497f14c2,46e2f8fe-f398-46c0-85fb-11c4912bbf44,,India
52eff8ee-f51d-46a7-b2ab-b4a0f6c8ffce,2026-04-08 04:05:16.477097 UTC,voice,hi,08b41946-0e79-433e-9030-0eef3871a0b5,51471ca9-64e5-41b3-8776-6f437d75ceaf,,India
57f6e509-7e1b-434f-9351-1cfe523ffb0f,2025-09-24 10:25:51.409996 UTC,text,en,2bf0584e-a49f-47b3-83d6-a90c89d35918,27223606-840e-48a8-9e0e-1b4368d53b78,,India
5d9db43f-c8f6-4b27-b2a9-ca8ed47172b7,2026-08-14 00:43:32.379267 UTC,text,am,288c5376-fee6-4b4b-bc65-288e62fe4ed1,980be60e-9eb0-404c-a4ad-8e5acda7e8df,,Ethiopia
47a29408-54b7-4644-831f-8930c5459349,2024-09-18 11:55:34.978582 UTC,text,en,5de1be67-c67e-4da4-863b-66614018b9cd,e4132c54-9036-4b0c-85c7-f750a82b3ab2,,Nigeria
a2cb1f92-61db-40f5-81c6-fb9ed85f878b,2024-09-18 11:56:28.235735 UTC,text,en,5de1be67-c67e-4da4-863b-66614018b9cd,e4132c54-9036-4b0c-85c7-f750a82b3ab2,,Nigeria
884633cb-d43e-4e36-bf2a-fa2097c45cf2,2026-03-10 09:00:54.368499 UTC,voice,en,943f3cf8-52a6-49d1-81aa-3a973d80e757,967d6652-d9bb-4090-86bb-cabf5b0606f0,,India
ab47e72b-1eb1-4286-8aa8-2c4861431724,2026-03-10 09:02:00.833146 UTC,voice,en,943f3cf8-52a6-49d1-81aa-3a973d80e757,967d6652-d9bb-4090-86bb-cabf5b0606f0,,India
8bc311f3-717d-441b-b968-cbe4af8ea99d,2026-09-07 05:07:46.696751 UTC,text,hi-Latn,b6a82b0a-f5e8-4ee9-a5bc-24b2056e7af8,7ba614d1-6802-4f37-ad3d-0c5f409e8f80,,India
4e7e882d-13ed-45b5-bf13-15422d0622f2,2026-09-07 05:05:54.068122 UTC,voice,hi,30e7f303-79d8-4887-af81-c97beb85c54c,7ba614d1-6802-4f37-ad3d-0c5f409e8f80,,India
ea4eced5-6853-4192-bc47-86fc41423398,2024-12-26 07:56:51.486986 UTC,text,hi,61665a65-c0e4-4b26-aa62-f24076c7bfb6,99f96504-12f0-415e-8f47-4854b9bd3fda,gender_all_male,India
c997bf15-cf76-4927-8359-f256070ce62d,2024-12-26 07:54:54.982828 UTC,text,hi-Latn,1170c793-e18d-493d-9661-4b5766e007d8,99f96504-12f0-415e-8f47-4854b9bd3fda,gender_all_male,India
9d56fc26-b2d0-4771-9ce4-c3e9ab6a39a9,2024-12-26 07:55:29.930052 UTC,text,hi,1170c793-e18d-493d-9661-4b5766e007d8,99f96504-12f0-415e-8f47-4854b9bd3fda,gender_all_male,India
4af36c60-7962-4db8-a3fa-11fe2191d565,2024-12-26 07:56:21.843032 UTC,text,hi,1170c793-e18d-493d-9661-4b5766e007d8,99f96504-12f0-415e-8f47-4854b9bd3fda,gender_all_male,India
4f3b7130-58a1-46b0-86aa-b59adc05b412,2024-12-26 07:55:48.720884 UTC,voice,hi,1170c793-e18d-493d-9661-4b5766e007d8,99f96504-12f0-415e-8f47-4854b9bd3fda,gender_all_male,India
5e555966-9c23-4a0d-831e-2953c236c1bb,2024-12-26 07:55:17.993817 UTC,text,hi,1170c793-e18d-493d-9661-4b5766e007d8,99f96504-12f0-415e-8f47-4854b9bd3fda,gender_all_male,India
c3ef4180-f3af-4dec-b69b-af19344fe8e1,2024-12-26 07:54:35.86559 UTC,image,,a8bd6f41-822b-4e29-ae75-dd7c89125754,99f96504-12f0-415e-8f47-4854b9bd3fda,gender_all_male,India
b6f34d58-fd12-409e-af03-fcc4209a6a56,2026-03-16 04:24:01.470465 UTC,text,hi,de05c426-5dc8-418c-aa99-84990b140231,7fb08117-2be4-46e3-ab67-58e030ca98f2,,India
c3727c81-083f-4eff-b1c4-af935325b9ce,2025-02-27 13:52:30.834416 UTC,text,en,a6180021-f732-48d1-a219-0f2c4abec1c9,0b7efb92-cf3b-4480-be1e-8f96d2f455e2,gender_all_male,India
258ce2e0-7cba-4e64-9dc3-7c37a6b9c4ef,2025-02-09 10:37:22.574642 UTC,text,en,6a4c349c-a47c-47c5-8e24-eb71c0612868,0b7efb92-cf3b-4480-be1e-8f96d2f455e2,gender_all_male,India
0e7d8cb7-be91-4aa4-b2f4-8853185a31a7,2026-01-06 04:54:05.200164 UTC,text,en,a7fbf64b-6428-49f4-b033-2ded946a733c,5931d22f-329c-4d9a-bfb5-e15d58aec75c,,India
b4d26c73-16b9-40bd-a907-3342b5f63094,2025-02-27 13:51:27.255936 UTC,text,en,842a5b90-9006-4705-b42d-f4b08dc9e65c,0b7efb92-cf3b-4480-be1e-8f96d2f455e2,gender_all_male,India
a501df35-8b97-4cab-a051-98c1c471fdaf,2025-02-09 10:37:47.805362 UTC,text,en,d907ef39-29f3-447d-8642-643f6a150f93,0b7efb92-cf3b-4480-be1e-8f96d2f455e2,gender_all_male,India
febbf146-42aa-475a-bbdd-7d5a7cc40caf,2025-02-09 10:36:55.882686 UTC,text,en,6d3be375-8216-448a-95c9-5ae38948b21f,0b7efb92-cf3b-4480-be1e-8f96d2f455e2,gender_all_male,India
18da137d-3aa7-44b4-813d-c1b70e9c75db,2025-02-09 10:37:36.153768 UTC,text,en,baeb3729-4283-44f9-bc16-215a30ecb945,0b7efb92-cf3b-4480-be1e-8f96d2f455e2,gender_all_male,India
9acc571e-b5a8-42b0-ac72-33d6ab5fac0c,2025-02-27 13:52:17.001804 UTC,text,en,0d243bf4-0527-449b-940e-72e1ab74a3f0,0b7efb92-cf3b-4480-be1e-8f96d2f455e2,gender_all_male,India
d74dfe13-506c-43ee-b004-96ac7fe77615,2025-02-09 10:36:44.980215 UTC,text,en,5beb5143-6ba9-42aa-bc0a-7d581b78e78c,0b7efb92-cf3b-4480-be1e-8f96d2f455e2,gender_all_male,India
55899185-f6b0-4ddc-9a7a-8f7f2a09f223,2025-02-09 10:37:07.997813 UTC,text,en,0296eb5b-1ccf-4aa1-a77b-691d06f1a748,0b7efb92-cf3b-4480-be1e-8f96d2f455e2,gender_all_male,India
a120e085-10bc-43ec-9df1-0a1184e475f2,2025-02-27 13:51:41.799998 UTC,text,en,ff81865f-71e6-454a-9fb1-806cb8cda6ca,0b7efb92-cf3b-4480-be1e-8f96d2f455e2,gender_all_male,India
c4893671-fb16-4a05-9165-801337d5e145,2025-02-27 13:51:14.894151 UTC,text,en,52cfec3e-97a2-44b1-a2d9-7411c54ba478,0b7efb92-cf3b-4480-be1e-8f96d2f455e2,gender_all_male,India
b64c34a9-15ac-408b-8d2d-0a545b1ac274,2026-02-13 12:35:03.819968 UTC,text,,4f175999-e260-43c1-a6fa-30871c0a29aa,5931d22f-329c-4d9a-bfb5-e15d58aec75c,,India
26a169d9-5e70-4770-85d5-6c1429eabacb,2026-01-05 20:13:02.062622 UTC,text,en,06b3d2a8-8749-4130-86e4-0258e9431a2f,5931d22f-329c-4d9a-bfb5-e15d58aec75c,,India
92ace961-7d0c-4b4e-9ec2-f1fd41bc4007,2025-02-27 13:51:58.70333 UTC,text,en,aae20ec9-c4ac-47af-a2e4-e9509fe56170,0b7efb92-cf3b-4480-be1e-8f96d2f455e2,gender_all_male,India
72655b6b-3821-4a3c-ae1f-7385b65fa01d,2025-02-27 13:51:01.189421 UTC,text,en,61e41cd1-0ccd-4e05-bd91-b5d1726d434c,0b7efb92-cf3b-4480-be1e-8f96d2f455e2,gender_all_male,India
432700ee-b827-451b-9aa7-d380bd69fc5e,2025-02-09 10:37:19.087585 UTC,text,en,bde6f7f4-6af2-4eb1-99cc-93b40fc00be5,0b7efb92-cf3b-4480-be1e-8f96d2f455e2,gender_all_male,India
e22e58a3-823a-48da-9c8c-c1d2a5bf9a36,2026-09-01 14:38:18.850425 UTC,text,am,69957c51-485e-45ee-8dce-ace67071570b,557ab09f-b9f5-431c-8b51-f3c18aac2553,,Ethiopia
2d2fd0d1-1271-435a-967f-026fb38157cb,2025-11-07 02:56:08.984562 UTC,text,om,cc07df0f-73f2-49fb-93ad-4fd034c22fec,ba002c5b-ab0a-4bee-a2c2-be6393ed7658,,Ethiopia
88516400-beeb-459c-953a-366d1b5875a6,2025-11-07 02:59:21.520303 UTC,text,om,cc07df0f-73f2-49fb-93ad-4fd034c22fec,ba002c5b-ab0a-4bee-a2c2-be6393ed7658,,Ethiopia
16192693-4f3d-41f2-acc4-c5e771bba943,2025-11-07 02:54:32.429902 UTC,text,,cc07df0f-73f2-49fb-93ad-4fd034c22fec,ba002c5b-ab0a-4bee-a2c2-be6393ed7658,,Ethiopia
03542e39-2832-491f-aee6-f414b0768e76,2025-01-13 08:10:45.553268 UTC,voice,hi,3f52338a-d9ce-43b9-b807-933a17ae566f,c3e144b6-a02b-423b-8dea-c597bae98aac,gender_all_female,India
6ab8fe32-652e-459b-8a83-d9b53329452c,2025-01-13 08:10:18.101732 UTC,voice,en,3f52338a-d9ce-43b9-b807-933a17ae566f,c3e144b6-a02b-423b-8dea-c597bae98aac,gender_all_female,India
97c421d2-7021-4ecf-bd14-ea5455fbaf91,2025-01-13 08:08:08.909437 UTC,text,hi-Latn,3f52338a-d9ce-43b9-b807-933a17ae566f,c3e144b6-a02b-423b-8dea-c597bae98aac,gender_all_female,India
af062b9c-25cb-4582-a031-2ba7804c6a84,2025-01-13 08:05:58.046607 UTC,voice,hi,3f52338a-d9ce-43b9-b807-933a17ae566f,c3e144b6-a02b-423b-8dea-c597bae98aac,gender_all_female,India
02d4e39e-e374-44e0-8929-79e4998640f8,2025-01-13 08:09:07.086147 UTC,text,hi,3f52338a-d9ce-43b9-b807-933a17ae566f,c3e144b6-a02b-423b-8dea-c597bae98aac,gender_all_female,India
6b3c1c0f-704b-44c2-84ad-0b9cff482500,2025-01-13 08:09:50.999428 UTC,text,hi,3f52338a-d9ce-43b9-b807-933a17ae566f,c3e144b6-a02b-423b-8dea-c597bae98aac,gender_all_female,India
88b35966-e560-4fc2-a34d-49420df847b5,2025-01-13 08:04:52.733857 UTC,text,hi-Latn,3f52338a-d9ce-43b9-b807-933a17ae566f,c3e144b6-a02b-423b-8dea-c597bae98aac,gender_all_female,India
da90973d-ebc4-405f-ac05-64ae7211bba2,2025-01-13 08:11:15.82189 UTC,text,hi,3f52338a-d9ce-43b9-b807-933a17ae566f,c3e144b6-a02b-423b-8dea-c597bae98aac,gender_all_female,India
c1367d60-8f26-4c6b-a08a-992603843b75,2025-01-13 08:05:21.19945 UTC,voice,en,3f52338a-d9ce-43b9-b807-933a17ae566f,c3e144b6-a02b-423b-8dea-c597bae98aac,gender_all_female,India
a3b05fae-fb57-45f3-8eb8-9b604ed1e3de,2025-01-13 08:07:20.165548 UTC,text,hi,3f52338a-d9ce-43b9-b807-933a17ae566f,c3e144b6-a02b-423b-8dea-c597bae98aac,gender_all_female,India
d842ee13-844c-4745-84e2-80b85d12c515,2025-01-13 08:06:38.989648 UTC,voice,hi,3f52338a-d9ce-43b9-b807-933a17ae566f,c3e144b6-a02b-423b-8dea-c597bae98aac,gender_all_female,India
5eb9d43b-ac1f-42fd-9b36-a941034c92c9,2025-01-13 08:09:34.430263 UTC,text,hi,3f52338a-d9ce-43b9-b807-933a17ae566f,c3e144b6-a02b-423b-8dea-c597bae98aac,gender_all_female,India
34b55eb2-da69-47d0-b645-9d050693dd8c,2025-02-11 04:48:27.72871 UTC,text,hi,663533d8-f004-429d-8b62-4c6e6aeebc77,c3e144b6-a02b-423b-8dea-c597bae98aac,gender_all_female,India
03db076b-3045-4f76-bb80-5d507eed4672,2026-07-21 07:52:00.236183 UTC,voice,ha,ec63020c-9593-43cd-93da-370a55d3eba4,c8f0ca46-0f57-46a8-958f-fe4663da178a,gender_all_male,Nigeria
f044af7b-e815-4a5c-adc3-f606de96ade3,2026-07-24 12:27:30.745137 UTC,text,en,5722124d-b6ca-491d-bbc3-0e144c7b2d23,f1a9be34-18c1-429d-81ed-037e51299abf,gender_all_female,Kenya
0139c763-23ef-462a-ae94-69b1d70bf120,2026-07-21 18:02:53.062094 UTC,text,en,92eba769-5c26-43c0-8c0f-65c4b33faac0,f1a9be34-18c1-429d-81ed-037e51299abf,gender_all_female,Kenya
f371a904-039b-480d-b3d1-b12c7fa52176,2026-07-21 18:06:06.459734 UTC,text,en,92eba769-5c26-43c0-8c0f-65c4b33faac0,f1a9be34-18c1-429d-81ed-037e51299abf,gender_all_female,Kenya
81d8284d-7ded-4c32-bed0-8e32f90ed357,2026-07-21 18:01:26.594587 UTC,text,en,92eba769-5c26-43c0-8c0f-65c4b33faac0,f1a9be34-18c1-429d-81ed-037e51299abf,gender_all_female,Kenya
e8909480-8797-4da8-b70c-12d8b699df55,2026-07-21 07:51:04.611305 UTC,text,ha,7139509b-1ce7-4cd5-9faf-06aab72dcfd7,c8f0ca46-0f57-46a8-958f-fe4663da178a,gender_all_male,Nigeria
c27bbb0b-cd20-4821-a056-1e37ca47bacf,2026-07-21 07:50:58.773433 UTC,text,ha,7139509b-1ce7-4cd5-9faf-06aab72dcfd7,c8f0ca46-0f57-46a8-958f-fe4663da178a,gender_all_male,Nigeria
3d5fd231-ee19-41fa-8c3d-c18533d5fb9f,2026-01-16 08:03:57.053783 UTC,text,en,f2482102-6c04-4ff5-babe-744ff564aa09,f1a9be34-18c1-429d-81ed-037e51299abf,gender_all_female,Kenya
380500df-cdd8-4d7f-9cc7-39da7bcec555,2025-11-24 15:48:10.145117 UTC,text,om,4033d9bd-d360-4d7f-b809-18dfc217a248,89f96733-0622-4d14-9d7b-7fbefb4d0037,gender_all_male,Ethiopia
3fde41e4-b556-496c-86bc-07e4b3626426,2026-08-15 13:41:57.171723 UTC,text,en,ac407956-a640-4530-93a6-ad67097150af,9306a00f-41ad-4009-a9e6-53d46ae4a556,,Kenya
36aefd4c-3e08-417a-86b4-05d3c339830b,2026-08-16 12:23:24.174547 UTC,voice,hi,52c8735d-cb7c-4da7-90fe-75234b336971,40ea200c-8f8b-4eaf-899f-7e19f112a32a,,India
d2614630-c110-4fae-9b60-43d9f6c29ee9,2026-08-16 12:24:28.363986 UTC,text,hi,52c8735d-cb7c-4da7-90fe-75234b336971,40ea200c-8f8b-4eaf-899f-7e19f112a32a,,India
c96793e1-0f96-4b18-be01-e7b9644be238,2026-08-16 12:24:02.469129 UTC,text,hi,52c8735d-cb7c-4da7-90fe-75234b336971,40ea200c-8f8b-4eaf-899f-7e19f112a32a,,India
685864fd-28b3-4070-8e00-dd5b6fdb9ad9,2026-07-21 18:00:59.33809 UTC,text,en,c555eb13-21b7-4981-ad72-5f295956d9bc,f1a9be34-18c1-429d-81ed-037e51299abf,gender_all_female,Kenya
076cd366-7694-4c75-938e-7dd657282f2c,2026-07-21 18:22:03.161241 UTC,text,en,f8419b0d-c918-423f-ab65-c8278fced8f6,f1a9be34-18c1-429d-81ed-037e51299abf,gender_all_female,Kenya
e43ceee1-f5fb-42fd-a621-7e37ae3ec5ef,2026-07-21 18:10:25.209937 UTC,text,en,f8419b0d-c918-423f-ab65-c8278fced8f6,f1a9be34-18c1-429d-81ed-037e51299abf,gender_all_female,Kenya
cf95f226-7662-42a0-b742-409c7c22d4e5,2026-07-21 18:11:51.254466 UTC,text,en,f8419b0d-c918-423f-ab65-c8278fced8f6,f1a9be34-18c1-429d-81ed-037e51299abf,gender_all_female,Kenya
d84cfe20-f2fb-4000-9119-63ada4625288,2026-07-21 18:19:40.258072 UTC,text,en,f8419b0d-c918-423f-ab65-c8278fced8f6,f1a9be34-18c1-429d-81ed-037e51299abf,gender_all_female,Kenya
23bc1eda-561d-4e91-8c65-ab81badd1b3b,2026-07-21 18:16:43.64944 UTC,text,en,f8419b0d-c918-423f-ab65-c8278fced8f6,f1a9be34-18c1-429d-81ed-037e51299abf,gender_all_female,Kenya
af92d2e1-7712-41f4-8ac1-9137b0191107,2026-07-21 18:21:14.011428 UTC,text,en,f8419b0d-c918-423f-ab65-c8278fced8f6,f1a9be34-18c1-429d-81ed-037e51299abf,gender_all_female,Kenya
a4ad4a0c-488a-41b9-8432-689578c2ce8c,2026-07-21 18:13:37.522524 UTC,text,en,f8419b0d-c918-423f-ab65-c8278fced8f6,f1a9be34-18c1-429d-81ed-037e51299abf,gender_all_female,Kenya
2c20a9a9-06c8-4996-8307-9ff2c184d628,2026-07-21 18:23:06.637227 UTC,text,en,f8419b0d-c918-423f-ab65-c8278fced8f6,f1a9be34-18c1-429d-81ed-037e51299abf,gender_all_female,Kenya
407fce92-ae7f-405b-8241-fc29da789324,2026-08-16 12:25:05.097739 UTC,text,hi,91e4dbc4-f7d9-4839-afbd-185453a388e2,40ea200c-8f8b-4eaf-899f-7e19f112a32a,,India
6016e991-a52b-4778-916a-7632a8f1cadf,2026-07-15 15:35:18.132121 UTC,text,hi,06b1ea30-16bd-475d-9b59-08bf01c80cf3,c1f10377-f828-47ae-a52c-6a9434815f1e,gender_all_male,India
b75d6b36-039b-4c72-adac-727eff58fd2d,2026-01-18 12:33:16.804915 UTC,text,en,e49e370c-a8a9-443c-9ac0-6da5fe71291b,d0b6ec70-6ad9-48d6-be5c-577c2a71f3be,,Kenya
c953e99e-b559-4c48-8d55-d3d03ab087c6,2024-12-19 03:56:33.627798 UTC,voice,hi,9f5535f9-3991-4019-ac03-eb43687cf0aa,318237eb-7f98-411c-bf3b-a673eedc5f2f,gender_all_male,India
a16b4347-5a56-4bde-ab17-997b8ffbdb29,2024-12-19 03:58:50.964038 UTC,voice,hi,9f5535f9-3991-4019-ac03-eb43687cf0aa,318237eb-7f98-411c-bf3b-a673eedc5f2f,gender_all_male,India
617e1872-4dc8-40c2-ad5e-c08724cd1c7c,2024-12-19 03:56:59.384227 UTC,voice,hi,9f5535f9-3991-4019-ac03-eb43687cf0aa,318237eb-7f98-411c-bf3b-a673eedc5f2f,gender_all_male,India
d5b7e788-f054-4996-9886-eaba4660473b,2024-12-19 03:57:39.765103 UTC,voice,hi,9f5535f9-3991-4019-ac03-eb43687cf0aa,318237eb-7f98-411c-bf3b-a673eedc5f2f,gender_all_male,India
7aad4fb3-6c36-466b-a529-b2a228ad40ab,2024-12-19 03:58:04.749989 UTC,voice,hi,9f5535f9-3991-4019-ac03-eb43687cf0aa,318237eb-7f98-411c-bf3b-a673eedc5f2f,gender_all_male,India
88f5236a-fda3-4d94-8520-a3df18176ce1,2024-12-19 03:58:26.963886 UTC,voice,hi,9f5535f9-3991-4019-ac03-eb43687cf0aa,318237eb-7f98-411c-bf3b-a673eedc5f2f,gender_all_male,India
0953ac03-bca3-409e-b522-6c0cd70c8b34,2026-05-02 06:21:26.881457 UTC,text,und,3233dd99-efb6-469a-8849-5c5f481b0100,5054d7d8-e426-4e2f-9fce-8c5d1bb03f39,,India
db871383-92f5-4fad-b0c9-60fdbca1d104,2026-07-27 04:20:26.052742 UTC,voice,hi,0098d32b-34e0-4659-828e-5dbe05889e6f,f74ffd1b-5e60-4570-8e8e-3df57be65750,,India
82b1c1fe-e43a-4595-af70-d81c3891c576,2026-07-27 04:19:44.227557 UTC,text,hi,0098d32b-34e0-4659-828e-5dbe05889e6f,f74ffd1b-5e60-4570-8e8e-3df57be65750,,India
e6353ea3-cb25-4f28-ab2e-545fb68c013a,2026-05-02 06:18:16.274603 UTC,text,und,2a791932-8d59-4c2f-aa20-e69323fcf480,5054d7d8-e426-4e2f-9fce-8c5d1bb03f39,,India
e627fff7-dce5-4b0c-b464-35ccc27ffb41,2026-09-06 05:32:32.54044 UTC,image,,41c788be-e7d5-4fa6-bd86-422892b64ff1,61e8665d-174b-4c00-8923-57237714a233,gender_all_female,India
f10be278-1f19-4880-99de-d1f3d53a600a,2026-09-06 05:36:49.48078 UTC,image,,3eaf9492-dc51-4fd3-826e-59a2049b18f1,61e8665d-174b-4c00-8923-57237714a233,gender_all_female,India
2bf51914-eadf-45f6-86e0-c998d8725300,2026-09-06 05:36:42.653091 UTC,image,,3eaf9492-dc51-4fd3-826e-59a2049b18f1,61e8665d-174b-4c00-8923-57237714a233,gender_all_female,India
4c7e87e2-8371-4b5f-bb17-d8e0f0ba39a3,2026-09-06 05:36:37.904221 UTC,image,,3eaf9492-dc51-4fd3-826e-59a2049b18f1,61e8665d-174b-4c00-8923-57237714a233,gender_all_female,India
69fb73da-754d-445f-ab84-07d032ea25cc,2026-09-06 05:37:10.087729 UTC,text,hi,b8fd9ca2-2d49-415a-b033-62216b292116,61e8665d-174b-4c00-8923-57237714a233,gender_all_female,India
20305bf3-6c2c-4fb6-80d5-8caa02862806,2026-07-20 14:16:33.007885 UTC,text,hi,734636b3-f6d9-44c5-bc60-ac03a48a4685,c1f10377-f828-47ae-a52c-6a9434815f1e,gender_all_male,India
d54a0800-c147-4767-a304-d0503698ad13,2026-05-02 06:20:07.931056 UTC,text,en,ad3807c0-e103-4ce9-81a6-3cb92686983f,5054d7d8-e426-4e2f-9fce-8c5d1bb03f39,,India
7e81ce71-f5ad-421e-a1fc-e376ec3ab8aa,2026-06-30 08:31:15.617952 UTC,text,en,fe1ec927-00aa-4abf-9f15-9911fa0d66b2,a55081fb-a3e5-4b85-8c33-49d9d3117b39,gender_all_male,Kenya
97e0db1a-302e-4105-a28a-aeffd4194a36,2026-07-10 15:45:31.485459 UTC,text,en,e8f4d584-3426-4550-a61b-dad2dcd30edd,a55081fb-a3e5-4b85-8c33-49d9d3117b39,gender_all_male,Kenya
442fab2d-237b-41b3-9788-8f9f0d1f5f6c,2026-05-21 08:14:28.657166 UTC,text,en,ca805130-70a1-401b-a22d-224163142a09,a73e50a4-5537-4f48-9dc1-549fb3ee02f0,,Kenya
41d13dcc-cf7f-498f-96d7-9bc5cbc8c2d0,2026-06-02 16:00:18.424813 UTC,text,en,38057f49-5425-43e2-97a4-c0276adbb0d5,a73e50a4-5537-4f48-9dc1-549fb3ee02f0,,Kenya
c06831c8-0b7a-4ce1-8b5d-1941f1e57d1e,2026-05-19 13:48:27.463331 UTC,text,en,d4f43a4b-849d-49ad-bcfc-3650a0e9f4a5,a73e50a4-5537-4f48-9dc1-549fb3ee02f0,,Kenya
091e7ed5-e002-4e10-964e-b8bfc4c2831a,2026-05-16 16:02:31.130873 UTC,text,en,57be6423-8325-45f9-a228-9ae2809565b4,a73e50a4-5537-4f48-9dc1-549fb3ee02f0,,Kenya
626b0ebc-1f4d-46c8-9031-04182f9bfdca,2026-05-16 16:02:00.615985 UTC,text,en,57be6423-8325-45f9-a228-9ae2809565b4,a73e50a4-5537-4f48-9dc1-549fb3ee02f0,,Kenya
14b62a3a-a5ad-4cab-adc1-a3bd75d513a0,2026-05-27 08:17:36.337333 UTC,text,en,c4412fda-902f-4544-82e6-e38503bc0eee,a73e50a4-5537-4f48-9dc1-549fb3ee02f0,,Kenya
d03877cc-d658-4559-b318-cab5ba5c5778,2026-05-27 08:17:30.245594 UTC,text,en,c4412fda-902f-4544-82e6-e38503bc0eee,a73e50a4-5537-4f48-9dc1-549fb3ee02f0,,Kenya
2865a72e-1738-4885-b7bc-d4e1f56aef3b,2026-05-21 08:23:42.183579 UTC,text,en,6594e114-9748-4fff-97a0-71988e4fe31b,a73e50a4-5537-4f48-9dc1-549fb3ee02f0,,Kenya
d9d60097-49d9-44df-8751-90169b5ec3ac,2026-05-19 13:48:26.878889 UTC,text,en,422aa465-e4f3-4693-9aa0-9df97847a3d0,a73e50a4-5537-4f48-9dc1-549fb3ee02f0,,Kenya
cc8b4301-7778-426a-8772-5fe9ef0626e7,2026-06-11 09:58:01.403003 UTC,text,en,e606d3b1-229a-418d-b5fa-b1995a3ee97f,a73e50a4-5537-4f48-9dc1-549fb3ee02f0,,Kenya
99095508-2046-476c-9c27-5c1960c63811,2026-05-16 07:52:43.555531 UTC,text,en,c27ac078-4942-4800-a860-da8ae15b44e8,a73e50a4-5537-4f48-9dc1-549fb3ee02f0,,Kenya
808c8bb5-f848-46c3-9678-bfda077bc55f,2026-05-18 12:33:20.797327 UTC,text,en,3c417ef5-f9de-4a44-a177-f291915955d6,a73e50a4-5537-4f48-9dc1-549fb3ee02f0,,Kenya
3d54dd96-b8ed-4b4e-871d-af9bf72cbb35,2026-05-19 07:56:02.534702 UTC,text,en,f9d7fd7f-a0fb-4c38-af16-0284b3be9569,a73e50a4-5537-4f48-9dc1-549fb3ee02f0,,Kenya
7496f05d-2808-4651-bcc9-bc30c460205c,2026-08-10 10:50:02.260862 UTC,text,en,0b334387-03bf-4f97-8dbe-250835eb7b54,a73e50a4-5537-4f48-9dc1-549fb3ee02f0,,Kenya
dc03ea7c-31c5-41d2-a2f2-a2f0068d254f,2026-08-19 18:11:37.260543 UTC,text,en,6eecbabf-4d3f-45d4-849c-5ca3ef2c1979,a73e50a4-5537-4f48-9dc1-549fb3ee02f0,,Kenya
02843686-f2ad-469a-9f84-aa3923944939,2026-05-18 15:53:44.128854 UTC,text,en,7f8d980d-a001-4f2f-bcb3-d756ca7757c9,a73e50a4-5537-4f48-9dc1-549fb3ee02f0,,Kenya
c4e81bcc-c251-436d-8758-f558a8a32daf,2026-08-15 15:59:58.423506 UTC,text,en,98a91a4a-e6fe-47fa-90bc-8760017edff2,a73e50a4-5537-4f48-9dc1-549fb3ee02f0,,Kenya
882f2b7b-c016-4428-90fa-b1e8083226df,2026-05-18 15:52:56.756927 UTC,text,en,29d02930-3f36-4eca-bac1-33788ffd5021,a73e50a4-5537-4f48-9dc1-549fb3ee02f0,,Kenya
866634b5-f6cd-4564-a185-89c8ac65c399,2026-08-10 10:33:25.934461 UTC,text,en,5a56f697-5f29-464e-a21f-9c6e06ea7a96,a73e50a4-5537-4f48-9dc1-549fb3ee02f0,,Kenya
7a259b18-3763-470f-98f7-1a998b700716,2026-01-01 10:53:46.120162 UTC,text,en,a5db92f8-9fbd-4e34-9f43-5246a8c77f1c,b07813b3-c5f7-4c4a-97f5-0b77ca94477c,gender_all_male,Ethiopia
f361224a-96f1-4572-a0f1-e130864dacb8,2026-05-18 07:43:31.187417 UTC,text,en,06c5f391-842b-4a8e-86c5-06d692eb9b6a,a73e50a4-5537-4f48-9dc1-549fb3ee02f0,,Kenya
80d7f7b2-9670-44cf-a079-93b510729477,2026-05-18 12:33:21.891923 UTC,text,en,e48a5a17-6370-4b0b-bb7f-ba7059b79e5b,a73e50a4-5537-4f48-9dc1-549fb3ee02f0,,Kenya
4f856840-dac9-4dbb-9896-62f5d1b4f0f9,2026-08-14 12:30:28.97797 UTC,text,en,bf911025-1a62-41ab-89cf-51f83a4ce389,a73e50a4-5537-4f48-9dc1-549fb3ee02f0,,Kenya
354da394-1182-426c-8c6f-bd027800ae0e,2026-08-11 09:28:34.982267 UTC,text,en,11e7e051-3ffe-4595-a47a-a56e9eff95b9,a73e50a4-5537-4f48-9dc1-549fb3ee02f0,,Kenya
8d73418a-b8f2-493e-9531-bdacc96cff31,2026-08-10 10:50:41.602407 UTC,text,en,5c28cf99-4e1e-4da9-99ff-130cc04ff671,a73e50a4-5537-4f48-9dc1-549fb3ee02f0,,Kenya
f931b3d9-68b7-4a75-a317-8ba80d44e9b6,2026-08-17 19:22:53.388506 UTC,text,en,c2b6f854-11ac-4145-ba88-2dedb6d598c7,a73e50a4-5537-4f48-9dc1-549fb3ee02f0,,Kenya
dae88848-7149-4ee9-80f3-8aedfd548e1b,2026-05-16 16:05:51.867298 UTC,text,en,26c12039-65d3-4bdf-9a4b-6076e23d46d6,a73e50a4-5537-4f48-9dc1-549fb3ee02f0,,Kenya
c9a8ce9c-918f-4cb8-84a1-8ea7c9bcb1e9,2025-12-15 15:36:45.069721 UTC,text,om,a579212d-206e-4e5e-b0fa-0db30c29ecc4,b07813b3-c5f7-4c4a-97f5-0b77ca94477c,gender_all_male,Ethiopia
383a2540-e719-4b80-86ac-06356b8468f3,2026-01-08 06:22:41.127968 UTC,text,en,375dfc77-ea5d-4b2c-a416-3f50ae17b1d1,e67fcc13-c0ae-4083-992c-155fea7b67aa,,Kenya
406e357f-0605-4c2c-b15e-7bd52ab4a971,2026-01-08 06:20:52.966055 UTC,text,en,375dfc77-ea5d-4b2c-a416-3f50ae17b1d1,e67fcc13-c0ae-4083-992c-155fea7b67aa,,Kenya
0a2b9a3c-a2d2-48b0-8893-8c90dd5e2312,2026-05-18 15:52:57.50349 UTC,text,en,aa5ee663-2a84-4515-93eb-22d78e0f12bd,a73e50a4-5537-4f48-9dc1-549fb3ee02f0,,Kenya
1d24ec0f-128d-4662-9fb3-397024c5abe9,2026-05-27 08:14:35.665785 UTC,text,en,d7d69679-3419-430e-9418-c9ffbcf95eef,a73e50a4-5537-4f48-9dc1-549fb3ee02f0,,Kenya
91cbd129-e8ae-47a4-ac31-846b7639cd54,2026-08-11 09:25:55.418973 UTC,text,en,77cd3c5e-dc74-4b58-96ed-dc39acabc7f0,a73e50a4-5537-4f48-9dc1-549fb3ee02f0,,Kenya
e82660d4-00e0-4058-b3f2-1263c8b8f650,2026-07-17 11:55:01.886195 UTC,text,en,d2c88403-192b-4e7a-889e-7eb2049685f8,a73e50a4-5537-4f48-9dc1-549fb3ee02f0,,Kenya
157a034b-3e18-4e28-bf80-bdc3bdc5bdd1,2026-07-17 11:54:48.040435 UTC,text,en,d2c88403-192b-4e7a-889e-7eb2049685f8,a73e50a4-5537-4f48-9dc1-549fb3ee02f0,,Kenya
01e76eed-9d97-4a7e-be2e-d1c2ad6c8855,2026-08-19 14:41:51.446403 UTC,text,en,cb713367-9f64-403c-b7c2-538b23915ab8,a73e50a4-5537-4f48-9dc1-549fb3ee02f0,,Kenya
c093b3f2-25c9-42fa-a838-efb599fd4360,2026-08-19 14:16:53.106722 UTC,text,en,cb713367-9f64-403c-b7c2-538b23915ab8,a73e50a4-5537-4f48-9dc1-549fb3ee02f0,,Kenya
a7421b6d-8336-4136-840e-9395c99bd8ad,2026-08-19 14:16:42.191715 UTC,text,en,cb713367-9f64-403c-b7c2-538b23915ab8,a73e50a4-5537-4f48-9dc1-549fb3ee02f0,,Kenya
a46ad84a-9770-4268-a863-33702beedf7b,2026-08-19 14:17:22.163977 UTC,text,en,cb713367-9f64-403c-b7c2-538b23915ab8,a73e50a4-5537-4f48-9dc1-549fb3ee02f0,,Kenya
28cccd0a-32d2-4bce-97f4-dab79c76897d,2026-08-16 14:22:58.488221 UTC,text,en,abc177e8-85bb-46a3-8e82-41ce0ef82480,a73e50a4-5537-4f48-9dc1-549fb3ee02f0,,Kenya
15268810-1de1-4923-8562-ba72df57bdc6,2026-08-11 09:28:33.439003 UTC,text,en,c50da371-4edb-402c-a95a-43ecb1ccc9f3,a73e50a4-5537-4f48-9dc1-549fb3ee02f0,,Kenya
3c20af80-66d3-4c84-b9a9-ddc35402b035,2026-05-16 07:27:55.734904 UTC,text,en,0c8c8279-7f84-4b60-b0f1-8c604ea70ee3,a73e50a4-5537-4f48-9dc1-549fb3ee02f0,,Kenya
f58b15fa-7c10-4476-afb1-90df81ffcc23,2026-05-16 07:22:44.188416 UTC,text,en,0c8c8279-7f84-4b60-b0f1-8c604ea70ee3,a73e50a4-5537-4f48-9dc1-549fb3ee02f0,,Kenya
8b9007c9-a866-4ea3-bbb8-3595c04b239d,2026-05-16 07:19:25.468344 UTC,text,en,0c8c8279-7f84-4b60-b0f1-8c604ea70ee3,a73e50a4-5537-4f48-9dc1-549fb3ee02f0,,Kenya
a53423c5-55d2-4b76-9953-b89e4c218130,2026-05-26 14:12:37.775685 UTC,text,en,ecafa93d-ac83-4684-a9c3-cca7c319078c,a73e50a4-5537-4f48-9dc1-549fb3ee02f0,,Kenya
fb10df5e-46f6-4267-b2ea-0f2ba22e3042,2026-05-26 14:13:01.759092 UTC,text,en,ecafa93d-ac83-4684-a9c3-cca7c319078c,a73e50a4-5537-4f48-9dc1-549fb3ee02f0,,Kenya
c307a805-e7e6-4583-ae69-b1a56b188ee8,2026-05-26 14:12:54.034681 UTC,text,en,ecafa93d-ac83-4684-a9c3-cca7c319078c,a73e50a4-5537-4f48-9dc1-549fb3ee02f0,,Kenya
6f0926aa-c260-48a5-a80a-7801980a6785,2026-09-01 09:59:14.647783 UTC,text,en,99fe09e6-c192-480d-843c-bd4fed108092,a73e50a4-5537-4f48-9dc1-549fb3ee02f0,,Kenya
da23395b-90c2-4a22-b748-9cccd0609543,2026-09-01 09:58:32.268954 UTC,text,en,fd704911-688f-482c-89bf-1428a026a208,a73e50a4-5537-4f48-9dc1-549fb3ee02f0,,Kenya
51866a0a-0dcd-4d5d-b5f2-cfc40a835544,2026-08-09 12:57:13.478742 UTC,text,en,efae9b2a-a65d-450f-a906-3c48eb453a06,a73e50a4-5537-4f48-9dc1-549fb3ee02f0,,Kenya
d58e09a9-c2d0-4212-952c-8085d3774c12,2026-07-23 10:06:15.381141 UTC,text,en,6b3681ca-ae01-46d5-93fd-cc9096c4b694,a73e50a4-5537-4f48-9dc1-549fb3ee02f0,,Kenya
bf908e62-f4d7-49ba-ae84-bb0c03e484bc,2025-10-13 03:01:02.117519 UTC,voice,hi,89bfa11b-66fd-481d-84c2-ce270439aecd,2d6b4c5a-f85b-43a5-9cd4-65475a26e2f7,,India
3be80b96-50b6-48fe-a7bd-86150b4e88f3,2025-01-18 08:25:00.719361 UTC,text,hi,4f9aabd1-cd77-435b-909e-f23b11e180e1,6ec5c9c4-9bd3-4bab-af9f-dfe36911b5a1,gender_all_male,India
58b014fa-9808-4399-a986-c7c3af595e12,2025-01-18 08:25:55.514847 UTC,text,hi,4f9aabd1-cd77-435b-909e-f23b11e180e1,6ec5c9c4-9bd3-4bab-af9f-dfe36911b5a1,gender_all_male,India
b31d8b7d-df0b-4dc2-9a09-97bf4b006c57,2025-01-18 08:25:13.433731 UTC,text,hi,4f9aabd1-cd77-435b-909e-f23b11e180e1,6ec5c9c4-9bd3-4bab-af9f-dfe36911b5a1,gender_all_male,India
31e4e0ae-8c85-4206-ac9e-847d38f4a2f8,2025-01-18 08:25:27.263731 UTC,text,hi,4f9aabd1-cd77-435b-909e-f23b11e180e1,6ec5c9c4-9bd3-4bab-af9f-dfe36911b5a1,gender_all_male,India
7e44d94d-2e61-474f-b8dd-488879270b03,2025-01-18 08:24:44.220918 UTC,text,hi,4f9aabd1-cd77-435b-909e-f23b11e180e1,6ec5c9c4-9bd3-4bab-af9f-dfe36911b5a1,gender_all_male,India
a37bd818-a1be-487e-9f8e-cac90b312bce,2025-01-18 08:24:24.967881 UTC,text,hi,4f9aabd1-cd77-435b-909e-f23b11e180e1,6ec5c9c4-9bd3-4bab-af9f-dfe36911b5a1,gender_all_male,India
ad6f5b9e-ae85-48a0-a114-c51458320aad,2025-01-18 08:25:39.613078 UTC,text,hi,4f9aabd1-cd77-435b-909e-f23b11e180e1,6ec5c9c4-9bd3-4bab-af9f-dfe36911b5a1,gender_all_male,India
d0c5390a-d894-4cd3-8c2a-d5025be8d5b4,2024-12-27 11:46:47.399201 UTC,text,hi,cbcd0bbe-50d5-4887-94db-584d1f90a684,661e6808-a4af-4b82-85b8-cfeac99f2133,gender_all_male,India
45814e90-2dd5-4de4-bccb-095be7d630b2,2024-12-27 11:46:01.618932 UTC,text,hi,cbcd0bbe-50d5-4887-94db-584d1f90a684,661e6808-a4af-4b82-85b8-cfeac99f2133,gender_all_male,India
a4ec76c2-0b02-4de7-8010-900fdca4464e,2024-12-27 11:47:04.142266 UTC,text,hi,cbcd0bbe-50d5-4887-94db-584d1f90a684,661e6808-a4af-4b82-85b8-cfeac99f2133,gender_all_male,India
827c5ead-974b-4f0b-8d64-07a641f90bfd,2024-12-27 11:46:27.261908 UTC,voice,hi,cbcd0bbe-50d5-4887-94db-584d1f90a684,661e6808-a4af-4b82-85b8-cfeac99f2133,gender_all_male,India
b45d3718-df8f-486c-9227-5b83b2720aae,2024-12-27 11:47:18.703699 UTC,text,hi,cbcd0bbe-50d5-4887-94db-584d1f90a684,661e6808-a4af-4b82-85b8-cfeac99f2133,gender_all_male,India
2bdc7f3f-8eb1-479e-a825-99cd0fdab872,2026-06-24 12:19:27.389717 UTC,text,,8504d445-a2e5-46f6-aaf2-8cf7490ba2dc,abb3795d-4f84-49cd-b672-59ab1388e65e,,Ethiopia
430a2110-26ca-46d4-ab49-1ea02587eaf4,2026-06-24 12:20:10.295616 UTC,text,om,8504d445-a2e5-46f6-aaf2-8cf7490ba2dc,abb3795d-4f84-49cd-b672-59ab1388e65e,,Ethiopia
da1d1404-f798-41db-b959-db71b37b723e,2025-10-13 02:59:54.193467 UTC,voice,hi,48c9cf24-b170-46bd-a943-77a81b520fa7,2d6b4c5a-f85b-43a5-9cd4-65475a26e2f7,,India
071f756f-126a-469b-9c02-58a8bfb0a7a2,2024-12-27 05:58:56.482937 UTC,voice,hi,43721a29-9e6e-4588-a11d-d4e3d4c3333a,2140fc13-c5b1-4622-b568-1db71202c123,gender_all_female,India
f6f3e19b-e847-43ab-b5ad-2645f45a0bda,2024-12-27 05:59:20.463615 UTC,voice,hi,43721a29-9e6e-4588-a11d-d4e3d4c3333a,2140fc13-c5b1-4622-b568-1db71202c123,gender_all_female,India
6c0b6462-24a5-441e-a3f1-e6a8ee9adcd9,2024-12-27 05:57:54.121229 UTC,voice,hi,9fe56099-0275-449a-a083-75bdccf849f5,2140fc13-c5b1-4622-b568-1db71202c123,gender_all_female,India
db6e4101-02bb-4d5f-a139-6fc94d5064a7,2024-12-27 05:57:31.443161 UTC,voice,en,9fe56099-0275-449a-a083-75bdccf849f5,2140fc13-c5b1-4622-b568-1db71202c123,gender_all_female,India
3b9e6641-7913-43a8-b45b-24bc9cd6960b,2024-12-27 05:58:18.879995 UTC,voice,hi,9fe56099-0275-449a-a083-75bdccf849f5,2140fc13-c5b1-4622-b568-1db71202c123,gender_all_female,India
dc5230ff-7da3-4f2b-8dae-b6f0426e400c,2025-01-03 07:14:51.251322 UTC,voice,hi,60df063a-edde-489e-97dd-7dc8a278fb80,2140fc13-c5b1-4622-b568-1db71202c123,gender_all_female,India
9624140e-ab2c-45b2-87c5-8e72579a2781,2025-01-03 07:18:56.432002 UTC,voice,hi,60df063a-edde-489e-97dd-7dc8a278fb80,2140fc13-c5b1-4622-b568-1db71202c123,gender_all_female,India
daa1b955-3fa0-45c8-84de-c03789d539f3,2025-01-03 07:14:07.023976 UTC,voice,hi,60df063a-edde-489e-97dd-7dc8a278fb80,2140fc13-c5b1-4622-b568-1db71202c123,gender_all_female,India
88872879-047b-4c2c-8830-c419bd62dd9c,2025-01-03 07:15:53.549591 UTC,text,hi,60df063a-edde-489e-97dd-7dc8a278fb80,2140fc13-c5b1-4622-b568-1db71202c123,gender_all_female,India
3a414c61-3ea5-4c35-bf72-300e23b3a418,2025-01-03 07:17:52.49584 UTC,text,hi,60df063a-edde-489e-97dd-7dc8a278fb80,2140fc13-c5b1-4622-b568-1db71202c123,gender_all_female,India
09fd66d3-423b-45b3-b068-de7635642873,2025-01-03 07:16:49.012376 UTC,voice,hi,60df063a-edde-489e-97dd-7dc8a278fb80,2140fc13-c5b1-4622-b568-1db71202c123,gender_all_female,India
087c164d-8465-46b8-8770-cfff59fa85b7,2025-01-03 07:19:19.667511 UTC,voice,hi,9ce95931-b142-4232-8d1c-0cdad855a28f,2140fc13-c5b1-4622-b568-1db71202c123,gender_all_female,India
ef61f14b-1636-4fc7-bf26-073710c62ea2,2025-01-03 07:20:31.899396 UTC,voice,hi,9ce95931-b142-4232-8d1c-0cdad855a28f,2140fc13-c5b1-4622-b568-1db71202c123,gender_all_female,India
9bcf58c3-df30-48c3-bef4-0dfcbe9dd6db,2024-12-27 08:24:01.894436 UTC,image,,792e6867-4a7e-46e5-8495-7227ae0bdd9c,2140fc13-c5b1-4622-b568-1db71202c123,gender_all_female,India
7cd806c4-1cad-49a6-8b9b-83b550221fde,2024-12-27 08:24:26.466139 UTC,text,hi,792e6867-4a7e-46e5-8495-7227ae0bdd9c,2140fc13-c5b1-4622-b568-1db71202c123,gender_all_female,India
bb7b9239-40b5-4d26-81cb-86c69423d4aa,2025-12-18 12:35:22.738652 UTC,text,en,50a69f31-ff5e-47f4-9e14-d38325ec6b50,da89a4a5-a474-4015-bc03-7fb9ed8a692f,,Kenya
a05ab727-ee49-448d-b984-3f24eb29f7f6,2025-12-18 12:34:52.198468 UTC,text,en,50a69f31-ff5e-47f4-9e14-d38325ec6b50,da89a4a5-a474-4015-bc03-7fb9ed8a692f,,Kenya
03b8ace0-7e23-4fa3-bd5f-e13e3e8c80d4,2025-12-18 12:30:09.861397 UTC,text,en,50a69f31-ff5e-47f4-9e14-d38325ec6b50,da89a4a5-a474-4015-bc03-7fb9ed8a692f,,Kenya
bfe063ca-3a3a-4be6-9a07-ff69d79e1ceb,2025-12-18 12:37:51.835287 UTC,text,en,50a69f31-ff5e-47f4-9e14-d38325ec6b50,da89a4a5-a474-4015-bc03-7fb9ed8a692f,,Kenya
c9613d0f-0b38-412c-80f6-09f833e9e61e,2025-01-18 00:56:04.779264 UTC,voice,hi,72bc4139-1316-42d9-b0f5-ced02cb8f060,2140fc13-c5b1-4622-b568-1db71202c123,gender_all_female,India
a3d4c652-79e2-47a0-a2cb-37c162be5379,2025-01-18 00:56:29.593426 UTC,voice,hi,72bc4139-1316-42d9-b0f5-ced02cb8f060,2140fc13-c5b1-4622-b568-1db71202c123,gender_all_female,India
3da96c35-9af9-4a7f-a94d-7750c4308a86,2025-01-18 00:56:57.554497 UTC,voice,hi,72bc4139-1316-42d9-b0f5-ced02cb8f060,2140fc13-c5b1-4622-b568-1db71202c123,gender_all_female,India
092299ae-afd4-447e-b5f6-bbe3c0c03d39,2026-05-26 18:44:01.482929 UTC,text,en,c2ed331b-1331-4f15-be65-21ba62a2ee7b,09314749-29fc-45ff-80f4-49a177d444c0,,Kenya
c94d8c0f-f05e-453a-9bed-33abf4e50b65,2024-12-27 05:57:04.509885 UTC,voice,hi,a3daabb6-123b-40bd-a7c2-e0ab4711d4a3,2140fc13-c5b1-4622-b568-1db71202c123,gender_all_female,India
71a32e4e-d55a-4b82-8d06-8f834888cadc,2026-05-26 18:43:58.31071 UTC,text,en,c2ed331b-1331-4f15-be65-21ba62a2ee7b,09314749-29fc-45ff-80f4-49a177d444c0,,Kenya
9bc90962-cc64-45d2-970a-34e28109f235,2025-01-03 07:32:51.07813 UTC,voice,hi,7de27af7-7259-4dbe-9337-0a400aa79250,2140fc13-c5b1-4622-b568-1db71202c123,gender_all_female,India
1ce25199-e74c-4ec8-b6aa-e09319bd423d,2025-01-03 07:33:33.520859 UTC,voice,hi,7de27af7-7259-4dbe-9337-0a400aa79250,2140fc13-c5b1-4622-b568-1db71202c123,gender_all_female,India
31e8ec0d-951a-434d-9e57-f8a00d06438a,2025-01-03 07:35:07.044592 UTC,text,hi,7de27af7-7259-4dbe-9337-0a400aa79250,2140fc13-c5b1-4622-b568-1db71202c123,gender_all_female,India
1d5b77ca-e6c3-4b51-99b0-879ff0b8907a,2025-01-03 07:34:31.570366 UTC,voice,hi,7de27af7-7259-4dbe-9337-0a400aa79250,2140fc13-c5b1-4622-b568-1db71202c123,gender_all_female,India
bb4da18c-7742-4e12-88b4-0f4eb58d3572,2024-12-27 06:00:18.995218 UTC,voice,hi,261dc763-67c2-4869-9f4a-7a47675eac71,2140fc13-c5b1-4622-b568-1db71202c123,gender_all_female,India
1294baca-a098-49e5-b01f-a9a3678e4697,2024-12-27 05:59:52.753379 UTC,voice,hi,261dc763-67c2-4869-9f4a-7a47675eac71,2140fc13-c5b1-4622-b568-1db71202c123,gender_all_female,India
1d154c4b-7194-46ed-98d7-974c2d183e70,2026-08-26 13:03:41.419197 UTC,text,hi,d2a9f0f6-6d21-4841-9ba5-7d67598e04db,0a564dcc-38da-48f6-8348-d12a73e1c32b,gender_all_male,India
97a17980-bc31-478b-b997-d20f4af2ab43,2025-12-18 12:16:41.929872 UTC,text,en,4d9268e7-0301-43d5-9188-aedf3afff3c1,da89a4a5-a474-4015-bc03-7fb9ed8a692f,,Kenya
6b925a97-42ec-4375-a49e-22f9ad6eda6f,2025-01-03 07:27:58.717154 UTC,voice,hi,710563ca-7549-4572-bf50-b4cb7cc21995,2140fc13-c5b1-4622-b568-1db71202c123,gender_all_female,India
b8d02a5c-a364-428d-a180-7a68e975e8d4,2025-12-18 12:15:36.849025 UTC,text,en,4d9268e7-0301-43d5-9188-aedf3afff3c1,da89a4a5-a474-4015-bc03-7fb9ed8a692f,,Kenya
91548a35-a748-46e5-96ef-a603ba401cab,2025-12-18 12:19:32.146442 UTC,text,en,4d9268e7-0301-43d5-9188-aedf3afff3c1,da89a4a5-a474-4015-bc03-7fb9ed8a692f,,Kenya
ef91ce30-93bb-41e9-aac5-e557e922e170,2025-12-18 12:17:35.531306 UTC,text,en,4d9268e7-0301-43d5-9188-aedf3afff3c1,da89a4a5-a474-4015-bc03-7fb9ed8a692f,,Kenya
f8df7651-dc21-4e6a-81c8-00f56fe65f37,2025-01-03 07:27:38.514849 UTC,voice,hi,710563ca-7549-4572-bf50-b4cb7cc21995,2140fc13-c5b1-4622-b568-1db71202c123,gender_all_female,India
07b205a9-4258-47e7-bd5d-15e951570437,2025-12-18 12:40:06.814748 UTC,text,en,4207e32c-6775-4ce9-b18a-85cad7d2b931,da89a4a5-a474-4015-bc03-7fb9ed8a692f,,Kenya
ed0aed48-8446-4747-8ba7-3a41f1c6b919,2024-12-27 08:25:51.060717 UTC,voice,hi,f6d7d47b-09e1-451c-9eb3-4dd67b54accf,2140fc13-c5b1-4622-b568-1db71202c123,gender_all_female,India
5e087339-0690-4ff0-8530-0352ad49bfcb,2025-01-17 04:25:45.782842 UTC,text,hi,30b7c045-1377-42f1-aa52-c8835bd166d1,2140fc13-c5b1-4622-b568-1db71202c123,gender_all_female,India
a16da45f-6bae-42c0-8a48-27481ba5a523,2025-12-18 12:20:00.242409 UTC,text,en,397013a8-b093-4514-9eb4-ea9cff33b94c,da89a4a5-a474-4015-bc03-7fb9ed8a692f,,Kenya
b77f0706-9601-4a94-8e4f-337b8fcde232,2025-12-18 12:25:04.119114 UTC,text,en,397013a8-b093-4514-9eb4-ea9cff33b94c,da89a4a5-a474-4015-bc03-7fb9ed8a692f,,Kenya
ed09e9e0-c9cd-4d11-9461-1f35198e7cf9,2025-01-18 00:57:41.593151 UTC,voice,hi,e10c6856-eb41-4286-9595-c3fdf01fbc61,2140fc13-c5b1-4622-b568-1db71202c123,gender_all_female,India
90634a0f-db19-4a3f-b994-d19cefa7dccb,2025-01-18 00:59:01.955079 UTC,voice,hi,e10c6856-eb41-4286-9595-c3fdf01fbc61,2140fc13-c5b1-4622-b568-1db71202c123,gender_all_female,India
d9ddccc2-b3f9-49fc-a07d-b48ef03b148d,2025-01-18 00:58:04.86948 UTC,voice,hi,e10c6856-eb41-4286-9595-c3fdf01fbc61,2140fc13-c5b1-4622-b568-1db71202c123,gender_all_female,India
d051cc87-f519-4ae5-807d-1cc7413d501b,2025-01-18 00:59:35.414918 UTC,voice,hi,e10c6856-eb41-4286-9595-c3fdf01fbc61,2140fc13-c5b1-4622-b568-1db71202c123,gender_all_female,India
e93a0029-514a-45c7-be10-87b5d40e1fb6,2025-01-18 00:58:26.464829 UTC,voice,hi,e10c6856-eb41-4286-9595-c3fdf01fbc61,2140fc13-c5b1-4622-b568-1db71202c123,gender_all_female,India
a8326b95-661a-4050-8eae-cb4ddf8f5191,2026-05-26 18:43:23.072714 UTC,text,en,df7a5177-f677-478e-a597-59566c2246d3,09314749-29fc-45ff-80f4-49a177d444c0,,Kenya
b034482d-3a24-4029-9c58-6490430d91a2,2025-01-03 07:26:22.548443 UTC,voice,hi,6514bd35-ee8d-4e07-b864-8ea7dd389d54,2140fc13-c5b1-4622-b568-1db71202c123,gender_all_female,India
87c26da0-cd85-45a9-82c6-27adab9ff2c8,2025-01-03 07:21:47.629664 UTC,voice,hi,6514bd35-ee8d-4e07-b864-8ea7dd389d54,2140fc13-c5b1-4622-b568-1db71202c123,gender_all_female,India
45afd74a-268f-4c54-9b52-8078a13e9aca,2025-01-03 07:22:44.533307 UTC,text,hi,6514bd35-ee8d-4e07-b864-8ea7dd389d54,2140fc13-c5b1-4622-b568-1db71202c123,gender_all_female,India
2ef6424c-28da-4157-93ed-965fad001f49,2025-01-03 07:23:28.413767 UTC,voice,hi,6514bd35-ee8d-4e07-b864-8ea7dd389d54,2140fc13-c5b1-4622-b568-1db71202c123,gender_all_female,India
1ec468c6-b474-42b0-8ee5-15a12a80e63e,2025-01-03 07:27:13.793695 UTC,voice,hi,6514bd35-ee8d-4e07-b864-8ea7dd389d54,2140fc13-c5b1-4622-b568-1db71202c123,gender_all_female,India
824aece5-1754-4641-b05f-0564c389f71a,2025-01-03 07:24:43.482517 UTC,voice,hi,6514bd35-ee8d-4e07-b864-8ea7dd389d54,2140fc13-c5b1-4622-b568-1db71202c123,gender_all_female,India
25c64592-8416-472c-bbdc-dbd1f23f5feb,2025-01-03 07:31:06.638638 UTC,image,,5cea00ac-cce9-4a4a-93f5-d0fc9d680955,2140fc13-c5b1-4622-b568-1db71202c123,gender_all_female,India
04a7dcea-f160-425a-a3ab-923e4272193d,2025-01-03 07:30:04.099779 UTC,image,,5cea00ac-cce9-4a4a-93f5-d0fc9d680955,2140fc13-c5b1-4622-b568-1db71202c123,gender_all_female,India
0ad4bde3-c4f4-40e6-87f1-b708a66fa26c,2025-01-03 07:30:35.655172 UTC,image,,5cea00ac-cce9-4a4a-93f5-d0fc9d680955,2140fc13-c5b1-4622-b568-1db71202c123,gender_all_female,India
66c31fa6-6a25-48d4-8320-f900e743348f,2025-01-03 07:31:42.154504 UTC,image,,5cea00ac-cce9-4a4a-93f5-d0fc9d680955,2140fc13-c5b1-4622-b568-1db71202c123,gender_all_female,India
b5fad278-a80a-407c-a4da-0e6cb20b4e4a,2025-01-03 07:31:59.282461 UTC,image,,5cea00ac-cce9-4a4a-93f5-d0fc9d680955,2140fc13-c5b1-4622-b568-1db71202c123,gender_all_female,India
02771dda-a19c-463f-a233-2b303dbe35a0,2025-12-18 12:14:49.025831 UTC,text,en,5dbaac45-f883-487f-86a7-b47ea7f3bc18,da89a4a5-a474-4015-bc03-7fb9ed8a692f,,Kenya
bbcd34d2-8777-496c-a7a6-aa2a39719b35,2026-05-26 18:45:27.422176 UTC,text,en,59c695cd-be46-4ab1-9266-f9f1423a4920,09314749-29fc-45ff-80f4-49a177d444c0,,Kenya
336b0cb5-2dc8-4bba-8d70-3e61e8ce1b8e,2026-05-26 18:46:54.343997 UTC,text,en,59c695cd-be46-4ab1-9266-f9f1423a4920,09314749-29fc-45ff-80f4-49a177d444c0,,Kenya
14473e0e-5839-42de-af6d-8bd66c4ac5b0,2026-05-26 18:45:23.633849 UTC,text,en,59c695cd-be46-4ab1-9266-f9f1423a4920,09314749-29fc-45ff-80f4-49a177d444c0,,Kenya
ebdec645-1a83-4150-a0c1-e4ef1c308ed1,2024-12-27 06:01:12.908312 UTC,voice,hi,591dd1ce-e4ae-4d84-8f3f-b43578dce37f,2140fc13-c5b1-4622-b568-1db71202c123,gender_all_female,India
1756c33d-0ead-46bc-b128-44ecd966ec0c,2024-12-27 06:00:49.182937 UTC,voice,hi,591dd1ce-e4ae-4d84-8f3f-b43578dce37f,2140fc13-c5b1-4622-b568-1db71202c123,gender_all_female,India
d2595942-f378-437b-841d-81ee4380e7bf,2024-12-27 06:01:42.333744 UTC,voice,hi,cf2da5ef-43c4-45f6-8522-8fd7a9c7d42b,2140fc13-c5b1-4622-b568-1db71202c123,gender_all_female,India
09f0ecd6-4ff3-426f-976b-d5d5316f7929,2026-03-19 13:50:15.908459 UTC,text,en,2e1f8ed8-f3d9-4013-ab74-d09ff37f58e4,b6107077-fa77-4294-b6cd-92c81e8938e0,gender_all_female,Kenya
4937e065-3000-4276-8938-95026d755105,2026-07-13 15:17:52.55986 UTC,text,en,cec6701f-d55a-4811-b974-39ea2c3f9e07,73c0e408-c8a4-4bd1-9f49-04900e464efa,,India
7b33cd63-7880-4af0-8cb5-16606780df32,2026-03-19 13:44:29.782615 UTC,text,en,78afd2ea-13e3-4f35-808a-2224e3f250a9,b6107077-fa77-4294-b6cd-92c81e8938e0,gender_all_female,Kenya
7abafc2d-7d1a-4fed-be7e-6b1ee71673e3,2026-02-03 07:20:24.088119 UTC,text,en,1cd23347-009b-4be5-abe5-ae732329f4e7,59a694ae-052f-44c7-8dfc-1ac68fdc1f2f,,Ethiopia
b93032fe-8117-4c90-9bf8-b6246689c1b8,2026-02-13 13:57:06.392791 UTC,text,en,09ffab7e-6384-40ab-adb4-6eadb0f518f5,119acfe7-b14e-4bbd-aac1-041aea2dd55c,,Nigeria
918cbf0d-71b3-441a-8d86-9af9cd89b113,2026-07-24 09:05:59.090647 UTC,text,te,6662eeea-322e-462b-97ef-f93acfa21423,2d74710e-926a-4503-b632-060c5c37c2eb,,India
97c1c3be-9bac-4c98-a57d-00e969d76da3,2026-03-19 12:41:15.282136 UTC,text,en,40113947-6814-40b3-9026-2b2f7654a403,b6107077-fa77-4294-b6cd-92c81e8938e0,gender_all_female,Kenya
7d53132c-04c7-48f7-9df3-172cf60f9ad8,2026-03-19 13:43:35.70473 UTC,text,en,16798d35-4053-4747-912c-4d2a2b415edd,b6107077-fa77-4294-b6cd-92c81e8938e0,gender_all_female,Kenya
47af0335-0bf7-4335-8444-e734ec1c5580,2026-08-05 20:00:06.921798 UTC,text,am,023c578f-c7cb-4731-8966-28de045f7d89,00ff87e1-6a73-417a-8581-101a87e348f8,,Ethiopia
fdd6b694-4645-40b9-9934-4adf882b42ba,2026-03-19 14:00:35.597396 UTC,text,en,571bd921-2ad2-483f-af6b-44bb46602cf2,b6107077-fa77-4294-b6cd-92c81e8938e0,gender_all_female,Kenya
7786c3ef-65fe-4bfe-96bb-7d306f9c4913,2026-08-21 16:47:16.794452 UTC,text,am,549b88d2-3cda-478f-99c9-f4c7a091b74f,00ff87e1-6a73-417a-8581-101a87e348f8,,Ethiopia
e7970ac6-48af-43ee-b718-b53a33187fe2,2026-03-19 13:40:59.19644 UTC,text,en,a7e209ff-1055-4882-bc41-28c1ef509269,b6107077-fa77-4294-b6cd-92c81e8938e0,gender_all_female,Kenya
27a3eaa1-24be-4922-94b4-1273a8845105,2026-03-19 13:53:49.569939 UTC,image,,52413b25-b40b-48a5-a883-89914a3e4a1e,b6107077-fa77-4294-b6cd-92c81e8938e0,gender_all_female,Kenya
abbf93b4-ebc0-41c1-b328-34d13662140c,2025-11-28 12:26:13.290534 UTC,text,en,c92eb570-bf3b-4d8f-a63c-4cda1f9f3c2f,119acfe7-b14e-4bbd-aac1-041aea2dd55c,,Nigeria
1dfccf41-2843-4718-b395-850026aea5a4,2025-11-28 12:25:47.003468 UTC,text,en,c92eb570-bf3b-4d8f-a63c-4cda1f9f3c2f,119acfe7-b14e-4bbd-aac1-041aea2dd55c,,Nigeria
a37bc5bc-c73d-411e-b6c9-0f9f70abe06f,2026-07-17 08:25:58.052646 UTC,text,,24d37f95-2cd2-400d-82a8-502ad47ac333,54eb1fe8-f289-47b9-976f-27a49d5a4dd5,gender_all_male,Ethiopia
f2e0eb5a-d301-41d0-8d42-223a6f00da4c,2026-07-17 08:25:02.192455 UTC,text,om,5779a695-9630-4b28-b4ff-9bada9da26cf,54eb1fe8-f289-47b9-976f-27a49d5a4dd5,gender_all_male,Ethiopia
12e22121-fa60-426c-b15b-c5bc7a350a91,2026-09-02 08:56:21.25032 UTC,text,en,57c4633c-1eff-4806-9895-d990a65afbc2,8a7995e3-4dd2-4bb3-ace3-0d6d96e2ccbc,,India
d5bfd531-9229-408d-887a-7064ed52f3a3,2026-09-02 08:56:36.788633 UTC,text,en,57c4633c-1eff-4806-9895-d990a65afbc2,8a7995e3-4dd2-4bb3-ace3-0d6d96e2ccbc,,India
8c12177e-efe5-454b-8ae2-be22818a8ea0,2025-04-07 14:57:38.411221 UTC,text,om,69070123-cc33-461c-a6e2-bc2bf728c038,54eb1fe8-f289-47b9-976f-27a49d5a4dd5,gender_all_male,Ethiopia
01e0e308-60e6-4e19-a7f0-0eca657df5f6,2025-04-07 14:59:25.05701 UTC,text,om,69070123-cc33-461c-a6e2-bc2bf728c038,54eb1fe8-f289-47b9-976f-27a49d5a4dd5,gender_all_male,Ethiopia
74094d7b-2322-4a3e-89cf-72a6ff87d7c5,2025-11-30 13:13:56.637266 UTC,text,hi,3863bd79-6c22-4390-be56-477d72c032f4,c69584f7-fddb-403a-8359-8ef3c5667d99,,India
72b76feb-de8d-4eda-a0d2-b851be38a026,2026-08-11 13:36:32.01942 UTC,text,om,3479f657-a5b2-44ed-88dd-5fbc82d2c2a9,711fddc0-4581-4050-ae53-48aa04e1cfaa,,Ethiopia
c31c5b44-e154-4c8c-a82b-273a57584d22,2025-03-30 04:56:20.919891 UTC,text,om,8a260773-f293-44af-95ad-07bdcb94e8cb,54eb1fe8-f289-47b9-976f-27a49d5a4dd5,gender_all_male,Ethiopia
7058454a-229a-4c3b-8727-67e11310c83d,2025-03-30 04:55:27.925886 UTC,text,om,8a260773-f293-44af-95ad-07bdcb94e8cb,54eb1fe8-f289-47b9-976f-27a49d5a4dd5,gender_all_male,Ethiopia
ec684393-1aae-4456-bcbb-7c90c4851145,2026-05-23 18:15:44.720967 UTC,voice,en,c62a5782-af66-481c-b33c-ff2a6e6d1e49,8a7995e3-4dd2-4bb3-ace3-0d6d96e2ccbc,,India
cd1bfdd2-819d-4e57-a850-efe5989cddfc,2025-03-30 04:56:54.028472 UTC,text,om,ac8c098c-08cb-4fca-b6e4-173f1f2c0d0b,54eb1fe8-f289-47b9-976f-27a49d5a4dd5,gender_all_male,Ethiopia
ff5e06c9-f169-4ade-a72f-709358863268,2026-01-09 21:41:35.438225 UTC,image,,3b60931c-4f64-4052-bdd6-427d719e1727,c69584f7-fddb-403a-8359-8ef3c5667d99,,India
02f43030-fad9-4986-b250-672d556149dd,2026-03-02 03:24:22.714923 UTC,image,,ed5d8ea1-3dab-4f39-b750-e6c84c03d154,c69584f7-fddb-403a-8359-8ef3c5667d99,,India
5adcb9e7-8d1c-4e84-82ba-3a610aeaf646,2025-03-30 05:03:04.802574 UTC,text,om,46a6c316-0068-4231-822b-698182c8d3c1,54eb1fe8-f289-47b9-976f-27a49d5a4dd5,gender_all_male,Ethiopia
b9ee8926-1a7e-4900-a894-63804b7d2127,2025-03-30 05:00:52.677778 UTC,text,om,46a6c316-0068-4231-822b-698182c8d3c1,54eb1fe8-f289-47b9-976f-27a49d5a4dd5,gender_all_male,Ethiopia
aae3d583-6350-4f91-99ee-80f6e9174eda,2025-03-30 05:08:12.722339 UTC,text,om,46a6c316-0068-4231-822b-698182c8d3c1,54eb1fe8-f289-47b9-976f-27a49d5a4dd5,gender_all_male,Ethiopia
b7f462de-ed9e-47c7-87a4-1d5efd4a2499,2025-03-30 05:09:09.502012 UTC,text,om,46a6c316-0068-4231-822b-698182c8d3c1,54eb1fe8-f289-47b9-976f-27a49d5a4dd5,gender_all_male,Ethiopia
ed6209ae-ce8e-43ce-8f61-95bb33e7abb0,2025-03-30 05:06:16.36431 UTC,text,om,46a6c316-0068-4231-822b-698182c8d3c1,54eb1fe8-f289-47b9-976f-27a49d5a4dd5,gender_all_male,Ethiopia
24c5dcdf-309e-476a-bb02-eef9df7d42e3,2026-01-09 21:45:47.714063 UTC,text,hi,ca04725d-ad98-4abc-9833-d6b11d668bf3,c69584f7-fddb-403a-8359-8ef3c5667d99,,India
c2337eb6-3f0d-4c0e-9674-3e9051db0426,2026-01-09 21:44:30.768052 UTC,image,,6f9b9c16-74a6-49a6-baaa-0dbe783c7d13,c69584f7-fddb-403a-8359-8ef3c5667d99,,India
d0b975bb-0772-4700-be58-b01c60550e66,2026-01-09 21:45:23.785363 UTC,image,,6f9b9c16-74a6-49a6-baaa-0dbe783c7d13,c69584f7-fddb-403a-8359-8ef3c5667d99,,India
ede3a534-7948-4f1c-935b-6be80aea433e,2026-08-12 00:56:07.768962 UTC,text,hi,d435c906-a395-48cd-bb4f-41e7c95e9ee8,c69584f7-fddb-403a-8359-8ef3c5667d99,,India
3905c2aa-36c6-4034-b157-b79a4307152e,2025-03-30 03:54:33.90281 UTC,text,om,3a972701-de34-4c5d-88fa-ff195ae1b897,54eb1fe8-f289-47b9-976f-27a49d5a4dd5,gender_all_male,Ethiopia
671686db-627f-43ea-83ee-d129c5ed5814,2025-03-30 03:56:37.120796 UTC,text,om,3a972701-de34-4c5d-88fa-ff195ae1b897,54eb1fe8-f289-47b9-976f-27a49d5a4dd5,gender_all_male,Ethiopia
ce30c88e-f1fd-49a1-908c-69c3c29c3888,2025-03-30 03:55:14.231262 UTC,text,om,3a972701-de34-4c5d-88fa-ff195ae1b897,54eb1fe8-f289-47b9-976f-27a49d5a4dd5,gender_all_male,Ethiopia
2d5e8bdd-3925-44b3-8328-f8d850516e84,2025-03-30 03:56:17.1042 UTC,text,om,3a972701-de34-4c5d-88fa-ff195ae1b897,54eb1fe8-f289-47b9-976f-27a49d5a4dd5,gender_all_male,Ethiopia
d8ecb7f3-c95e-41cc-a82e-475b073ad8f3,2025-03-30 03:55:31.234853 UTC,text,om,3a972701-de34-4c5d-88fa-ff195ae1b897,54eb1fe8-f289-47b9-976f-27a49d5a4dd5,gender_all_male,Ethiopia
a199379e-8c21-45bf-a799-dd4e7c397c78,2025-03-30 03:55:53.710635 UTC,text,om,3a972701-de34-4c5d-88fa-ff195ae1b897,54eb1fe8-f289-47b9-976f-27a49d5a4dd5,gender_all_male,Ethiopia
10af0b9d-7f83-4f77-9d80-6df1c99ef36e,2025-03-30 03:56:56.280925 UTC,text,om,3a972701-de34-4c5d-88fa-ff195ae1b897,54eb1fe8-f289-47b9-976f-27a49d5a4dd5,gender_all_male,Ethiopia
26f60550-0991-43b0-ab2a-0defb7abc091,2025-12-06 01:45:12.502126 UTC,text,hi,95f2e8ff-5833-4a9b-8978-53ef63eb82c5,c69584f7-fddb-403a-8359-8ef3c5667d99,,India
50810a27-1701-47af-a590-2483f8c3bc33,2026-09-02 08:57:44.399728 UTC,text,en,82a4af05-d88f-4fbb-b038-8b185c880dcb,8a7995e3-4dd2-4bb3-ace3-0d6d96e2ccbc,,India
2e860ff6-c66b-4870-a3f5-61b7d97961d3,2026-08-12 00:57:33.109171 UTC,image,,5dd70c02-3159-421c-be6b-b463a225e353,c69584f7-fddb-403a-8359-8ef3c5667d99,,India
8bcaa729-af8c-4f6b-986d-968e3b7809ed,2026-03-02 03:19:47.4622 UTC,image,,a9cefe9b-7d7c-4dff-ad67-686c155b649d,c69584f7-fddb-403a-8359-8ef3c5667d99,,India
4188ddca-d89c-4681-942d-b5d7d67443eb,2025-11-30 13:12:57.865448 UTC,text,hi,a098314b-46d5-435c-952f-5ed7f8772c9f,c69584f7-fddb-403a-8359-8ef3c5667d99,,India
787b501c-4717-48ab-ad6a-0cad25115b78,2026-03-02 03:22:02.780215 UTC,image,,b92ab729-d25b-44bb-b6d7-5e0a8fa3b8c2,c69584f7-fddb-403a-8359-8ef3c5667d99,,India
69318bf1-06a6-4166-9992-caaf2420e5ea,2026-03-02 03:20:35.96555 UTC,image,,b92ab729-d25b-44bb-b6d7-5e0a8fa3b8c2,c69584f7-fddb-403a-8359-8ef3c5667d99,,India
a370982e-d698-4f13-972e-a95cbeda1599,2026-01-17 07:01:12.59301 UTC,text,am,f6cd02b6-c052-409a-a569-3e393aff19dc,b55ddf3b-bc5d-4410-aa57-adc8e162eeed,,Ethiopia
1301269d-80d1-44a7-aa70-a475876b12df,2026-01-02 08:15:15.62974 UTC,text,en,d98bf553-3f35-4ba9-b7ef-5db25f35b506,38288dd3-2599-4f6e-b8f6-d2d99bf21d4f,gender_all_male,India
9b74872d-bd6c-4209-a3dd-35a89abfe42e,2026-01-20 09:58:24.897977 UTC,text,hi,3552f178-b51c-4882-9b73-60f84afe9ebe,d780de20-9e74-429a-8bbe-2581b20dd767,,India
57fccc22-be24-48bc-adb5-5da1861dd03a,2026-01-02 08:14:27.046925 UTC,text,en,a8d695d0-af0a-43ee-888e-6268709abe5f,38288dd3-2599-4f6e-b8f6-d2d99bf21d4f,gender_all_male,India
7f51d357-139a-4155-8889-02cc1f4c7217,2026-02-17 12:38:52.048029 UTC,text,hi,bd09d2cc-69f0-4fa3-b12c-5a31bf98eea0,45381cff-898e-4279-aff3-d85c4644a247,,India
0d546d13-cf6a-40a7-970b-81f37ae52355,2026-06-16 20:47:36.19785 UTC,text,mr,59418d26-3922-49f7-9d27-6002ab389ffe,4cc5d02d-977a-4d8b-b587-9185dfa170a4,,India
4e23d2f0-5113-4f20-a1ea-c83fae7900fc,2026-06-16 20:46:31.122985 UTC,text,mr,d943f172-48c5-4919-88c0-a701c071def4,4cc5d02d-977a-4d8b-b587-9185dfa170a4,,India
92a7b2c5-b2a7-410f-9f80-ab00827b5ee5,2026-09-05 13:28:45.216218 UTC,voice,hi,2c5ffdf5-5dd5-434d-ac0c-9968f7dd0d31,fc6df03a-b261-4c66-a045-4a00d7ed5209,,India
6e867c96-f742-4497-8b37-1d82a8ad766f,2026-06-16 20:48:14.511078 UTC,text,mr,a880346f-d816-4042-906a-4c1207c842b3,4cc5d02d-977a-4d8b-b587-9185dfa170a4,,India
62a8ed15-4322-41b8-9f1e-77726f48b4d3,2026-01-31 13:33:38.369832 UTC,text,hi,db843c05-12b7-4218-bde2-1df07f276778,684e62d6-912b-4abe-82c6-407ec0fcaef9,gender_all_female,India
1f9407be-9234-401c-844e-56a8871b911a,2026-07-14 07:18:30.716513 UTC,text,hi,e00fa4cf-2b69-44aa-93cc-b09ec3020df2,f968859a-df75-40ba-9289-cbe2e10f771a,,India
882d931a-e860-40be-bf38-955eb4ac7833,2026-07-14 07:18:09.720479 UTC,text,hi,7acf8010-d26e-456e-a283-e7244a7227d4,f968859a-df75-40ba-9289-cbe2e10f771a,,India
8699b460-5fb9-491f-a244-da1d7e5d7e7c,2026-08-31 06:21:02.017706 UTC,text,hi,2852e6e1-7e15-4f29-8cda-00fc56a5618a,b25a75e6-c401-4060-8bcc-a98b0cb611ed,,India
6b78bb61-f030-4edb-a42b-7456ebe5c0ed,2026-08-31 06:18:07.547914 UTC,text,hi,2852e6e1-7e15-4f29-8cda-00fc56a5618a,b25a75e6-c401-4060-8bcc-a98b0cb611ed,,India
f44f1d8d-1f03-4d02-acf7-370df3301d08,2026-07-14 11:21:11.9597 UTC,text,hi,c7da433e-3be7-48f3-8169-3ecca1711bd7,f968859a-df75-40ba-9289-cbe2e10f771a,,India
7c12e9a3-73b2-4ef0-b075-660b93b37b8d,2025-02-06 02:56:04.501057 UTC,text,hi-Latn,46e3d27f-dfee-4784-95f1-272437bd6637,86c19ec3-1e07-4661-96d5-72cfbf8a02aa,gender_all_male,India
fe230cc6-0a76-4922-ad26-f90cafbec0b1,2025-02-06 03:00:09.296369 UTC,text,hi-Latn,46e3d27f-dfee-4784-95f1-272437bd6637,86c19ec3-1e07-4661-96d5-72cfbf8a02aa,gender_all_male,India
935f67f3-ad7f-4f78-85cb-30e68424f757,2025-02-06 02:52:26.852309 UTC,text,hi,46e3d27f-dfee-4784-95f1-272437bd6637,86c19ec3-1e07-4661-96d5-72cfbf8a02aa,gender_all_male,India
3219e1e5-3b3b-4a11-9b2e-30f80345f76e,2025-02-06 03:00:40.768776 UTC,text,hi,46e3d27f-dfee-4784-95f1-272437bd6637,86c19ec3-1e07-4661-96d5-72cfbf8a02aa,gender_all_male,India
1de601a4-5433-4fe0-9213-b56a047e6fe5,2025-02-06 02:51:43.142964 UTC,text,hi,46e3d27f-dfee-4784-95f1-272437bd6637,86c19ec3-1e07-4661-96d5-72cfbf8a02aa,gender_all_male,India
65a7732c-51b3-4808-a697-8298005f8ff8,2025-02-06 02:58:02.998249 UTC,text,hi,46e3d27f-dfee-4784-95f1-272437bd6637,86c19ec3-1e07-4661-96d5-72cfbf8a02aa,gender_all_male,India
ea8b5b99-e003-4203-ad92-837c9e00b7ec,2025-02-06 02:56:47.307344 UTC,text,hi,46e3d27f-dfee-4784-95f1-272437bd6637,86c19ec3-1e07-4661-96d5-72cfbf8a02aa,gender_all_male,India
1f82092a-c2c9-4d3b-9b4d-4477db9697f1,2025-02-06 03:02:04.329882 UTC,text,hi,46e3d27f-dfee-4784-95f1-272437bd6637,86c19ec3-1e07-4661-96d5-72cfbf8a02aa,gender_all_male,India
f98eb7bf-a82e-43d1-93a1-ea5efd0147ac,2025-02-06 02:53:31.040958 UTC,text,hi,46e3d27f-dfee-4784-95f1-272437bd6637,86c19ec3-1e07-4661-96d5-72cfbf8a02aa,gender_all_male,India
58e948eb-88a3-4d5f-afc0-757f698c2657,2025-02-06 02:52:52.145189 UTC,text,hi,46e3d27f-dfee-4784-95f1-272437bd6637,86c19ec3-1e07-4661-96d5-72cfbf8a02aa,gender_all_male,India
e0be6c14-049b-411b-9b17-7d3318f704dd,2025-02-06 02:58:34.236989 UTC,text,hi,46e3d27f-dfee-4784-95f1-272437bd6637,86c19ec3-1e07-4661-96d5-72cfbf8a02aa,gender_all_male,India
7cad5ec7-aee5-4c89-9c48-4597094f2000,2026-07-14 16:16:47.730987 UTC,text,hi,a9246721-feef-4cbe-80cf-02d67a27b2cb,f968859a-df75-40ba-9289-cbe2e10f771a,,India
e4534875-0cf1-4bd6-9b21-e204ba345c12,2026-01-31 08:38:14.198051 UTC,text,hi,1581a674-58dc-4dee-909d-e92b7f817ec1,684e62d6-912b-4abe-82c6-407ec0fcaef9,gender_all_female,India
f4a9c162-c9ce-45b8-b935-4410a87eddc5,2026-07-04 08:30:50.574811 UTC,text,en,d6556eba-b8dc-41f6-8b8c-5c3607440134,a5eebaab-bac8-4ffc-ac31-164471ea7cb5,,Ethiopia
39441227-a342-46c9-b4be-46d2f301b579,2026-07-14 07:19:01.630715 UTC,text,hi,499f3d1f-9ca8-405e-a22d-349f1c8e0983,f968859a-df75-40ba-9289-cbe2e10f771a,,India
310e33f0-44d1-42f6-8d73-bcd2be6580fd,2025-02-01 06:36:15.719218 UTC,text,hi-Latn,f22b2ba9-5b10-40bf-89e5-8c59c54d8566,86c19ec3-1e07-4661-96d5-72cfbf8a02aa,gender_all_male,India
42792191-2013-4b4b-923f-bb073130c5c5,2025-02-01 06:38:00.664624 UTC,text,hi-Latn,f22b2ba9-5b10-40bf-89e5-8c59c54d8566,86c19ec3-1e07-4661-96d5-72cfbf8a02aa,gender_all_male,India
79a830cc-dd28-4484-bab0-096dc6fc8888,2025-02-01 06:38:48.092048 UTC,text,hi,f22b2ba9-5b10-40bf-89e5-8c59c54d8566,86c19ec3-1e07-4661-96d5-72cfbf8a02aa,gender_all_male,India
4a890f3b-0800-4f26-b086-e82193ff43dc,2025-02-01 06:38:19.346972 UTC,text,hi,f22b2ba9-5b10-40bf-89e5-8c59c54d8566,86c19ec3-1e07-4661-96d5-72cfbf8a02aa,gender_all_male,India
78029aaa-094d-4e89-9ccb-0377b2fbe65e,2025-02-01 06:36:35.629056 UTC,text,hi,f22b2ba9-5b10-40bf-89e5-8c59c54d8566,86c19ec3-1e07-4661-96d5-72cfbf8a02aa,gender_all_male,India
d94777d7-fb88-4646-b6b2-98f6047eaf00,2025-02-01 06:36:59.202781 UTC,text,hi,f22b2ba9-5b10-40bf-89e5-8c59c54d8566,86c19ec3-1e07-4661-96d5-72cfbf8a02aa,gender_all_male,India
a4cbd338-4031-47ae-aeb4-cfedff333c47,2025-02-01 06:37:23.576748 UTC,text,hi,f22b2ba9-5b10-40bf-89e5-8c59c54d8566,86c19ec3-1e07-4661-96d5-72cfbf8a02aa,gender_all_male,India
c12a4b29-b478-4d75-a5e6-48b68c99c2e6,2025-12-04 06:21:37.219339 UTC,text,hi,9ecb1acb-e29a-4406-a659-4fafe4bc0f58,5fe7763b-0b12-4164-bd5f-010855f547f2,,India
4113e77e-a1c4-41ee-b424-394c850a04f7,2025-12-04 06:18:49.973862 UTC,text,hi,635e5e52-2717-4c64-87e9-4a5293cd44d4,5fe7763b-0b12-4164-bd5f-010855f547f2,,India
e69604c2-338a-4d6c-88ea-e2d341b1a45a,2025-12-04 06:21:21.53562 UTC,text,hi,1f9f1c31-1460-44ae-882b-f0fc607ad4eb,5fe7763b-0b12-4164-bd5f-010855f547f2,,India
2918ab7a-aa7a-4009-ac68-74ba10612a8b,2025-11-10 05:52:22.078043 UTC,text,,a5bd95a2-4b4f-4f13-97d2-34d565ba7aa2,c97e4851-239b-4bba-a14c-6db327f403cf,gender_all_male,Ethiopia
b0acf9b3-811c-49b0-8057-7855695b085d,2026-07-17 07:01:55.48112 UTC,text,hi,29035d2d-64d8-4e93-9bd8-002a26b8b71e,a9dce842-0efa-4d16-b185-e1b2f790cc5a,gender_all_male,India
b30dd17d-a66d-4722-a926-2acf18ba2cf6,2025-12-11 09:19:56.755323 UTC,text,hi,a7e297e0-0582-4e6e-88a3-aa50584de34c,5fcfdba1-a8d6-4170-a3a5-95bc6860dab1,,India
55d6fdb2-6ae9-49c2-afd5-432592f73cd6,2025-11-10 05:50:32.28771 UTC,text,am,603dd51c-6be3-4fc2-8311-56002884b57e,c97e4851-239b-4bba-a14c-6db327f403cf,gender_all_male,Ethiopia
ee0ada4e-ab4d-42ff-8877-ac87e2294817,2025-12-11 09:25:04.427359 UTC,image,,84fde145-e73b-4ac4-9370-6ff9190cf075,5fcfdba1-a8d6-4170-a3a5-95bc6860dab1,,India
d1dfecc1-a896-4bd3-bc56-5f4278cab146,2025-12-11 09:35:10.753397 UTC,text,hi,84fde145-e73b-4ac4-9370-6ff9190cf075,5fcfdba1-a8d6-4170-a3a5-95bc6860dab1,,India
b9d0f454-43b4-4964-9cc1-3caec74091ad,2025-11-10 05:54:32.97016 UTC,text,en,4dc77055-49ea-4d59-b509-e94a3b10f9d0,c97e4851-239b-4bba-a14c-6db327f403cf,gender_all_male,Ethiopia
4084a30d-e809-4fac-976b-5f1e1e067931,2025-12-04 06:16:39.885578 UTC,text,hi,90fc017e-12b3-4d4b-b1bb-7e1b0e7b244c,5fe7763b-0b12-4164-bd5f-010855f547f2,,India
38b5976d-964b-4f23-ac26-b1feee089294,2025-12-11 09:23:39.2742 UTC,image,,58a63513-2473-49ac-be66-00a4b3a1be09,5fcfdba1-a8d6-4170-a3a5-95bc6860dab1,,India
fd8adee3-3f75-4ae1-a779-607f781045bf,2026-07-17 06:35:52.914345 UTC,text,hi,64e6f551-9e3e-4d65-b037-69f822dfabc4,a9dce842-0efa-4d16-b185-e1b2f790cc5a,gender_all_male,India
7ef0790f-b5c8-4125-996f-147802aba2e3,2026-07-17 13:52:17.050101 UTC,text,hi,09ac81f2-8073-48fa-839d-47adc4ecf601,a9dce842-0efa-4d16-b185-e1b2f790cc5a,gender_all_male,India
d5068416-4314-410d-adf7-46e338013404,2025-12-04 06:21:27.582695 UTC,text,hi,485f51b5-7d0d-4439-95be-37e45df56fef,5fe7763b-0b12-4164-bd5f-010855f547f2,,India
e6df7c7f-29a4-4da3-bd1c-54c099a54d41,2025-12-04 06:18:32.704768 UTC,image,,e48534aa-6186-4256-a856-0c70a9efa226,5fe7763b-0b12-4164-bd5f-010855f547f2,,India
4ce53c67-a887-4bdf-b194-de56045b5371,2025-12-07 10:31:34.790382 UTC,text,hi,d67ffd2f-cc94-4a36-a370-8aa1714ad76c,5fcfdba1-a8d6-4170-a3a5-95bc6860dab1,,India
c77458a9-3ed3-4aa4-b26d-df95894582c0,2025-12-07 10:33:39.206446 UTC,text,hi,d67ffd2f-cc94-4a36-a370-8aa1714ad76c,5fcfdba1-a8d6-4170-a3a5-95bc6860dab1,,India
d65d9ecf-dda6-4d4a-a5d5-dc5d5eae53f9,2026-04-10 23:37:25.614751 UTC,text,en,cc3ebdd4-2b41-4e86-bc44-fbbae31f013b,ebfc8b4c-0919-4234-874e-82736349c197,,India
b375510d-1c8e-4333-aa6a-f3b0f00a18db,2026-01-19 10:44:27.938829 UTC,text,en,8d7035ae-d26d-4047-936f-41e436999744,ebfc8b4c-0919-4234-874e-82736349c197,,India
e69b152d-d9ab-4909-9b20-4e24948ec781,2026-04-10 23:39:01.409241 UTC,text,te,6c1a5127-f41e-4123-8479-3e34c1ea79ce,ebfc8b4c-0919-4234-874e-82736349c197,,India
61a216b0-052f-4978-ae48-11960ee92438,2026-08-21 12:21:02.473694 UTC,text,en,ba87166b-4967-4702-a2a5-6d00327c3eb7,704cbda0-6bc1-45ba-8382-fbc4f750f0d4,,Kenya
ac283834-68b9-488d-bb80-78afc088d650,2026-08-21 12:20:47.396639 UTC,text,en,ba87166b-4967-4702-a2a5-6d00327c3eb7,704cbda0-6bc1-45ba-8382-fbc4f750f0d4,,Kenya
0acef962-bf3e-4060-9924-a36c0c81b977,2025-12-14 13:51:46.924401 UTC,voice,hi,0251bd45-bfd6-42e0-80ed-430d636dbb22,9cdb22af-a022-4369-818e-d8b985113d7e,,India
d650cf95-1025-4173-874e-a410ad403b45,2025-08-14 07:08:06.518045 UTC,text,en,8739619b-f34c-4568-8c24-c2e1074abc36,ebfc8b4c-0919-4234-874e-82736349c197,,India
d423443a-02a1-43ff-90ab-38459af6e11a,2025-11-05 09:37:30.111072 UTC,text,en,ae780f72-91db-4079-b6e2-710ee03c5804,677f3c9a-d754-4def-9190-0c93c0588a7b,gender_all_male,Kenya
57e30100-2c60-448c-a8f9-438e20d704a1,2025-09-14 14:08:01.558948 UTC,text,om,09ac6814-6533-413b-bd59-3da79fba3b2c,0c9d42af-cc3f-4027-82e0-0c4cb9eb60f8,gender_all_male,Ethiopia
ec906fea-5539-4785-90eb-31995534f401,2025-09-14 14:08:31.7537 UTC,text,om,09ac6814-6533-413b-bd59-3da79fba3b2c,0c9d42af-cc3f-4027-82e0-0c4cb9eb60f8,gender_all_male,Ethiopia
7fceeb23-aeec-460f-bbd3-458a8587781f,2025-09-14 14:06:57.77103 UTC,text,om,09ac6814-6533-413b-bd59-3da79fba3b2c,0c9d42af-cc3f-4027-82e0-0c4cb9eb60f8,gender_all_male,Ethiopia
daa5335e-3690-4472-a89a-4e07fed2fb88,2025-09-14 14:07:30.861777 UTC,text,om,09ac6814-6533-413b-bd59-3da79fba3b2c,0c9d42af-cc3f-4027-82e0-0c4cb9eb60f8,gender_all_male,Ethiopia
4a35cb2f-2513-4825-842a-ddfaca3fd739,2025-02-11 11:37:30.448637 UTC,text,sw,35b9f559-9eba-4ff2-9c12-ff20d1c9da85,677f3c9a-d754-4def-9190-0c93c0588a7b,gender_all_male,Kenya
c887d3a0-3461-45b1-a553-3099f3002301,2026-04-03 15:47:57.830067 UTC,text,en,99c3e43a-7828-4f63-aaa8-22c02002610a,98a3cd58-f356-4bce-b172-db5b86276955,,Kenya
8fa03f0e-06da-459c-8d27-4cf9ad690705,2026-04-03 15:46:34.144556 UTC,image,,9cd4dfac-d5c3-41e1-96dd-6e146d219a54,98a3cd58-f356-4bce-b172-db5b86276955,,Kenya
a199015f-90fe-49a6-a57a-ac6e8fa51774,2026-03-07 16:59:45.169127 UTC,text,en,cdd8a039-50f9-45a4-8aee-2f815cebed3c,3036a4ea-6147-40bc-890e-dc2cb2bced16,,Kenya
1ebb69bf-136c-4d32-b3d8-b33d96aeb3e9,2026-03-07 16:58:18.326546 UTC,text,en,cdd8a039-50f9-45a4-8aee-2f815cebed3c,3036a4ea-6147-40bc-890e-dc2cb2bced16,,Kenya
be0e046d-1da5-4944-bf79-9c5bad1c2615,2025-02-18 13:14:54.528903 UTC,text,en,407f1e3b-bdf9-45cd-8e27-2b0a0f0b2502,677f3c9a-d754-4def-9190-0c93c0588a7b,gender_all_male,Kenya
5ee9c8e7-0a9c-446a-911d-cec3ad430953,2025-02-10 11:46:34.663586 UTC,text,en,aaa1d7fd-60da-401c-90f1-06a6f9589f48,677f3c9a-d754-4def-9190-0c93c0588a7b,gender_all_male,Kenya
5d7c8635-51db-4b5e-b529-c057eb1a94b5,2025-02-18 13:09:00.123852 UTC,text,en,333f0156-b290-4ee9-ac11-37c784a7fd96,677f3c9a-d754-4def-9190-0c93c0588a7b,gender_all_male,Kenya
1039b40b-8d1b-4c05-917e-edc5fa73de2f,2026-05-01 17:33:37.976561 UTC,text,am,2cdfc7bf-1b9c-40da-b426-656fbcfc5dd6,b51546b4-8a64-43a2-ad65-8f43bdc9e99d,gender_all_male,Ethiopia
a2015acc-7845-4f6b-85ae-4d04c18e6865,2026-05-01 17:32:38.490668 UTC,text,am,2cdfc7bf-1b9c-40da-b426-656fbcfc5dd6,b51546b4-8a64-43a2-ad65-8f43bdc9e99d,gender_all_male,Ethiopia
1c98470c-a639-4aed-a7cc-1997e6a42079,2025-02-18 13:08:09.940342 UTC,text,en,4f435b76-d00e-48d5-a89e-6ccd9db401d2,677f3c9a-d754-4def-9190-0c93c0588a7b,gender_all_male,Kenya
b03ae222-b619-4c73-a31d-816841302108,2025-02-18 13:08:47.472724 UTC,text,en,4f435b76-d00e-48d5-a89e-6ccd9db401d2,677f3c9a-d754-4def-9190-0c93c0588a7b,gender_all_male,Kenya
19137c5e-ba1c-4572-bf40-d95fbf5d046a,2025-09-14 14:05:07.507512 UTC,text,om,082f71d0-5081-4765-8ad5-7f3ba9636857,0c9d42af-cc3f-4027-82e0-0c4cb9eb60f8,gender_all_male,Ethiopia
f272f239-c2ee-4618-983f-afc5b05e79db,2025-09-14 14:05:40.873993 UTC,text,om,082f71d0-5081-4765-8ad5-7f3ba9636857,0c9d42af-cc3f-4027-82e0-0c4cb9eb60f8,gender_all_male,Ethiopia
3d2d94f6-d68c-4185-b55f-32ae1d694343,2025-02-18 13:16:45.772141 UTC,text,en,f5f56faa-ee55-4a36-9d7b-57266ef6ea74,677f3c9a-d754-4def-9190-0c93c0588a7b,gender_all_male,Kenya
e24c3fb1-5bb4-4b06-8392-63a4913c4f54,2025-11-12 03:17:33.491865 UTC,text,en,bd044c07-dda1-4cb9-b846-17cfdbe35147,677f3c9a-d754-4def-9190-0c93c0588a7b,gender_all_male,Kenya
dcb59fc0-c12a-4fe1-ae11-39665a35b0e2,2025-09-14 14:03:22.242023 UTC,image,,75efe4d4-d946-4f46-a165-63fb4742354b,0c9d42af-cc3f-4027-82e0-0c4cb9eb60f8,gender_all_male,Ethiopia
7fe9e9d3-bfb1-49c0-bd1c-764cef2274c2,2026-02-25 08:04:47.078959 UTC,text,en,c89d0ee3-c713-42f9-8e30-ff2ffe9bb296,3036a4ea-6147-40bc-890e-dc2cb2bced16,,Kenya
164c641f-e47b-4706-98c7-7a9e0e82a026,2026-02-25 08:04:08.436682 UTC,text,en,c89d0ee3-c713-42f9-8e30-ff2ffe9bb296,3036a4ea-6147-40bc-890e-dc2cb2bced16,,Kenya
cb556ce8-f7e8-4e85-9365-7cb80085fe47,2025-11-05 09:44:55.88391 UTC,text,en,80bcb463-6b43-4d5b-a869-b0a10288405c,677f3c9a-d754-4def-9190-0c93c0588a7b,gender_all_male,Kenya
b2c10da2-1023-465e-bbfc-a0df01d344a9,2025-11-05 08:43:05.171019 UTC,text,en,79afb6f6-1e97-4e48-ba78-6338b11afd74,677f3c9a-d754-4def-9190-0c93c0588a7b,gender_all_male,Kenya
6782e631-22df-4c51-a002-e7eb30f22966,2025-11-05 08:42:02.272613 UTC,text,en,79afb6f6-1e97-4e48-ba78-6338b11afd74,677f3c9a-d754-4def-9190-0c93c0588a7b,gender_all_male,Kenya
7d21254f-7fa4-4c79-a568-af089eb8abee,2025-11-05 08:44:51.747279 UTC,text,en,79afb6f6-1e97-4e48-ba78-6338b11afd74,677f3c9a-d754-4def-9190-0c93c0588a7b,gender_all_male,Kenya
6e5ec585-7095-4cd6-afb1-5ea36409ced9,2025-02-10 11:47:34.891143 UTC,text,sw,50010f3e-8ad5-44ec-8523-6709d6670212,677f3c9a-d754-4def-9190-0c93c0588a7b,gender_all_male,Kenya
cf7fbd69-5ca2-4aba-8944-c1f4da7d0440,2026-04-09 07:06:14.218952 UTC,text,am,539ec377-496e-4ed0-9887-c3c98fc6fe3c,b51546b4-8a64-43a2-ad65-8f43bdc9e99d,gender_all_male,Ethiopia
c35091e0-83b5-4e84-86cc-6bdd36aca0b2,2026-04-03 15:50:27.272556 UTC,text,en,dcabc403-85ea-475e-a1a7-7f86e4b4a2e7,98a3cd58-f356-4bce-b172-db5b86276955,,Kenya
8ad7d489-329e-4286-8f6d-02fa12f95cda,2026-04-03 15:50:06.319363 UTC,text,en,dcabc403-85ea-475e-a1a7-7f86e4b4a2e7,98a3cd58-f356-4bce-b172-db5b86276955,,Kenya
01593e14-265b-434d-8aae-866bc0c8342b,2025-02-18 13:09:43.153236 UTC,text,en,0e53a851-3074-447a-a10a-2b9e4eca4557,677f3c9a-d754-4def-9190-0c93c0588a7b,gender_all_male,Kenya
90b2f097-f363-4c01-811f-c785d61ef061,2025-02-18 13:10:25.007267 UTC,text,en,0e53a851-3074-447a-a10a-2b9e4eca4557,677f3c9a-d754-4def-9190-0c93c0588a7b,gender_all_male,Kenya
1fc10b0b-5c50-4aef-8a3e-bdfa9549d3e0,2025-02-18 13:10:53.127048 UTC,text,en,0e53a851-3074-447a-a10a-2b9e4eca4557,677f3c9a-d754-4def-9190-0c93c0588a7b,gender_all_male,Kenya
0ab19fec-6490-4907-8a81-6251c970057d,2026-03-12 11:05:09.808095 UTC,text,en,56a98297-b05f-4052-bb59-1afaea443520,11302b3e-ac71-40f0-a53e-bb4aa1d4a787,,Kenya
ced2e876-2407-49f6-b384-0fc17622ccf1,2026-04-07 09:22:01.065128 UTC,text,en,c38bebaa-16df-4303-9671-b75652daedbc,11302b3e-ac71-40f0-a53e-bb4aa1d4a787,,Kenya
d578f016-0a6a-412d-a059-53f328ff6a14,2026-04-07 09:21:39.175614 UTC,image,,c38bebaa-16df-4303-9671-b75652daedbc,11302b3e-ac71-40f0-a53e-bb4aa1d4a787,,Kenya
0d3e0b64-5d37-41d6-9f08-a26bb0be0790,2026-07-14 16:01:15.446105 UTC,text,en,e9776cc4-4dec-44a9-88bc-a9cbf99de6b8,11302b3e-ac71-40f0-a53e-bb4aa1d4a787,,Kenya
2b914ac9-ef03-4607-bea6-119b3817f4a8,2026-07-17 08:13:13.986714 UTC,image,,1d244307-36d9-4c63-a9f0-5d523143a581,11302b3e-ac71-40f0-a53e-bb4aa1d4a787,,Kenya
8226f7ea-abaa-488b-a3e4-d3beffb2587d,2026-08-18 03:05:42.763104 UTC,text,hi,6a217a82-107b-4bbd-8e37-000fde903c5d,6657c7ca-0be4-4989-b764-e603a5148f46,gender_all_male,India
393f201f-daf4-4c2b-ab63-33ee69c273b5,2026-06-26 10:36:49.897224 UTC,image,,9457f1d7-be15-48b7-98b0-575dab428b46,11302b3e-ac71-40f0-a53e-bb4aa1d4a787,,Kenya
23fc257e-74c9-4b70-a88f-5a56e463e6a2,2026-06-26 10:35:20.711703 UTC,image,,9457f1d7-be15-48b7-98b0-575dab428b46,11302b3e-ac71-40f0-a53e-bb4aa1d4a787,,Kenya
65117012-a4ac-4e6f-87ed-d872c4af38c8,2026-06-27 09:38:39.990843 UTC,text,en,a0e5f13f-2ca8-4d68-8448-eb1c85b2c14c,11302b3e-ac71-40f0-a53e-bb4aa1d4a787,,Kenya
1d689de7-e6bf-4d40-a7b6-84b00f3e8e63,2026-07-17 08:09:45.281792 UTC,image,,7f4a65c0-10f0-4253-89c0-03d2f74f11f6,11302b3e-ac71-40f0-a53e-bb4aa1d4a787,,Kenya
1a10e9bd-51e2-48d9-add1-308780ecc955,2026-08-18 02:59:01.258863 UTC,voice,hi,deeb2cba-a126-443b-9443-04fe10560f98,6657c7ca-0be4-4989-b764-e603a5148f46,gender_all_male,India
b549fe99-5aa6-451a-b201-8d85fc5c33df,2026-04-05 13:13:42.871249 UTC,text,en,6410394f-23cd-496e-9aa4-c6214e30f769,11302b3e-ac71-40f0-a53e-bb4aa1d4a787,,Kenya
6ce17494-4ec7-4c8d-8c95-5ea52e79d5e3,2026-08-01 15:11:56.91425 UTC,image,,98a79daa-6b7b-4796-9cc9-7aa2ee80d03c,11302b3e-ac71-40f0-a53e-bb4aa1d4a787,,Kenya
33db49f5-5ca6-443e-a9e0-e4c5433564d7,2026-08-29 07:21:20.488087 UTC,text,en,9efe633b-fb4a-4a70-9a1a-7ddf17c48fd6,11302b3e-ac71-40f0-a53e-bb4aa1d4a787,,Kenya
70a50373-7ea3-4e3e-a8ab-996722ac6d29,2026-06-27 09:00:07.966982 UTC,text,en,4f22b65b-1718-4474-903e-b37a8fa4f377,11302b3e-ac71-40f0-a53e-bb4aa1d4a787,,Kenya
774137ea-999d-46ae-b61b-a692e81750c3,2026-03-07 10:40:15.97294 UTC,text,en,b3b92937-735c-4b1d-99cf-497a319c5dda,11302b3e-ac71-40f0-a53e-bb4aa1d4a787,,Kenya
59359098-9d9a-4238-a7a8-e6121bc04b4b,2026-07-02 12:29:12.212152 UTC,text,en,ef512499-210e-4141-b936-54cf1a6c6f36,11302b3e-ac71-40f0-a53e-bb4aa1d4a787,,Kenya
b0b92ba4-d498-46f1-aaad-49b7997f6516,2026-07-17 08:03:29.939658 UTC,image,,af654981-87e6-4719-8bc1-d34937f3783a,11302b3e-ac71-40f0-a53e-bb4aa1d4a787,,Kenya
0bdc0f24-5b4a-4f7c-9a5d-eecf94d3f466,2026-07-17 08:04:07.905142 UTC,text,en,af654981-87e6-4719-8bc1-d34937f3783a,11302b3e-ac71-40f0-a53e-bb4aa1d4a787,,Kenya
34d13002-d5eb-4eae-922c-61cbdc4dd65a,2026-07-14 16:05:02.770894 UTC,text,en,60299340-587b-4884-8859-e890f6e89793,11302b3e-ac71-40f0-a53e-bb4aa1d4a787,,Kenya
8983347a-03c9-44b4-9ef2-7b0bfac3f2aa,2026-09-05 14:16:54.850982 UTC,text,en,13744ecf-8115-41e3-99e3-612aa3f90be2,11302b3e-ac71-40f0-a53e-bb4aa1d4a787,,Kenya
25e0666a-047a-40f7-a03c-8c57f850ed89,2025-01-21 13:43:54.695048 UTC,voice,hi,fc9bcc20-b0c9-49b8-b5b4-c99a6b414796,5d3fd327-106f-4630-ac59-2e315f508883,gender_all_male,India
85d2fd36-80b3-48b1-9258-0cb67bc9bae9,2025-01-21 13:45:24.764402 UTC,text,hi,fc9bcc20-b0c9-49b8-b5b4-c99a6b414796,5d3fd327-106f-4630-ac59-2e315f508883,gender_all_male,India
2dd434d7-5521-4143-beb9-9c5af753306f,2025-01-21 13:44:34.984503 UTC,text,hi,fc9bcc20-b0c9-49b8-b5b4-c99a6b414796,5d3fd327-106f-4630-ac59-2e315f508883,gender_all_male,India
66481b21-8147-485b-862e-383dfcca3333,2025-01-21 13:44:58.318917 UTC,text,hi,fc9bcc20-b0c9-49b8-b5b4-c99a6b414796,5d3fd327-106f-4630-ac59-2e315f508883,gender_all_male,India
5a8d2706-70b1-4d17-a508-9e5e89f1d986,2025-01-20 06:00:55.31995 UTC,text,hi-Latn,ec6479e6-5648-4dd4-a80f-44782b088659,70dfcc52-2287-4bec-bfec-fa2b222be854,gender_all_male,India
991221a0-a0cc-409e-86de-a084696aa6bd,2025-01-20 06:03:05.471886 UTC,text,hi,ec6479e6-5648-4dd4-a80f-44782b088659,70dfcc52-2287-4bec-bfec-fa2b222be854,gender_all_male,India
95fafba4-976f-4ca9-b2a1-ccf64bd2a8ad,2025-01-20 05:59:44.394996 UTC,text,hi,ec6479e6-5648-4dd4-a80f-44782b088659,70dfcc52-2287-4bec-bfec-fa2b222be854,gender_all_male,India
95dab29b-7eb6-472e-8f0e-945350b74606,2025-01-20 05:58:52.810878 UTC,text,hi-Latn,ec6479e6-5648-4dd4-a80f-44782b088659,70dfcc52-2287-4bec-bfec-fa2b222be854,gender_all_male,India
f7b6c478-04ce-4b78-b1a8-ae430cd3925f,2025-01-20 06:01:48.573238 UTC,text,hi-Latn,ec6479e6-5648-4dd4-a80f-44782b088659,70dfcc52-2287-4bec-bfec-fa2b222be854,gender_all_male,India
e54eee3f-302b-49fc-90eb-c928bd120678,2025-01-20 06:02:12.17302 UTC,text,en,ec6479e6-5648-4dd4-a80f-44782b088659,70dfcc52-2287-4bec-bfec-fa2b222be854,gender_all_male,India
583f2407-7387-4f6f-be5c-59b9464c3c05,2025-01-12 04:22:46.789261 UTC,voice,hi,a88d2eb3-509a-4087-b499-98b9ececa372,70dfcc52-2287-4bec-bfec-fa2b222be854,gender_all_male,India
bf73f9fa-f124-457e-b906-d8724b0a1b4e,2025-01-12 04:22:26.716045 UTC,voice,hi,a88d2eb3-509a-4087-b499-98b9ececa372,70dfcc52-2287-4bec-bfec-fa2b222be854,gender_all_male,India
1227424c-6b04-47d8-8d32-cf2800a08613,2025-01-12 04:21:39.841488 UTC,voice,hi,a88d2eb3-509a-4087-b499-98b9ececa372,70dfcc52-2287-4bec-bfec-fa2b222be854,gender_all_male,India
6f86e99a-fd5c-43d0-897a-42348453b979,2025-01-12 04:21:13.47619 UTC,voice,hi,a88d2eb3-509a-4087-b499-98b9ececa372,70dfcc52-2287-4bec-bfec-fa2b222be854,gender_all_male,India
db916326-ab4d-4167-a972-40afb01fb505,2025-01-12 04:24:37.168846 UTC,voice,hi,a88d2eb3-509a-4087-b499-98b9ececa372,70dfcc52-2287-4bec-bfec-fa2b222be854,gender_all_male,India
6f1f668a-e0d3-4808-87f9-c5839ad15fce,2025-01-12 04:23:10.454115 UTC,voice,hi,a88d2eb3-509a-4087-b499-98b9ececa372,70dfcc52-2287-4bec-bfec-fa2b222be854,gender_all_male,India
d3177e03-efdc-421b-ba6a-d43e75f2fed9,2025-01-12 04:23:32.172492 UTC,voice,hi,a88d2eb3-509a-4087-b499-98b9ececa372,70dfcc52-2287-4bec-bfec-fa2b222be854,gender_all_male,India
5b2e63ec-cf1d-41e3-9eff-baea1785f817,2025-01-12 04:22:00.320161 UTC,voice,hi,a88d2eb3-509a-4087-b499-98b9ececa372,70dfcc52-2287-4bec-bfec-fa2b222be854,gender_all_male,India
a9b313a8-233c-40a4-aab0-a59cf43f0819,2025-01-12 04:24:12.852712 UTC,voice,hi,a88d2eb3-509a-4087-b499-98b9ececa372,70dfcc52-2287-4bec-bfec-fa2b222be854,gender_all_male,India
e0f41e67-855c-4645-94c6-be525b359ab8,2025-01-12 04:23:54.590747 UTC,voice,hi,a88d2eb3-509a-4087-b499-98b9ececa372,70dfcc52-2287-4bec-bfec-fa2b222be854,gender_all_male,India
279ab8a0-1af0-455b-b796-a559f459d0b8,2025-01-12 04:24:55.477123 UTC,voice,hi,a88d2eb3-509a-4087-b499-98b9ececa372,70dfcc52-2287-4bec-bfec-fa2b222be854,gender_all_male,India
208a2728-f6fc-45ff-bbb0-4248fc17888a,2025-12-23 14:28:21.95847 UTC,image,,9246762a-38b9-4569-b6df-9cc1a6874f53,7a44c977-a238-4dea-ac5e-6dae36e07ed1,,Ethiopia
abb406f0-21f0-41f8-adef-7453b3d12020,2026-06-07 12:54:34.372279 UTC,image,,46214a7b-1c6d-4fe4-a063-21aaa0c62325,397eb519-920d-4cbb-8e91-094dd96317bf,,India
2b5212d6-2ba9-4c16-820d-5e3c47e10d6e,2026-07-09 07:54:09.136985 UTC,text,en,1dcff4d4-e47a-4f29-9cfe-bdd5fbb935de,4ebcd5d3-1b37-4a2c-8299-5efcdc1b43c3,,Kenya
56c5573c-62b6-419a-82cc-e84ae874fb03,2026-07-09 07:55:52.943048 UTC,voice,en,1dcff4d4-e47a-4f29-9cfe-bdd5fbb935de,4ebcd5d3-1b37-4a2c-8299-5efcdc1b43c3,,Kenya
3f24bcba-a412-4a25-9578-c0e56cca08ff,2025-08-21 18:51:09.870162 UTC,text,en,040664ef-fef0-4cd1-ac33-85899314578c,4818011f-31ca-4a6e-beb9-dc174530ed9c,gender_all_male,Nigeria
f592ab3b-ed88-48de-b2eb-83c8d62cf9d9,2025-08-21 18:49:29.411812 UTC,text,en,040664ef-fef0-4cd1-ac33-85899314578c,4818011f-31ca-4a6e-beb9-dc174530ed9c,gender_all_male,Nigeria
b3b2887d-244a-4b96-b32d-e65f60161229,2025-08-21 18:50:39.523943 UTC,text,en,040664ef-fef0-4cd1-ac33-85899314578c,4818011f-31ca-4a6e-beb9-dc174530ed9c,gender_all_male,Nigeria
8ee66d61-c8d1-4f06-b318-e546021ec69b,2025-08-21 18:48:39.963373 UTC,text,en,040664ef-fef0-4cd1-ac33-85899314578c,4818011f-31ca-4a6e-beb9-dc174530ed9c,gender_all_male,Nigeria
64408144-4216-42ff-b06d-def2bf17648d,2025-08-21 18:50:01.052791 UTC,text,en,040664ef-fef0-4cd1-ac33-85899314578c,4818011f-31ca-4a6e-beb9-dc174530ed9c,gender_all_male,Nigeria
357f60fa-2471-4041-ae13-bdbcc1b40d99,2025-08-21 18:49:07.297997 UTC,text,en,040664ef-fef0-4cd1-ac33-85899314578c,4818011f-31ca-4a6e-beb9-dc174530ed9c,gender_all_male,Nigeria
d6398a95-d0c6-4168-93e3-0e10ade39650,2026-08-08 15:18:04.642992 UTC,text,hi,44549177-545d-4e32-b077-fa209f5b4c3c,3dd511da-24ec-4521-96de-8086fcb17d57,,India
d64be26e-8375-4bc2-bf76-dd1153ff2a3b,2026-08-08 15:18:12.071598 UTC,text,hi,44549177-545d-4e32-b077-fa209f5b4c3c,3dd511da-24ec-4521-96de-8086fcb17d57,,India
0f0b60dd-42d4-49e6-b7ea-a6276b4ca10d,2025-12-30 01:57:00.15054 UTC,text,en,d67d57ad-f362-4a51-9c60-d30cedaf574e,8164dc4e-f7cd-4563-bbc7-8e0806d2c83b,,India
af05d937-bbfd-42c8-b95c-708b64b41aac,2025-08-21 19:09:21.28553 UTC,text,en,3b6dbc3a-8ca6-44f5-b76a-e88b7e753d9f,4818011f-31ca-4a6e-beb9-dc174530ed9c,gender_all_male,Nigeria
a989ea5b-c705-4bf7-b5c9-6afefbb83c37,2025-08-21 19:09:42.731961 UTC,text,en,3b6dbc3a-8ca6-44f5-b76a-e88b7e753d9f,4818011f-31ca-4a6e-beb9-dc174530ed9c,gender_all_male,Nigeria
93eb4b2b-cd6d-481f-8ba2-2b6a49958ed4,2025-08-21 19:10:30.412297 UTC,text,en,3b6dbc3a-8ca6-44f5-b76a-e88b7e753d9f,4818011f-31ca-4a6e-beb9-dc174530ed9c,gender_all_male,Nigeria
ffc946fb-4161-42c3-a8c9-3d2f669c43f5,2025-08-21 19:10:04.206923 UTC,text,en,3b6dbc3a-8ca6-44f5-b76a-e88b7e753d9f,4818011f-31ca-4a6e-beb9-dc174530ed9c,gender_all_male,Nigeria
ca51e987-c492-4f1d-9549-0df251101b0d,2026-07-09 07:59:14.232402 UTC,text,sw,508b55ab-e3a8-41a2-a68f-e230ea86b6f5,4ebcd5d3-1b37-4a2c-8299-5efcdc1b43c3,,Kenya
00caa8b8-18ca-416b-b026-0f82a236863e,2026-07-09 07:58:17.959486 UTC,voice,en,508b55ab-e3a8-41a2-a68f-e230ea86b6f5,4ebcd5d3-1b37-4a2c-8299-5efcdc1b43c3,,Kenya
018dd058-9873-4c88-829b-ca45c2215919,2026-07-09 07:57:29.589106 UTC,voice,fil,508b55ab-e3a8-41a2-a68f-e230ea86b6f5,4ebcd5d3-1b37-4a2c-8299-5efcdc1b43c3,,Kenya
9dc49b9f-aa6e-49ab-b7ca-cb2dc6970bdf,2026-08-08 15:17:10.318801 UTC,text,hi,abb2984b-caa2-4397-80f7-9e94a553c43c,3dd511da-24ec-4521-96de-8086fcb17d57,,India
f74919d3-2774-4670-83ed-22f5e606efbd,2026-08-08 15:17:14.868148 UTC,text,hi,abb2984b-caa2-4397-80f7-9e94a553c43c,3dd511da-24ec-4521-96de-8086fcb17d57,,India
fbe9bda1-8def-4f98-b7c5-d7906802ad89,2026-03-18 04:58:47.961367 UTC,text,en,5d773e76-7d3b-4677-9f18-e1e7a5780452,de23defa-5115-4062-b33c-08b7b11e45bf,,Kenya
bb6bdf9f-05ef-4498-a1c2-b6943965876a,2025-08-21 21:16:02.494984 UTC,text,ha,2ef1db1d-761e-4db4-9404-97255fbf0a2a,f8f0b771-40dc-4166-9309-de8329fac012,gender_all_male,Nigeria
9fc22fed-a7ff-4547-894b-e5814cdad19a,2025-08-21 21:15:35.666889 UTC,text,ha,2ef1db1d-761e-4db4-9404-97255fbf0a2a,f8f0b771-40dc-4166-9309-de8329fac012,gender_all_male,Nigeria
c3b8800b-843f-4d17-9518-0b295b81a1c2,2025-08-21 21:15:12.459207 UTC,text,ha,2ef1db1d-761e-4db4-9404-97255fbf0a2a,f8f0b771-40dc-4166-9309-de8329fac012,gender_all_male,Nigeria
215f478e-1b93-4069-b175-ef633ebaeeca,2026-06-26 11:22:53.763306 UTC,text,en,d197b4a8-cdc6-4c91-b128-2c6909183fef,ff89fe3d-aec6-4729-bf5e-0496daa284a1,gender_all_male,India
fc54c96c-f403-40b0-813a-a3e5e29081fd,2026-03-20 16:09:41.253792 UTC,text,om,0c741260-f294-4770-8cc5-43ed8e214db5,f130c7af-f615-4849-afdb-7c0bd21ba6cb,gender_all_male,Ethiopia
e5f58b7d-7d59-405a-ab37-227a03771ee3,2026-03-20 16:18:53.14292 UTC,text,om,0c741260-f294-4770-8cc5-43ed8e214db5,f130c7af-f615-4849-afdb-7c0bd21ba6cb,gender_all_male,Ethiopia
4e479de8-c4c0-4720-bc67-2a76fa1f9bad,2026-03-20 16:15:07.560656 UTC,text,om,0c741260-f294-4770-8cc5-43ed8e214db5,f130c7af-f615-4849-afdb-7c0bd21ba6cb,gender_all_male,Ethiopia
f442d096-52ef-4302-8c07-46fccca77fb3,2026-03-20 16:11:03.775679 UTC,text,om,0c741260-f294-4770-8cc5-43ed8e214db5,f130c7af-f615-4849-afdb-7c0bd21ba6cb,gender_all_male,Ethiopia
a9794cb0-f2d1-4b18-971c-34f0d2969abe,2026-03-20 16:14:19.064296 UTC,text,om,0c741260-f294-4770-8cc5-43ed8e214db5,f130c7af-f615-4849-afdb-7c0bd21ba6cb,gender_all_male,Ethiopia
c79d1611-5625-493d-b225-fd9e40cef526,2026-03-20 16:17:44.258796 UTC,text,om,0c741260-f294-4770-8cc5-43ed8e214db5,f130c7af-f615-4849-afdb-7c0bd21ba6cb,gender_all_male,Ethiopia
9ea66c44-b1e1-4ab4-b40d-0d9fbdb3acfa,2026-03-20 16:03:45.514259 UTC,text,om,0c741260-f294-4770-8cc5-43ed8e214db5,f130c7af-f615-4849-afdb-7c0bd21ba6cb,gender_all_male,Ethiopia
358e7424-7a7d-407a-bf17-0db8a29a3022,2026-03-20 16:19:29.922028 UTC,text,om,0c741260-f294-4770-8cc5-43ed8e214db5,f130c7af-f615-4849-afdb-7c0bd21ba6cb,gender_all_male,Ethiopia
cc2bc058-f3a5-4139-9c71-c1f4dcf3f5e1,2026-02-27 14:19:32.827684 UTC,text,en,17735a68-20ef-46e6-bfd2-1d795379436c,7ea1ae5f-0311-44f1-8f76-b38b09896a4a,,Kenya
d2750c04-8c58-4971-a1da-b1e79b973972,2026-02-27 14:18:56.603801 UTC,text,en,17735a68-20ef-46e6-bfd2-1d795379436c,7ea1ae5f-0311-44f1-8f76-b38b09896a4a,,Kenya
9ca3b54c-8984-460f-b59f-9253c4a651ba,2026-07-23 07:25:10.313614 UTC,image,,ac13199e-7312-49cb-b478-28275d35a1a1,3e0c1838-ba54-47ee-8b7f-e0587a684dfc,,India
c545f430-c02d-44a8-b761-e3975324b491,2026-03-05 13:24:10.974781 UTC,text,om,9a6793d4-34ba-4300-9d0d-f2282b48ac9f,f130c7af-f615-4849-afdb-7c0bd21ba6cb,gender_all_male,Ethiopia
ef8f8082-3acc-4164-b1a4-4851b9883ad9,2026-02-27 14:20:53.716479 UTC,text,en,6492b20e-8ea9-478e-8663-9811081693a4,7ea1ae5f-0311-44f1-8f76-b38b09896a4a,,Kenya
3e09213b-a4ad-41f8-9bef-2d826f7e6774,2026-02-27 14:20:06.939082 UTC,text,en,6492b20e-8ea9-478e-8663-9811081693a4,7ea1ae5f-0311-44f1-8f76-b38b09896a4a,,Kenya
96cb9cee-c42f-47f5-a11a-6959d3aec0ea,2026-07-16 18:11:04.602054 UTC,text,en,b8d1b9b9-34fa-4d9a-983a-b3d0ac4f2818,b3b0aa54-5a39-41ec-a538-72bc7f568c9a,,Singapore
9f07320e-9c1e-4078-b13f-c19e0a5d8537,2026-07-16 18:11:13.804288 UTC,text,en,b8d1b9b9-34fa-4d9a-983a-b3d0ac4f2818,b3b0aa54-5a39-41ec-a538-72bc7f568c9a,,Singapore
4938baea-9fe4-4233-bf05-5ccc25618600,2026-03-18 04:59:46.762848 UTC,text,en,bd1dbcf4-1d7d-4224-821d-9f6c72a69e33,de23defa-5115-4062-b33c-08b7b11e45bf,,Kenya
d1686e00-3124-43b5-bacd-f4a6502d69dc,2026-03-18 04:59:17.419063 UTC,text,nl,bd1dbcf4-1d7d-4224-821d-9f6c72a69e33,de23defa-5115-4062-b33c-08b7b11e45bf,,Kenya
31386245-2f2d-4f22-90cd-f0101091a059,2025-08-21 21:17:29.841356 UTC,text,ha,0b9b2d6e-1cdb-4a86-8fa1-b55834fcbeb3,f8f0b771-40dc-4166-9309-de8329fac012,gender_all_male,Nigeria
ec1efa33-53e5-4c5c-b650-a3ccbc8b2fc4,2025-08-21 21:19:33.097456 UTC,text,ha,0b9b2d6e-1cdb-4a86-8fa1-b55834fcbeb3,f8f0b771-40dc-4166-9309-de8329fac012,gender_all_male,Nigeria
99d917cc-9ea8-46ca-a498-ff59932f0c23,2025-08-21 21:18:02.444954 UTC,text,ha,0b9b2d6e-1cdb-4a86-8fa1-b55834fcbeb3,f8f0b771-40dc-4166-9309-de8329fac012,gender_all_male,Nigeria
f6e026a7-b9d8-4af1-a3ad-9bbd0da514d1,2025-08-21 21:18:38.434475 UTC,text,ha,0b9b2d6e-1cdb-4a86-8fa1-b55834fcbeb3,f8f0b771-40dc-4166-9309-de8329fac012,gender_all_male,Nigeria
748152af-c0ef-4143-89ef-7235b6153151,2025-08-21 21:18:59.40919 UTC,text,ha,0b9b2d6e-1cdb-4a86-8fa1-b55834fcbeb3,f8f0b771-40dc-4166-9309-de8329fac012,gender_all_male,Nigeria
f551339e-a06b-4490-b200-ee81396abeb2,2025-08-21 21:16:27.33807 UTC,text,ha,3e67fec7-480b-45bf-bb34-d008ceaad7ce,f8f0b771-40dc-4166-9309-de8329fac012,gender_all_male,Nigeria
8d8eceda-a112-4983-8c4b-2a4ac567a640,2025-08-21 21:16:48.431484 UTC,text,ha,3e67fec7-480b-45bf-bb34-d008ceaad7ce,f8f0b771-40dc-4166-9309-de8329fac012,gender_all_male,Nigeria
df364916-bb73-43a5-aa7b-eb7d8a7e3684,2026-03-20 15:59:18.233292 UTC,text,om,50ac6094-ede1-4ca5-9a1a-51413bfbc29d,f130c7af-f615-4849-afdb-7c0bd21ba6cb,gender_all_male,Ethiopia
93f91da0-334f-4ee0-89b4-5fc24d70f5fd,2026-08-16 16:51:02.89869 UTC,text,om,2c77578b-e563-44a4-a2c1-62283b1fd2f5,c9badcde-a089-4872-97db-12cfc31e1889,gender_all_male,Ethiopia
2f48b6e4-96a9-4613-9fc6-689a9f9d9125,2026-08-16 16:51:54.297156 UTC,text,om,2c77578b-e563-44a4-a2c1-62283b1fd2f5,c9badcde-a089-4872-97db-12cfc31e1889,gender_all_male,Ethiopia
958cd43e-ce31-4d71-85ad-e12db2afce0a,2026-08-16 17:05:14.035006 UTC,image,,4aa17aa1-0579-48f5-b6c5-89347096d3ec,c9badcde-a089-4872-97db-12cfc31e1889,gender_all_male,Ethiopia
ce8c8185-7e8e-4f40-a2ac-b92d177e674c,2025-12-13 15:20:47.798012 UTC,text,te,6d7a44d2-65d5-42b1-a3c9-a4f3516848b1,4d979ef9-85d3-405c-a992-aaadf06e4809,gender_all_female,India
80ac1587-9b0e-4d42-91bf-d641530269f7,2026-08-16 17:03:32.153201 UTC,text,om,4aa17aa1-0579-48f5-b6c5-89347096d3ec,c9badcde-a089-4872-97db-12cfc31e1889,gender_all_male,Ethiopia
c8f1122d-da71-4977-a8ae-0b99282e4641,2025-12-11 07:48:49.019787 UTC,text,te,cd4cc10a-a9b1-4ae5-b8b1-ae3a00cf4c75,4d979ef9-85d3-405c-a992-aaadf06e4809,gender_all_female,India
b2f7db55-9530-4275-9925-4c74a9318f9c,2025-10-27 13:20:33.830082 UTC,text,te,b04f4a62-6cdb-49de-908e-945e96698bab,4d979ef9-85d3-405c-a992-aaadf06e4809,gender_all_female,India
5906eb92-2054-4ce8-95da-e25fc3cff005,2025-10-28 08:19:11.789353 UTC,text,te,c8a4491d-54b1-4322-b3b0-1c2dccf65881,4d979ef9-85d3-405c-a992-aaadf06e4809,gender_all_female,India
07990d83-0d7c-4d2b-bb0b-7c7cd165a332,2025-12-11 07:44:17.950134 UTC,voice,te,cdeba8f3-120f-4427-be0f-07084ed51c67,4d979ef9-85d3-405c-a992-aaadf06e4809,gender_all_female,India
fdb08762-d0ea-4000-937d-324529eac795,2026-08-02 21:23:50.205237 UTC,text,om,3ea92100-d002-417a-84a5-5a156d41ad33,c9badcde-a089-4872-97db-12cfc31e1889,gender_all_male,Ethiopia
d1ca5fca-c03f-4797-ac44-619516bd4d39,2026-01-05 06:00:38.925381 UTC,text,ha,16498a13-3ecf-42f7-8995-60f17280e90d,03348116-f07f-4aaf-86be-839f3cb3804c,,Nigeria
0fadb733-5d24-4293-a936-31ddb2af4804,2025-10-27 15:24:42.094604 UTC,voice,te,1a24e5dc-f559-41be-9934-de2ea9ce028c,4d979ef9-85d3-405c-a992-aaadf06e4809,gender_all_female,India
6273d648-5bbc-4366-ae6e-0b60094183da,2025-10-28 08:24:03.697722 UTC,text,te,110786ab-cf54-4f97-a5fe-663c0d6fa99d,4d979ef9-85d3-405c-a992-aaadf06e4809,gender_all_female,India
ce8fb62f-fa20-4769-9727-4a990a48c695,2025-12-11 12:21:14.317258 UTC,voice,te,0b380bbe-6eaf-488f-b16a-88ed6c93f8e1,4d979ef9-85d3-405c-a992-aaadf06e4809,gender_all_female,India
cff3ba49-46bd-4612-bfb0-2ecd501edc53,2025-12-11 12:21:35.69883 UTC,text,te,f82d6687-fe52-4825-81bf-e784756bfebd,4d979ef9-85d3-405c-a992-aaadf06e4809,gender_all_female,India
ff4f9009-004a-481c-815b-81cdacef4e1d,2025-10-27 15:25:51.96233 UTC,voice,te,330020e7-283f-4621-8d7a-a7f24df1c50f,4d979ef9-85d3-405c-a992-aaadf06e4809,gender_all_female,India
7fdc6462-b481-4c00-ad2c-0426855090d6,2025-10-27 15:29:06.146782 UTC,voice,te,330020e7-283f-4621-8d7a-a7f24df1c50f,4d979ef9-85d3-405c-a992-aaadf06e4809,gender_all_female,India
28a9310a-0080-423d-ac36-6971cc344b1f,2025-10-28 08:22:10.380263 UTC,voice,te,08a3e330-762f-4a8f-8f33-341a9ae1271b,4d979ef9-85d3-405c-a992-aaadf06e4809,gender_all_female,India
0c64c465-2857-4b0d-8c9f-ca29a1bcdddc,2025-10-27 13:23:46.469578 UTC,text,te,fc1831da-e377-4881-a912-fdee5ebbb91b,4d979ef9-85d3-405c-a992-aaadf06e4809,gender_all_female,India
6f176f7d-89b3-4724-86a8-9beda1cc4a20,2026-08-16 16:49:17.174867 UTC,text,om,439a044d-5895-4965-b675-f4d15daa5920,c9badcde-a089-4872-97db-12cfc31e1889,gender_all_male,Ethiopia
0476b2fb-b093-4c4e-a957-314372f86179,2026-08-16 16:49:22.89667 UTC,text,om,439a044d-5895-4965-b675-f4d15daa5920,c9badcde-a089-4872-97db-12cfc31e1889,gender_all_male,Ethiopia
2cddc1d1-cade-4560-abf5-39a904962fa0,2026-08-16 16:49:35.389124 UTC,text,om,439a044d-5895-4965-b675-f4d15daa5920,c9badcde-a089-4872-97db-12cfc31e1889,gender_all_male,Ethiopia
9032c9ae-d4f3-42f1-98a2-171521d404db,2026-08-20 17:08:16.385513 UTC,text,om,2a96abd4-29f9-4792-bb14-a83ba8b659bf,c9badcde-a089-4872-97db-12cfc31e1889,gender_all_male,Ethiopia
e327ef6a-d1ae-4583-bbdc-12b5a9964082,2026-01-05 06:07:11.043649 UTC,text,ha,c7b084d0-fbca-4a66-97cd-11a29ccb35e7,03348116-f07f-4aaf-86be-839f3cb3804c,,Nigeria
f2bc143c-1f7e-4589-ba50-67fca3ce0880,2026-01-05 06:10:21.438001 UTC,text,ha,c7b084d0-fbca-4a66-97cd-11a29ccb35e7,03348116-f07f-4aaf-86be-839f3cb3804c,,Nigeria
47940bdd-6e3f-4746-8052-631f5a3480b2,2025-10-27 13:20:20.044745 UTC,voice,te,f88f2437-b429-4e5a-b279-9bc37022d550,4d979ef9-85d3-405c-a992-aaadf06e4809,gender_all_female,India
43f2e001-c7ce-4fc0-a319-47d381c7e5e7,2024-12-16 10:08:58.480586 UTC,voice,hi,3ad57ca9-537f-4755-8d66-629166682425,e2ecdd3d-5786-4b0b-9219-50784be4261c,gender_all_male,India
69238120-5561-4b6d-a623-1473cbed8853,2024-12-16 10:09:44.097873 UTC,voice,hi,3ad57ca9-537f-4755-8d66-629166682425,e2ecdd3d-5786-4b0b-9219-50784be4261c,gender_all_male,India
e185847d-88fd-4660-9198-6127915c5450,2025-12-13 15:21:04.832345 UTC,text,te,1aa7ff57-e6f3-48ff-8150-98d299dc48fa,4d979ef9-85d3-405c-a992-aaadf06e4809,gender_all_female,India
b32cac6b-d68d-4277-8f26-ac7180e43cb0,2026-01-05 06:02:38.601571 UTC,text,ha,8fce18e3-3b07-4e10-a289-54f292f895de,03348116-f07f-4aaf-86be-839f3cb3804c,,Nigeria
bd6f1682-70f0-4329-80f6-7dcc3cd312c5,2025-12-13 15:23:54.952277 UTC,text,te,1aa7ff57-e6f3-48ff-8150-98d299dc48fa,4d979ef9-85d3-405c-a992-aaadf06e4809,gender_all_female,India
3fa091c9-437b-40f2-8fea-45d810ae4eff,2025-12-13 15:26:33.519005 UTC,text,te,1aa7ff57-e6f3-48ff-8150-98d299dc48fa,4d979ef9-85d3-405c-a992-aaadf06e4809,gender_all_female,India
d0936848-5969-479c-b6be-1a31a77ab4e9,2025-10-28 08:21:46.188736 UTC,voice,te,4ef61a7c-d646-4c5d-8aa7-481801ade199,4d979ef9-85d3-405c-a992-aaadf06e4809,gender_all_female,India
b19db965-d438-429a-bc19-f682b54bbceb,2025-10-28 08:19:16.535429 UTC,text,te,4ef61a7c-d646-4c5d-8aa7-481801ade199,4d979ef9-85d3-405c-a992-aaadf06e4809,gender_all_female,India
ebe14682-e889-4aa1-836a-a65411dc285f,2024-12-16 10:10:54.593045 UTC,voice,hi,2d9aaba6-f900-48e1-bdc5-83112c9b5586,e2ecdd3d-5786-4b0b-9219-50784be4261c,gender_all_male,India
c1796381-f344-4837-84e6-53a1018cc2ed,2025-12-11 07:46:39.672239 UTC,voice,te,46cdfa6e-119c-4106-a84e-5eae71fe346f,4d979ef9-85d3-405c-a992-aaadf06e4809,gender_all_female,India
251fca1d-a226-48ca-a97e-085182c388b7,2024-12-16 10:11:58.527862 UTC,voice,hi,2d9aaba6-f900-48e1-bdc5-83112c9b5586,e2ecdd3d-5786-4b0b-9219-50784be4261c,gender_all_male,India
45897db8-b16c-40cd-a586-b47175b5a19e,2025-12-11 07:45:30.911613 UTC,image,,46cdfa6e-119c-4106-a84e-5eae71fe346f,4d979ef9-85d3-405c-a992-aaadf06e4809,gender_all_female,India
a2ca4a55-2db6-4a74-8e35-d8a570faf8b3,2024-12-16 10:10:30.085405 UTC,voice,hi,2d9aaba6-f900-48e1-bdc5-83112c9b5586,e2ecdd3d-5786-4b0b-9219-50784be4261c,gender_all_male,India
d553741e-f162-4701-9c06-53136c41f787,2025-10-27 13:16:14.143902 UTC,voice,te,a5d15846-17d0-4018-8710-ef763d4a99ce,4d979ef9-85d3-405c-a992-aaadf06e4809,gender_all_female,India
376c1742-e227-4bb7-88a0-8fd443d3fe03,2026-09-04 07:00:49.151164 UTC,text,und,fabc0470-b6c7-47e1-946f-f5fa34674a6d,06d307d9-fa94-4372-9a05-0fef9826002b,,Kenya
e7395457-ff8b-4624-b151-abf814abbde0,2026-09-04 07:44:10.913991 UTC,text,und,fabc0470-b6c7-47e1-946f-f5fa34674a6d,06d307d9-fa94-4372-9a05-0fef9826002b,,Kenya
a9adabd6-ea17-48f5-be67-530abc7516db,2026-02-24 14:32:14.558272 UTC,text,hi,c733ccf0-2631-4846-a7a4-003bfe70887d,08849f82-d1c8-461a-a587-535050cbc026,,India
b8e1a48d-4303-4dd1-979c-7cbc9a0b7cef,2025-03-26 13:31:51.146736 UTC,text,en,5cbda7b7-0fcb-4287-a45e-5a02f2aee15c,7bb7b110-a89a-4dee-98f3-7fdb6f65610a,gender_all_female,Kenya
e4c36a4f-0c8e-4518-85a6-cf1c558da676,2026-02-24 14:30:50.44884 UTC,text,hi,116f7f7b-d4a5-48ed-bd21-a9487e3daebb,08849f82-d1c8-461a-a587-535050cbc026,,India
260d4cdb-f534-4684-bdcc-a2460f5e96ef,2025-03-29 07:45:54.043699 UTC,text,en,e029f224-3314-4c59-8ebd-aa4b8d0dd1bd,7bb7b110-a89a-4dee-98f3-7fdb6f65610a,gender_all_female,Kenya
73a3d136-e035-40f4-89dd-430d601c5a59,2025-03-29 06:51:21.331717 UTC,text,en,e029f224-3314-4c59-8ebd-aa4b8d0dd1bd,7bb7b110-a89a-4dee-98f3-7fdb6f65610a,gender_all_female,Kenya
5decfd49-4030-482b-b2cb-c37736b8e23f,2025-03-30 05:35:37.615115 UTC,text,en,e029f224-3314-4c59-8ebd-aa4b8d0dd1bd,7bb7b110-a89a-4dee-98f3-7fdb6f65610a,gender_all_female,Kenya
2eea9713-30ab-4fcc-89a7-376f4697a2e2,2025-03-30 05:33:27.244996 UTC,text,en,e029f224-3314-4c59-8ebd-aa4b8d0dd1bd,7bb7b110-a89a-4dee-98f3-7fdb6f65610a,gender_all_female,Kenya
65ce1451-d031-4d2c-a1a7-246090292691,2025-03-30 05:32:27.034374 UTC,text,en,e029f224-3314-4c59-8ebd-aa4b8d0dd1bd,7bb7b110-a89a-4dee-98f3-7fdb6f65610a,gender_all_female,Kenya
78161ab0-4acc-4a18-a34f-5fe8ae19ed69,2025-03-29 06:53:29.264061 UTC,text,en,e029f224-3314-4c59-8ebd-aa4b8d0dd1bd,7bb7b110-a89a-4dee-98f3-7fdb6f65610a,gender_all_female,Kenya
9da93725-8ab9-4088-8b27-1619b12d3d8b,2025-03-30 05:34:27.255071 UTC,text,en,e029f224-3314-4c59-8ebd-aa4b8d0dd1bd,7bb7b110-a89a-4dee-98f3-7fdb6f65610a,gender_all_female,Kenya
e7ad9b75-4ba2-4b92-abbf-793aeb5a4201,2025-03-30 05:34:49.643116 UTC,text,en,e029f224-3314-4c59-8ebd-aa4b8d0dd1bd,7bb7b110-a89a-4dee-98f3-7fdb6f65610a,gender_all_female,Kenya
436545f0-0b48-4a30-b9cf-3dbdec27178e,2025-03-29 06:54:20.968704 UTC,text,en,e029f224-3314-4c59-8ebd-aa4b8d0dd1bd,7bb7b110-a89a-4dee-98f3-7fdb6f65610a,gender_all_female,Kenya
490557ed-4f18-441a-87e6-9c2cc03fd41f,2025-04-01 18:39:46.319755 UTC,text,en,164c194e-abff-402d-9368-840aabe29feb,7bb7b110-a89a-4dee-98f3-7fdb6f65610a,gender_all_female,Kenya
3a107f2a-0ce7-46c5-bd8d-34400db81020,2025-04-10 08:18:43.511654 UTC,text,en,1eb2e6e3-8c00-4efc-bcfc-d818c354a4b5,7bb7b110-a89a-4dee-98f3-7fdb6f65610a,gender_all_female,Kenya
dd38607c-c4dd-4753-9053-6ad526f5e8ae,2025-04-10 07:31:21.163629 UTC,text,en,1eb2e6e3-8c00-4efc-bcfc-d818c354a4b5,7bb7b110-a89a-4dee-98f3-7fdb6f65610a,gender_all_female,Kenya
f175ec1f-676d-4ceb-b064-9811ca7c20f7,2025-04-10 08:15:28.913231 UTC,text,en,1eb2e6e3-8c00-4efc-bcfc-d818c354a4b5,7bb7b110-a89a-4dee-98f3-7fdb6f65610a,gender_all_female,Kenya
fdcc7237-af6d-4900-ba75-639e08e99e73,2026-05-16 07:36:05.117684 UTC,text,en,51d45f57-ff5f-436e-a07d-577839039518,7bb7b110-a89a-4dee-98f3-7fdb6f65610a,gender_all_female,Kenya
ea278660-f4f6-478f-b678-291492bc03e1,2026-05-16 07:36:42.188211 UTC,text,en,51d45f57-ff5f-436e-a07d-577839039518,7bb7b110-a89a-4dee-98f3-7fdb6f65610a,gender_all_female,Kenya
dec0d97d-edec-4ba0-afc9-4d77474ec31a,2025-03-26 12:08:12.589469 UTC,text,en,0d25e834-223e-4471-82de-36070eba27af,7bb7b110-a89a-4dee-98f3-7fdb6f65610a,gender_all_female,Kenya
f6ba5228-4754-4a2b-81ce-bf35503c0f8f,2025-03-26 12:10:36.203945 UTC,text,en,0d25e834-223e-4471-82de-36070eba27af,7bb7b110-a89a-4dee-98f3-7fdb6f65610a,gender_all_female,Kenya
e7f4b2f9-7206-4bdc-9d0c-afeadbef8ab9,2025-03-26 12:15:09.702499 UTC,text,en,0d25e834-223e-4471-82de-36070eba27af,7bb7b110-a89a-4dee-98f3-7fdb6f65610a,gender_all_female,Kenya
343bed98-6762-4283-92be-5000744d342e,2026-05-16 07:35:06.149037 UTC,text,en,51d45f57-ff5f-436e-a07d-577839039518,7bb7b110-a89a-4dee-98f3-7fdb6f65610a,gender_all_female,Kenya
664c7fad-8332-4fd6-bc22-63da248890f9,2026-05-16 07:33:54.706559 UTC,text,en,51d45f57-ff5f-436e-a07d-577839039518,7bb7b110-a89a-4dee-98f3-7fdb6f65610a,gender_all_female,Kenya
c46831d8-9a20-433d-abc7-f11bb684e738,2025-03-26 12:16:20.970456 UTC,text,en,0d25e834-223e-4471-82de-36070eba27af,7bb7b110-a89a-4dee-98f3-7fdb6f65610a,gender_all_female,Kenya
c4c7e24f-a82b-483f-b23d-9c5975507819,2025-04-08 06:00:38.447407 UTC,text,en,3971fd72-05b5-4244-abcd-eb246925a672,7bb7b110-a89a-4dee-98f3-7fdb6f65610a,gender_all_female,Kenya
c9c578de-cf6d-44d4-bb3d-69074507fca1,2025-04-03 16:50:05.204064 UTC,text,en,7eaec252-ae23-4569-b13d-0e9252f8ebf3,7bb7b110-a89a-4dee-98f3-7fdb6f65610a,gender_all_female,Kenya
751c5a18-66eb-4d63-b8a2-0c09ee5e9e18,2025-04-03 06:03:40.617584 UTC,text,en,7eaec252-ae23-4569-b13d-0e9252f8ebf3,7bb7b110-a89a-4dee-98f3-7fdb6f65610a,gender_all_female,Kenya
d31b530a-0919-4aa8-a873-f270d2d02984,2025-04-03 06:05:44.957891 UTC,text,en,7eaec252-ae23-4569-b13d-0e9252f8ebf3,7bb7b110-a89a-4dee-98f3-7fdb6f65610a,gender_all_female,Kenya
d3230bed-94b0-4f40-80e6-2b313c87fd0d,2025-04-03 06:15:25.077175 UTC,text,en,7eaec252-ae23-4569-b13d-0e9252f8ebf3,7bb7b110-a89a-4dee-98f3-7fdb6f65610a,gender_all_female,Kenya
2602aec0-4add-41ba-a26c-ae2742d147dd,2025-04-03 06:09:06.840654 UTC,text,en,7eaec252-ae23-4569-b13d-0e9252f8ebf3,7bb7b110-a89a-4dee-98f3-7fdb6f65610a,gender_all_female,Kenya
860c0e6a-297a-4baa-a450-d67c5efc25ec,2025-04-03 06:08:11.342165 UTC,text,en,7eaec252-ae23-4569-b13d-0e9252f8ebf3,7bb7b110-a89a-4dee-98f3-7fdb6f65610a,gender_all_female,Kenya
7c333253-e64e-408b-874e-8b4669c26e69,2025-04-03 06:17:41.502471 UTC,text,en,7eaec252-ae23-4569-b13d-0e9252f8ebf3,7bb7b110-a89a-4dee-98f3-7fdb6f65610a,gender_all_female,Kenya
44f0607a-aa75-40a9-b017-12f56713d4ee,2025-04-03 06:07:06.289117 UTC,text,en,7eaec252-ae23-4569-b13d-0e9252f8ebf3,7bb7b110-a89a-4dee-98f3-7fdb6f65610a,gender_all_female,Kenya
71f61157-080d-497e-978d-0f8f5f8183c5,2025-04-03 06:02:32.380205 UTC,text,en,7eaec252-ae23-4569-b13d-0e9252f8ebf3,7bb7b110-a89a-4dee-98f3-7fdb6f65610a,gender_all_female,Kenya
5623ca4d-385f-47c1-be05-2c24afc3f998,2026-05-17 13:44:23.240278 UTC,text,en,308b8925-07c8-4272-8f46-9c554d686f45,7bb7b110-a89a-4dee-98f3-7fdb6f65610a,gender_all_female,Kenya
9b2e428e-4cd4-4b3e-9d97-bf9e54c3246c,2026-05-18 09:38:31.899044 UTC,text,hi,9b38e7d2-95fd-4b9c-b602-5aea2adb117f,acf64ee8-0c1c-4f52-845e-44e3878f0ae9,gender_all_female,India
1d6a7eff-4e3c-4716-bcf9-9c66f909b0db,2026-08-31 05:02:29.254929 UTC,text,en,1dc7d784-c2d0-4093-9019-abcc4dfa4256,06d307d9-fa94-4372-9a05-0fef9826002b,,Kenya
2ec29c51-5735-4650-8fe1-eed3d79ec678,2026-08-31 05:04:03.616285 UTC,text,en,1dc7d784-c2d0-4093-9019-abcc4dfa4256,06d307d9-fa94-4372-9a05-0fef9826002b,,Kenya
e4e98700-2592-43f2-bac6-2bbc434eedfe,2026-08-31 05:04:15.233682 UTC,text,en,1dc7d784-c2d0-4093-9019-abcc4dfa4256,06d307d9-fa94-4372-9a05-0fef9826002b,,Kenya
debb7251-d5bb-41cc-a220-43fe9b8cea15,2026-08-31 05:04:45.397902 UTC,image,,1dc7d784-c2d0-4093-9019-abcc4dfa4256,06d307d9-fa94-4372-9a05-0fef9826002b,,Kenya
f3ecfeb9-9a68-4b64-92a3-e5a49daf5bec,2026-05-25 12:47:50.053107 UTC,text,am,903e2510-e648-4223-acfb-2bed2708c55a,5d132d18-8277-4357-b1fb-b24cbf81a996,,Ethiopia
ba92f26a-5c06-4334-b335-f74225d6eb2c,2025-03-26 13:16:43.749509 UTC,voice,,3933db15-65a1-4858-a560-2b47e6841cd8,7bb7b110-a89a-4dee-98f3-7fdb6f65610a,gender_all_female,Kenya
af17aeee-4870-45f5-8eec-2b2d90275dd3,2025-04-04 10:18:33.876052 UTC,text,en,ef96ac71-d79b-43c3-ab46-b359277fd6b5,7bb7b110-a89a-4dee-98f3-7fdb6f65610a,gender_all_female,Kenya
49a21ac6-26a1-4fdb-8461-549cd2a7ab2a,2025-03-26 12:22:43.463673 UTC,text,en,3933db15-65a1-4858-a560-2b47e6841cd8,7bb7b110-a89a-4dee-98f3-7fdb6f65610a,gender_all_female,Kenya
55401b74-60e8-4ebe-984b-eee3bf872bdb,2025-03-26 12:21:54.653532 UTC,text,en,3933db15-65a1-4858-a560-2b47e6841cd8,7bb7b110-a89a-4dee-98f3-7fdb6f65610a,gender_all_female,Kenya
7a10de0b-cf96-4512-8f10-1912a4d26e2c,2025-03-26 12:16:56.961013 UTC,text,en,b4904f96-8d30-46a2-b931-7fbfa9211fe0,7bb7b110-a89a-4dee-98f3-7fdb6f65610a,gender_all_female,Kenya
a9143a93-67f3-4068-aa37-3fdb06acb7ef,2025-03-26 13:13:45.696776 UTC,text,en,3933db15-65a1-4858-a560-2b47e6841cd8,7bb7b110-a89a-4dee-98f3-7fdb6f65610a,gender_all_female,Kenya
ee275308-7e4a-432c-93d4-d3e6917f472b,2026-08-31 18:34:01.507419 UTC,voice,en,c8422c42-4a1b-431f-b8d5-9ef83a1ce523,06d307d9-fa94-4372-9a05-0fef9826002b,,Kenya
2fb29481-e08a-4e9a-8938-f3a5eefb76c7,2026-02-24 14:31:22.236965 UTC,text,hi,0df72756-d8ea-4438-a8aa-898f1493568a,08849f82-d1c8-461a-a587-535050cbc026,,India
9b88241c-726a-412e-b60c-4fd51f501d8b,2025-03-28 11:30:15.27834 UTC,text,no,d4459f5c-242a-45b1-abe4-db159b5c5576,7bb7b110-a89a-4dee-98f3-7fdb6f65610a,gender_all_female,Kenya
f9a13e6f-7909-4411-8a68-b5c29d33e6da,2025-03-28 10:10:34.462309 UTC,text,en,d4459f5c-242a-45b1-abe4-db159b5c5576,7bb7b110-a89a-4dee-98f3-7fdb6f65610a,gender_all_female,Kenya
6c0a9414-f9c3-4eda-bbac-6bbeb3b1d32f,2025-04-04 10:22:49.638954 UTC,text,en,c6a1b57e-6553-4c88-b0c9-1d005646998f,7bb7b110-a89a-4dee-98f3-7fdb6f65610a,gender_all_female,Kenya
a7d55e44-7448-4644-a96f-5b6526031391,2025-03-28 10:11:52.798486 UTC,text,en,d4459f5c-242a-45b1-abe4-db159b5c5576,7bb7b110-a89a-4dee-98f3-7fdb6f65610a,gender_all_female,Kenya
59494c06-2da5-45a8-a6c8-82f2c9418e73,2025-03-28 13:21:26.898909 UTC,text,en,8324368e-6615-436b-89d0-c40c4f89c3ae,7bb7b110-a89a-4dee-98f3-7fdb6f65610a,gender_all_female,Kenya
20fd29de-d3f9-4f4f-ac02-0602120e477c,2025-03-29 06:49:11.40891 UTC,text,en,8324368e-6615-436b-89d0-c40c4f89c3ae,7bb7b110-a89a-4dee-98f3-7fdb6f65610a,gender_all_female,Kenya
5246c81f-cf23-49d1-8e2f-a54168c02e15,2025-04-04 10:20:06.311698 UTC,text,en,c6a1b57e-6553-4c88-b0c9-1d005646998f,7bb7b110-a89a-4dee-98f3-7fdb6f65610a,gender_all_female,Kenya
b66795f5-3782-4856-9ca6-a2cde3e50c9a,2025-03-28 11:29:16.003439 UTC,text,en,d4459f5c-242a-45b1-abe4-db159b5c5576,7bb7b110-a89a-4dee-98f3-7fdb6f65610a,gender_all_female,Kenya
6cfac047-038b-46fd-ba88-73d415eadc61,2025-03-28 10:13:40.543798 UTC,text,en,d4459f5c-242a-45b1-abe4-db159b5c5576,7bb7b110-a89a-4dee-98f3-7fdb6f65610a,gender_all_female,Kenya
eeb8a813-e4b5-4391-94b8-e2c148007a95,2025-07-05 22:05:24.821315 UTC,text,en,fbc18842-53e5-49a0-9d48-47efe74214c4,7bb7b110-a89a-4dee-98f3-7fdb6f65610a,gender_all_female,Kenya
fc215150-310d-4f3f-ac97-a8accb78eba1,2025-07-05 22:19:33.877847 UTC,text,en,fbc18842-53e5-49a0-9d48-47efe74214c4,7bb7b110-a89a-4dee-98f3-7fdb6f65610a,gender_all_female,Kenya
f9b1b7e5-0f0c-4a0e-ab3d-9fe65e984192,2025-07-05 22:07:34.042759 UTC,text,en,fbc18842-53e5-49a0-9d48-47efe74214c4,7bb7b110-a89a-4dee-98f3-7fdb6f65610a,gender_all_female,Kenya
e84d770c-a9c2-432d-9a84-e7ae63771a30,2025-07-05 22:04:28.941086 UTC,text,en,fbc18842-53e5-49a0-9d48-47efe74214c4,7bb7b110-a89a-4dee-98f3-7fdb6f65610a,gender_all_female,Kenya
6e604761-4848-45ea-9c47-ee7501bf0299,2025-07-05 22:18:58.628103 UTC,text,en,fbc18842-53e5-49a0-9d48-47efe74214c4,7bb7b110-a89a-4dee-98f3-7fdb6f65610a,gender_all_female,Kenya
a29d9805-df15-435b-a8c3-da9e90deefff,2025-07-05 22:06:22.526214 UTC,text,en,fbc18842-53e5-49a0-9d48-47efe74214c4,7bb7b110-a89a-4dee-98f3-7fdb6f65610a,gender_all_female,Kenya
c29abc1a-6ec8-4c8e-97db-efe657cf8577,2025-07-05 22:06:55.806106 UTC,text,en,fbc18842-53e5-49a0-9d48-47efe74214c4,7bb7b110-a89a-4dee-98f3-7fdb6f65610a,gender_all_female,Kenya
08a54399-9ff5-4b10-8f4f-bffe993d5b69,2025-07-05 21:00:24.335985 UTC,text,en,fbc18842-53e5-49a0-9d48-47efe74214c4,7bb7b110-a89a-4dee-98f3-7fdb6f65610a,gender_all_female,Kenya
26bef22e-59ca-4090-8bb2-6a0bed11b469,2026-08-31 05:02:11.242168 UTC,text,en,1997a450-3fbd-49cf-9b8c-17786628b69d,06d307d9-fa94-4372-9a05-0fef9826002b,,Kenya
3311d496-47b1-48c8-819c-d9584b8cdfca,2025-04-01 18:34:52.691922 UTC,text,en,6afbf776-fd95-4f51-af31-994b89923e9c,7bb7b110-a89a-4dee-98f3-7fdb6f65610a,gender_all_female,Kenya
be9a38ac-4cb7-49a3-8786-ea48ce1e9b48,2025-04-01 18:36:30.398953 UTC,text,en,6afbf776-fd95-4f51-af31-994b89923e9c,7bb7b110-a89a-4dee-98f3-7fdb6f65610a,gender_all_female,Kenya
79ad670d-711c-48ab-83df-483af4851e3b,2025-04-06 06:24:26.406808 UTC,text,en,647eba9d-5260-4ff2-a907-893444566d5d,7bb7b110-a89a-4dee-98f3-7fdb6f65610a,gender_all_female,Kenya
a3c79ec1-46ea-4c66-b0da-1d214de0ecae,2026-06-05 12:43:14.921538 UTC,text,en,d758fe2d-cf4b-4f23-9a7c-2d72593d7055,7bb7b110-a89a-4dee-98f3-7fdb6f65610a,gender_all_female,Kenya
a3e6fa1c-d705-44ac-bdc7-d90ce1d51065,2026-06-05 12:33:47.797623 UTC,text,en,d758fe2d-cf4b-4f23-9a7c-2d72593d7055,7bb7b110-a89a-4dee-98f3-7fdb6f65610a,gender_all_female,Kenya
150c252e-7bf6-482b-84b0-a0aa940060e3,2026-06-20 13:45:43.018552 UTC,text,en,d758fe2d-cf4b-4f23-9a7c-2d72593d7055,7bb7b110-a89a-4dee-98f3-7fdb6f65610a,gender_all_female,Kenya
35e86f5c-8728-42cf-9224-1a19ca597d4b,2026-06-05 12:35:54.180855 UTC,text,en,d758fe2d-cf4b-4f23-9a7c-2d72593d7055,7bb7b110-a89a-4dee-98f3-7fdb6f65610a,gender_all_female,Kenya
ebd84555-836c-4d9f-8cfc-0dbbe8bf60ca,2026-06-20 13:48:20.518314 UTC,text,en,d758fe2d-cf4b-4f23-9a7c-2d72593d7055,7bb7b110-a89a-4dee-98f3-7fdb6f65610a,gender_all_female,Kenya
4a85b73c-e84c-4734-9700-bcd01945725d,2026-06-05 12:39:12.266969 UTC,text,en,d758fe2d-cf4b-4f23-9a7c-2d72593d7055,7bb7b110-a89a-4dee-98f3-7fdb6f65610a,gender_all_female,Kenya
c84212a4-69cd-46a9-b048-6b9ee09cc2b4,2026-06-05 12:34:54.250456 UTC,text,en,d758fe2d-cf4b-4f23-9a7c-2d72593d7055,7bb7b110-a89a-4dee-98f3-7fdb6f65610a,gender_all_female,Kenya
377188f8-2c99-4bc9-8abd-1f4968568301,2026-06-20 13:46:19.642123 UTC,text,en,d758fe2d-cf4b-4f23-9a7c-2d72593d7055,7bb7b110-a89a-4dee-98f3-7fdb6f65610a,gender_all_female,Kenya
3f4b8841-bb16-4365-ab3a-8bf858cd2ac3,2026-08-31 18:29:05.181827 UTC,text,ar-Latn,2cea8754-db6d-41ea-a901-a9f54d8a40f3,06d307d9-fa94-4372-9a05-0fef9826002b,,Kenya
e31e41f0-42c6-4d5f-a73f-690261cfa4ab,2026-08-31 18:26:02.441953 UTC,text,en,2cea8754-db6d-41ea-a901-a9f54d8a40f3,06d307d9-fa94-4372-9a05-0fef9826002b,,Kenya
a941e785-b5ec-4448-84a2-a9cd8b4af7ff,2026-08-31 18:25:36.328082 UTC,text,et,2cea8754-db6d-41ea-a901-a9f54d8a40f3,06d307d9-fa94-4372-9a05-0fef9826002b,,Kenya
19def38e-ea24-4ada-986d-9c58c454cf9c,2025-06-14 14:56:33.018066 UTC,text,en,94e21e26-05ea-4472-8832-0e4b1ea115ca,7bb7b110-a89a-4dee-98f3-7fdb6f65610a,gender_all_female,Kenya
2d29542d-70c5-49e2-b1f6-4a3d9d3f9f39,2025-06-14 14:57:06.715961 UTC,text,en,94e21e26-05ea-4472-8832-0e4b1ea115ca,7bb7b110-a89a-4dee-98f3-7fdb6f65610a,gender_all_female,Kenya
f64e24da-b759-4460-9fb8-24afdb0f5037,2026-05-31 15:34:58.695249 UTC,text,am,34474542-537e-475d-afda-dcf8794f9fb3,5d132d18-8277-4357-b1fb-b24cbf81a996,,Ethiopia
2305cdf1-53c4-4b14-b145-c6eb28e45133,2026-05-31 15:33:57.706337 UTC,text,am,34474542-537e-475d-afda-dcf8794f9fb3,5d132d18-8277-4357-b1fb-b24cbf81a996,,Ethiopia
c255328e-f7cc-4f0a-a3da-e1fd9f5c5630,2026-08-31 05:16:38.832311 UTC,text,en,cfa37f3f-816b-43c9-ac11-6f27bdd4689b,06d307d9-fa94-4372-9a05-0fef9826002b,,Kenya
52b9c719-8c71-40ae-9453-1f807aa791cb,2026-08-31 05:04:50.44878 UTC,text,en,cfa37f3f-816b-43c9-ac11-6f27bdd4689b,06d307d9-fa94-4372-9a05-0fef9826002b,,Kenya
fdcaacbd-4b7f-4829-a3e0-b7b92a43c440,2026-08-31 05:04:43.062817 UTC,text,en,cfa37f3f-816b-43c9-ac11-6f27bdd4689b,06d307d9-fa94-4372-9a05-0fef9826002b,,Kenya
53586e7a-73e8-4bcf-afdb-290fc66812e8,2026-05-26 11:25:44.332904 UTC,text,en,fe1b8fce-ed41-47d3-adcf-85894f7e4580,7bb7b110-a89a-4dee-98f3-7fdb6f65610a,gender_all_female,Kenya
6bca43c0-63b0-461a-a362-e978fb0a9110,2025-11-13 14:47:39.743367 UTC,text,hi,6371f84c-e7b1-4496-ae38-8183c46f1d08,acf64ee8-0c1c-4f52-845e-44e3878f0ae9,gender_all_female,India
e47a1f2e-1ef4-4728-97cf-975c94ebf18e,2026-09-02 17:45:27.043181 UTC,text,en,5850313c-cc87-4660-8be4-ec9cee59caf7,06d307d9-fa94-4372-9a05-0fef9826002b,,Kenya
ac867122-8b73-47df-b4f6-3a91076961f3,2025-04-03 16:50:24.110151 UTC,text,en,08518182-838f-471e-b23c-7668553d47a1,7bb7b110-a89a-4dee-98f3-7fdb6f65610a,gender_all_female,Kenya
9fbd17af-b89d-4a85-82b2-7649b49025a8,2025-04-07 08:58:50.462489 UTC,text,en,43f981e5-3ddc-4df9-b538-48fc042cc90c,7bb7b110-a89a-4dee-98f3-7fdb6f65610a,gender_all_female,Kenya
08f84a67-078c-48e9-b603-2495547dfa88,2025-07-06 18:12:35.846278 UTC,text,en,ec91b229-0f03-4586-9611-eab3e82745ac,7bb7b110-a89a-4dee-98f3-7fdb6f65610a,gender_all_female,Kenya
04b14960-4f2a-429b-b734-10553ef32859,2025-07-06 18:15:06.939574 UTC,text,en,ec91b229-0f03-4586-9611-eab3e82745ac,7bb7b110-a89a-4dee-98f3-7fdb6f65610a,gender_all_female,Kenya
5e3f2012-2192-47cd-a772-2dd6a66227ab,2025-07-06 18:20:13.049466 UTC,text,en,ec91b229-0f03-4586-9611-eab3e82745ac,7bb7b110-a89a-4dee-98f3-7fdb6f65610a,gender_all_female,Kenya
53f4e56f-6417-4ea3-9d66-0406735055ee,2025-07-06 18:13:48.545105 UTC,text,en,ec91b229-0f03-4586-9611-eab3e82745ac,7bb7b110-a89a-4dee-98f3-7fdb6f65610a,gender_all_female,Kenya
8956a3d2-1601-4c9f-9b09-04702f142e23,2025-04-07 19:22:37.182019 UTC,text,en,43f981e5-3ddc-4df9-b538-48fc042cc90c,7bb7b110-a89a-4dee-98f3-7fdb6f65610a,gender_all_female,Kenya
e97d0d9e-c8f7-4843-8b63-caebd4a14128,2025-07-06 18:11:40.535007 UTC,text,en,ec91b229-0f03-4586-9611-eab3e82745ac,7bb7b110-a89a-4dee-98f3-7fdb6f65610a,gender_all_female,Kenya
702d0196-6c82-4436-a0bf-832879585b21,2025-07-06 18:19:49.003329 UTC,text,en,ec91b229-0f03-4586-9611-eab3e82745ac,7bb7b110-a89a-4dee-98f3-7fdb6f65610a,gender_all_female,Kenya
3915473e-cb4c-4e74-a234-5f8435152e6e,2025-07-03 10:37:02.922713 UTC,voice,en,c15eb6b6-914e-4617-a1cd-9cbc841fc722,7bb7b110-a89a-4dee-98f3-7fdb6f65610a,gender_all_female,Kenya
5e000d12-c883-4d63-8e61-376faa44ded6,2025-07-04 11:07:24.6595 UTC,text,en,83fed370-9f0c-4b08-a8ad-599d3f1d3703,7bb7b110-a89a-4dee-98f3-7fdb6f65610a,gender_all_female,Kenya
7f3ab315-3d71-4ec5-a5d2-e5578cd683c7,2025-07-02 13:26:09.943874 UTC,text,en,ab919d6c-411e-4e68-a6ec-5ad7258b5224,7bb7b110-a89a-4dee-98f3-7fdb6f65610a,gender_all_female,Kenya
b700ed11-51d7-4743-ba96-b3bd2baa0eb7,2025-04-09 03:55:34.697414 UTC,text,en,7cb70034-155b-44ff-a1d4-beff1280ecc8,7bb7b110-a89a-4dee-98f3-7fdb6f65610a,gender_all_female,Kenya
027c6fbc-9c7c-4660-a107-208cb534d6e9,2025-07-03 11:33:37.18446 UTC,text,en,c15eb6b6-914e-4617-a1cd-9cbc841fc722,7bb7b110-a89a-4dee-98f3-7fdb6f65610a,gender_all_female,Kenya
632fb29b-dddf-427f-8079-c523f7f966b7,2025-07-03 10:37:58.529347 UTC,voice,en,c15eb6b6-914e-4617-a1cd-9cbc841fc722,7bb7b110-a89a-4dee-98f3-7fdb6f65610a,gender_all_female,Kenya
9983b592-1cff-40bb-ab11-2467d4f9283e,2025-07-02 13:31:39.847706 UTC,text,en,ab919d6c-411e-4e68-a6ec-5ad7258b5224,7bb7b110-a89a-4dee-98f3-7fdb6f65610a,gender_all_female,Kenya
f33ee5d9-7a42-4ead-b4b0-ef90b5ff47e8,2025-07-03 10:41:12.354217 UTC,voice,en,c15eb6b6-914e-4617-a1cd-9cbc841fc722,7bb7b110-a89a-4dee-98f3-7fdb6f65610a,gender_all_female,Kenya
4265b4e7-385c-44be-927b-d002c65c6600,2025-07-03 10:39:10.133608 UTC,voice,en,c15eb6b6-914e-4617-a1cd-9cbc841fc722,7bb7b110-a89a-4dee-98f3-7fdb6f65610a,gender_all_female,Kenya
1dade3d1-e300-45d2-8e14-517270d62b75,2025-04-09 10:58:51.616708 UTC,text,en,b8fa5bec-db0c-4ae9-8080-eff9c65c0dee,7bb7b110-a89a-4dee-98f3-7fdb6f65610a,gender_all_female,Kenya
428dc258-4c23-468f-8054-f5a25c874da8,2025-07-03 10:34:09.994419 UTC,voice,en,c15eb6b6-914e-4617-a1cd-9cbc841fc722,7bb7b110-a89a-4dee-98f3-7fdb6f65610a,gender_all_female,Kenya
f42381b3-2ba3-44e2-9a1c-a482517ae55d,2025-07-03 10:33:05.894513 UTC,voice,en,c15eb6b6-914e-4617-a1cd-9cbc841fc722,7bb7b110-a89a-4dee-98f3-7fdb6f65610a,gender_all_female,Kenya
1e525b21-796d-4f8d-8a93-7f442be6d854,2025-07-02 13:30:54.60204 UTC,text,en,ab919d6c-411e-4e68-a6ec-5ad7258b5224,7bb7b110-a89a-4dee-98f3-7fdb6f65610a,gender_all_female,Kenya
0f94b5bb-6310-4055-b3fb-018ca85cf337,2025-07-03 10:36:05.370568 UTC,voice,en,c15eb6b6-914e-4617-a1cd-9cbc841fc722,7bb7b110-a89a-4dee-98f3-7fdb6f65610a,gender_all_female,Kenya
a307a776-29f8-4ebf-9930-dcf1e28af33e,2025-07-03 10:36:47.309212 UTC,voice,,c15eb6b6-914e-4617-a1cd-9cbc841fc722,7bb7b110-a89a-4dee-98f3-7fdb6f65610a,gender_all_female,Kenya
8f0cc1cc-ea00-495d-89db-306d3da34bef,2025-07-03 10:35:13.062548 UTC,voice,en,c15eb6b6-914e-4617-a1cd-9cbc841fc722,7bb7b110-a89a-4dee-98f3-7fdb6f65610a,gender_all_female,Kenya
ab1020f9-633e-49b9-bc3a-bcf5472057be,2025-07-03 10:32:12.228446 UTC,voice,en,c15eb6b6-914e-4617-a1cd-9cbc841fc722,7bb7b110-a89a-4dee-98f3-7fdb6f65610a,gender_all_female,Kenya
0f234911-71d4-4e64-8857-af998acacf35,2025-07-02 13:27:57.904459 UTC,text,en,ab919d6c-411e-4e68-a6ec-5ad7258b5224,7bb7b110-a89a-4dee-98f3-7fdb6f65610a,gender_all_female,Kenya
f246b8a8-2276-4ab6-8736-79b85e1ab2eb,2025-07-02 13:32:14.899171 UTC,text,en,ab919d6c-411e-4e68-a6ec-5ad7258b5224,7bb7b110-a89a-4dee-98f3-7fdb6f65610a,gender_all_female,Kenya
8ccd58c1-7241-4682-a9bf-a5374c21a8e3,2025-07-02 13:33:03.385239 UTC,text,en,ab919d6c-411e-4e68-a6ec-5ad7258b5224,7bb7b110-a89a-4dee-98f3-7fdb6f65610a,gender_all_female,Kenya
58d07cf8-326a-4b63-a6d0-e41fa84388e4,2025-07-03 10:40:09.989907 UTC,voice,en,c15eb6b6-914e-4617-a1cd-9cbc841fc722,7bb7b110-a89a-4dee-98f3-7fdb6f65610a,gender_all_female,Kenya
2e6707b4-a14e-4daf-8a1d-df96042f1101,2025-07-03 11:35:55.536774 UTC,text,en,c15eb6b6-914e-4617-a1cd-9cbc841fc722,7bb7b110-a89a-4dee-98f3-7fdb6f65610a,gender_all_female,Kenya
4793a6be-d88d-49b2-a650-5976839f47ac,2025-07-02 11:07:48.687303 UTC,text,en,ab919d6c-411e-4e68-a6ec-5ad7258b5224,7bb7b110-a89a-4dee-98f3-7fdb6f65610a,gender_all_female,Kenya
8257d506-491c-40ef-a194-5d417d1e8bf5,2026-05-19 11:55:11.914344 UTC,text,am,e0b1f39a-6c89-418a-8cd4-62d987b82961,5d132d18-8277-4357-b1fb-b24cbf81a996,,Ethiopia
f28c766d-8f9d-47de-8cbf-3f974d2ac8e4,2025-04-09 10:57:35.857646 UTC,text,en,b8fa5bec-db0c-4ae9-8080-eff9c65c0dee,7bb7b110-a89a-4dee-98f3-7fdb6f65610a,gender_all_female,Kenya
f38b671d-c962-4018-ab65-0aa78f9abc00,2025-07-02 13:27:28.08176 UTC,text,en,ab919d6c-411e-4e68-a6ec-5ad7258b5224,7bb7b110-a89a-4dee-98f3-7fdb6f65610a,gender_all_female,Kenya
7034000d-f2fd-430f-a3bd-ed93b04cefa9,2025-07-03 11:32:53.478799 UTC,text,en,c15eb6b6-914e-4617-a1cd-9cbc841fc722,7bb7b110-a89a-4dee-98f3-7fdb6f65610a,gender_all_female,Kenya
3e35a786-9af7-48e7-bb36-59db6b66eb77,2025-07-03 11:34:15.233356 UTC,text,en,c15eb6b6-914e-4617-a1cd-9cbc841fc722,7bb7b110-a89a-4dee-98f3-7fdb6f65610a,gender_all_female,Kenya
d3f98712-5183-4db3-b470-3451444bc2b8,2025-07-05 15:54:58.297558 UTC,image,,50068eb3-9ffa-4741-9e2f-917bfe835c9c,7bb7b110-a89a-4dee-98f3-7fdb6f65610a,gender_all_female,Kenya
5956c380-7643-4f99-b1b9-bdb32af52dd6,2025-07-05 15:55:51.042665 UTC,text,en,50068eb3-9ffa-4741-9e2f-917bfe835c9c,7bb7b110-a89a-4dee-98f3-7fdb6f65610a,gender_all_female,Kenya
3905f8b1-6eb9-4337-87e0-1ab05e203783,2025-07-02 21:02:47.006667 UTC,text,en,75bc4e82-5848-462a-9446-0f3701a6e11b,7bb7b110-a89a-4dee-98f3-7fdb6f65610a,gender_all_female,Kenya
2888fe93-bb2b-4768-9aef-a449cf77231e,2025-07-02 20:59:16.690838 UTC,text,en,75bc4e82-5848-462a-9446-0f3701a6e11b,7bb7b110-a89a-4dee-98f3-7fdb6f65610a,gender_all_female,Kenya
3be66538-e728-40c2-857b-4ea92eecef16,2025-07-02 20:45:56.942043 UTC,text,en,75bc4e82-5848-462a-9446-0f3701a6e11b,7bb7b110-a89a-4dee-98f3-7fdb6f65610a,gender_all_female,Kenya
091a3f11-38f7-4815-8192-06a8b3a5081d,2025-07-02 21:01:57.7842 UTC,text,en,75bc4e82-5848-462a-9446-0f3701a6e11b,7bb7b110-a89a-4dee-98f3-7fdb6f65610a,gender_all_female,Kenya
e4c7c5bd-0e10-4ab5-ad68-076297929074,2025-07-02 20:52:49.233532 UTC,text,en,75bc4e82-5848-462a-9446-0f3701a6e11b,7bb7b110-a89a-4dee-98f3-7fdb6f65610a,gender_all_female,Kenya
5f6f5984-c446-49e2-b37e-916a6bf521d7,2025-07-02 20:47:31.450465 UTC,text,en,75bc4e82-5848-462a-9446-0f3701a6e11b,7bb7b110-a89a-4dee-98f3-7fdb6f65610a,gender_all_female,Kenya
2a226e5a-d0b9-4e05-9179-9df6baf94401,2025-07-02 20:49:06.639081 UTC,text,en,75bc4e82-5848-462a-9446-0f3701a6e11b,7bb7b110-a89a-4dee-98f3-7fdb6f65610a,gender_all_female,Kenya
00fbdfd0-fbe1-47cb-8127-0914a3845a7f,2025-05-07 18:34:22.35511 UTC,text,en,5ada9ae5-b6ab-40f2-bab1-de1aeedfffb9,7bb7b110-a89a-4dee-98f3-7fdb6f65610a,gender_all_female,Kenya
9c4aac20-99a8-4f4d-9c81-9265fe03aff0,2025-07-02 20:43:37.14371 UTC,text,en,75bc4e82-5848-462a-9446-0f3701a6e11b,7bb7b110-a89a-4dee-98f3-7fdb6f65610a,gender_all_female,Kenya
98606f72-0a2f-4dca-b91c-db2e6d0e6b04,2025-07-02 20:58:04.845116 UTC,text,en,75bc4e82-5848-462a-9446-0f3701a6e11b,7bb7b110-a89a-4dee-98f3-7fdb6f65610a,gender_all_female,Kenya
bc0571b3-b520-4982-9d44-9073f309432b,2025-07-02 20:45:13.72113 UTC,text,en,75bc4e82-5848-462a-9446-0f3701a6e11b,7bb7b110-a89a-4dee-98f3-7fdb6f65610a,gender_all_female,Kenya
cfaf28fd-cb45-4ddd-9189-82e92fd9175c,2025-07-02 20:57:19.681413 UTC,text,en,75bc4e82-5848-462a-9446-0f3701a6e11b,7bb7b110-a89a-4dee-98f3-7fdb6f65610a,gender_all_female,Kenya
d6f1e72a-d722-4b01-aa3a-e7f83770ce9a,2025-07-02 20:56:08.452655 UTC,text,en,75bc4e82-5848-462a-9446-0f3701a6e11b,7bb7b110-a89a-4dee-98f3-7fdb6f65610a,gender_all_female,Kenya
c8f4da35-09f5-4748-a274-2fd930c0200b,2025-07-02 21:01:09.149159 UTC,text,en,75bc4e82-5848-462a-9446-0f3701a6e11b,7bb7b110-a89a-4dee-98f3-7fdb6f65610a,gender_all_female,Kenya
5d48d3f6-2312-46a4-bcff-d407545bf228,2025-07-02 20:55:10.052819 UTC,text,en,75bc4e82-5848-462a-9446-0f3701a6e11b,7bb7b110-a89a-4dee-98f3-7fdb6f65610a,gender_all_female,Kenya
20614ac1-d8b2-4cdc-a217-36f686aa56a2,2025-07-02 20:44:27.130557 UTC,text,en,75bc4e82-5848-462a-9446-0f3701a6e11b,7bb7b110-a89a-4dee-98f3-7fdb6f65610a,gender_all_female,Kenya
48a8191d-8754-4207-a0f7-ae92447ea836,2025-07-02 20:50:28.116841 UTC,text,en,75bc4e82-5848-462a-9446-0f3701a6e11b,7bb7b110-a89a-4dee-98f3-7fdb6f65610a,gender_all_female,Kenya
c705059e-0926-48f8-9722-c82fc31a3286,2025-07-02 20:54:08.413498 UTC,text,en,75bc4e82-5848-462a-9446-0f3701a6e11b,7bb7b110-a89a-4dee-98f3-7fdb6f65610a,gender_all_female,Kenya
f6ccb1f8-ba05-4205-b2bb-11fef3015b1f,2025-05-07 18:35:39.103595 UTC,text,en,5ada9ae5-b6ab-40f2-bab1-de1aeedfffb9,7bb7b110-a89a-4dee-98f3-7fdb6f65610a,gender_all_female,Kenya
69ae1262-ff48-4d84-aba9-5f860a893444,2025-07-02 20:48:04.193812 UTC,text,en,75bc4e82-5848-462a-9446-0f3701a6e11b,7bb7b110-a89a-4dee-98f3-7fdb6f65610a,gender_all_female,Kenya
0bf73735-f9f1-44a7-9ccd-51f0d3f19e10,2025-07-02 21:00:11.635788 UTC,text,en,75bc4e82-5848-462a-9446-0f3701a6e11b,7bb7b110-a89a-4dee-98f3-7fdb6f65610a,gender_all_female,Kenya
d1900ff2-9747-4cdf-84f2-58c883f5f508,2025-07-02 20:51:06.302163 UTC,text,en,75bc4e82-5848-462a-9446-0f3701a6e11b,7bb7b110-a89a-4dee-98f3-7fdb6f65610a,gender_all_female,Kenya
1a1d3750-4bdb-4b32-811f-d1238f7a0f7a,2025-07-02 20:36:19.805189 UTC,text,en,c01a69c5-3786-437d-b30f-0b20f029a921,7bb7b110-a89a-4dee-98f3-7fdb6f65610a,gender_all_female,Kenya
6788b861-aa78-4176-bc04-ad28eae43b2e,2026-02-24 14:31:14.484828 UTC,text,hi,5d45a37c-7a04-498d-b3f5-7e4fe304d033,08849f82-d1c8-461a-a587-535050cbc026,,India
d46fb7d2-f8a5-4b54-83b9-dda0f677481e,2025-07-02 20:34:59.251803 UTC,text,en,c01a69c5-3786-437d-b30f-0b20f029a921,7bb7b110-a89a-4dee-98f3-7fdb6f65610a,gender_all_female,Kenya
0f7624a4-3113-41c3-a10d-b5bab5ec09f0,2025-07-02 20:23:08.610973 UTC,text,en,c01a69c5-3786-437d-b30f-0b20f029a921,7bb7b110-a89a-4dee-98f3-7fdb6f65610a,gender_all_female,Kenya
71acf6f2-5a58-4333-aef6-8bd26b0835df,2025-07-02 20:33:14.504814 UTC,text,en,c01a69c5-3786-437d-b30f-0b20f029a921,7bb7b110-a89a-4dee-98f3-7fdb6f65610a,gender_all_female,Kenya
542b3ebf-98b2-4f7d-9a41-541cf2fa6437,2025-07-02 20:34:01.950055 UTC,text,en,c01a69c5-3786-437d-b30f-0b20f029a921,7bb7b110-a89a-4dee-98f3-7fdb6f65610a,gender_all_female,Kenya
ae9489bc-210a-4a6a-87c3-f9e998ecab07,2025-07-05 15:29:10.374549 UTC,image,,003c3baf-efcd-4227-b9d4-c7be56326fc5,7bb7b110-a89a-4dee-98f3-7fdb6f65610a,gender_all_female,Kenya
fb7acd58-32da-4a7a-b0d5-604c11b4d767,2025-04-03 05:46:29.247498 UTC,text,en,22c2d159-c65a-4295-b12f-2741ac363201,7bb7b110-a89a-4dee-98f3-7fdb6f65610a,gender_all_female,Kenya
e1c9acc9-f17e-4c33-994f-07f29968f453,2025-04-03 05:45:11.60041 UTC,text,en,22c2d159-c65a-4295-b12f-2741ac363201,7bb7b110-a89a-4dee-98f3-7fdb6f65610a,gender_all_female,Kenya
49e400bc-d8fc-4c36-a911-bdb5657d2176,2026-06-20 13:40:24.362696 UTC,text,en,d2f8179a-b7fa-44d2-b5fe-6350ca1b2444,7bb7b110-a89a-4dee-98f3-7fdb6f65610a,gender_all_female,Kenya
e62f22cf-416d-4981-9ce9-8eee28c38a81,2026-06-20 13:40:59.424992 UTC,text,en,d2f8179a-b7fa-44d2-b5fe-6350ca1b2444,7bb7b110-a89a-4dee-98f3-7fdb6f65610a,gender_all_female,Kenya
1c91d9de-e14a-4612-a73b-06d21c41d7d0,2026-02-24 14:31:46.858778 UTC,text,hi,2c27c190-8d08-4d91-93e8-4d391156c960,08849f82-d1c8-461a-a587-535050cbc026,,India
380b9a9a-81d2-43f0-aee8-d679ce12a8cd,2026-06-20 13:35:40.940368 UTC,text,en,d2f8179a-b7fa-44d2-b5fe-6350ca1b2444,7bb7b110-a89a-4dee-98f3-7fdb6f65610a,gender_all_female,Kenya
7c1c3aa7-b9ef-4cbe-a9ed-c4348902094e,2025-04-05 20:41:29.151301 UTC,text,en,f217d692-2ed9-43df-9e6f-58bbd0bc9003,7bb7b110-a89a-4dee-98f3-7fdb6f65610a,gender_all_female,Kenya
e9c9f7c6-4b21-4453-954e-ca109ac9c4db,2026-06-20 13:35:20.162469 UTC,text,en,d2f8179a-b7fa-44d2-b5fe-6350ca1b2444,7bb7b110-a89a-4dee-98f3-7fdb6f65610a,gender_all_female,Kenya
f596c48f-fb9b-4b1c-9cac-e63269f3342b,2025-07-02 20:38:54.678108 UTC,text,en,1f57d5ff-af50-457f-8df9-92a7bb139e31,7bb7b110-a89a-4dee-98f3-7fdb6f65610a,gender_all_female,Kenya
854fa08e-df32-4b82-bb45-0421b7dc2e3b,2025-07-02 20:37:39.240212 UTC,text,en,1f57d5ff-af50-457f-8df9-92a7bb139e31,7bb7b110-a89a-4dee-98f3-7fdb6f65610a,gender_all_female,Kenya
334ac8e3-aa51-47f9-81b4-a9942f22b56b,2025-07-02 20:39:24.876766 UTC,text,en,1f57d5ff-af50-457f-8df9-92a7bb139e31,7bb7b110-a89a-4dee-98f3-7fdb6f65610a,gender_all_female,Kenya
106dfaa0-fd59-4708-b730-2d1d51e4da40,2025-07-02 20:38:14.474936 UTC,text,en,1f57d5ff-af50-457f-8df9-92a7bb139e31,7bb7b110-a89a-4dee-98f3-7fdb6f65610a,gender_all_female,Kenya
2fb0de8e-8053-40c8-ac2c-6f9d971f45ae,2025-07-02 20:41:19.730018 UTC,text,en,1f57d5ff-af50-457f-8df9-92a7bb139e31,7bb7b110-a89a-4dee-98f3-7fdb6f65610a,gender_all_female,Kenya
88246007-f1f4-43ec-8720-ac5e5543812f,2025-07-02 20:40:39.099504 UTC,text,en,1f57d5ff-af50-457f-8df9-92a7bb139e31,7bb7b110-a89a-4dee-98f3-7fdb6f65610a,gender_all_female,Kenya
61f615a1-13cf-4d86-8511-286939f7c294,2025-04-08 17:39:08.025117 UTC,text,en,190d1bb5-5967-49d0-83eb-e44dc8969036,7bb7b110-a89a-4dee-98f3-7fdb6f65610a,gender_all_female,Kenya
5c5706a0-912c-4011-9b76-5abceed0652c,2025-04-05 12:47:59.905141 UTC,text,en,a41bbd8b-2b77-4e9c-af82-3141e4047d59,7bb7b110-a89a-4dee-98f3-7fdb6f65610a,gender_all_female,Kenya
fa185821-570e-4bda-aefa-3cd59aae028a,2025-05-10 08:32:14.176532 UTC,text,en,214ac401-d31a-4452-9feb-f12f5cb88354,7bb7b110-a89a-4dee-98f3-7fdb6f65610a,gender_all_female,Kenya
4a48ef90-3016-41ca-942a-cf767d48c2ac,2025-04-08 17:31:56.080891 UTC,text,en,190d1bb5-5967-49d0-83eb-e44dc8969036,7bb7b110-a89a-4dee-98f3-7fdb6f65610a,gender_all_female,Kenya
932fa341-9072-4da9-9e11-d1904244c9ff,2025-04-05 12:51:39.570833 UTC,text,en,a41bbd8b-2b77-4e9c-af82-3141e4047d59,7bb7b110-a89a-4dee-98f3-7fdb6f65610a,gender_all_female,Kenya
ec638669-53e9-453d-8957-32daa73b3375,2026-05-30 11:44:45.356765 UTC,text,en,f4378d70-22d7-447a-9625-16a72075733b,7bb7b110-a89a-4dee-98f3-7fdb6f65610a,gender_all_female,Kenya
03d9e843-bc7c-4394-86bd-5e65f2a2d6c9,2025-04-05 12:52:42.408409 UTC,text,en,a41bbd8b-2b77-4e9c-af82-3141e4047d59,7bb7b110-a89a-4dee-98f3-7fdb6f65610a,gender_all_female,Kenya
a89a8483-0df3-4e37-80f6-13b129d5f908,2025-04-05 12:50:31.384566 UTC,text,en,a41bbd8b-2b77-4e9c-af82-3141e4047d59,7bb7b110-a89a-4dee-98f3-7fdb6f65610a,gender_all_female,Kenya
da9734f9-8f17-4799-860a-9c2efb10b4e1,2025-04-08 17:30:05.049129 UTC,text,en,190d1bb5-5967-49d0-83eb-e44dc8969036,7bb7b110-a89a-4dee-98f3-7fdb6f65610a,gender_all_female,Kenya
1ae7d3a9-77e8-4c1a-a697-f3793a0fc3d3,2025-04-05 12:53:25.491813 UTC,text,en,a41bbd8b-2b77-4e9c-af82-3141e4047d59,7bb7b110-a89a-4dee-98f3-7fdb6f65610a,gender_all_female,Kenya
d7f6905b-a03d-4a04-af37-5c2f91b40acd,2025-05-10 08:33:23.394275 UTC,text,en,214ac401-d31a-4452-9feb-f12f5cb88354,7bb7b110-a89a-4dee-98f3-7fdb6f65610a,gender_all_female,Kenya
7b0c74fe-3f34-49f5-8c9c-9d0d5fa4a6d5,2025-04-08 17:37:08.861499 UTC,text,en,190d1bb5-5967-49d0-83eb-e44dc8969036,7bb7b110-a89a-4dee-98f3-7fdb6f65610a,gender_all_female,Kenya
be797261-adf0-4e70-be6f-b2560e86ae9e,2025-04-05 12:49:23.326703 UTC,text,en,a41bbd8b-2b77-4e9c-af82-3141e4047d59,7bb7b110-a89a-4dee-98f3-7fdb6f65610a,gender_all_female,Kenya
3408b714-0596-4d22-a350-e305c1156d2b,2025-04-08 17:32:50.362212 UTC,text,en,190d1bb5-5967-49d0-83eb-e44dc8969036,7bb7b110-a89a-4dee-98f3-7fdb6f65610a,gender_all_female,Kenya
eb04b2d4-7236-49ab-abba-c3d60c2ced94,2025-05-10 08:31:17.472193 UTC,text,en,214ac401-d31a-4452-9feb-f12f5cb88354,7bb7b110-a89a-4dee-98f3-7fdb6f65610a,gender_all_female,Kenya
dbadaa82-f9d1-49f7-a14c-c97103d0219f,2025-04-06 06:23:36.640922 UTC,text,en,758e0185-67b2-4549-82fb-4502f1f48dc3,7bb7b110-a89a-4dee-98f3-7fdb6f65610a,gender_all_female,Kenya
b37d3e6c-13e4-47c1-8a40-428106d034a3,2025-03-26 12:32:31.964692 UTC,text,en,5c91b731-8103-4b60-8dff-b7c0fcb421aa,7bb7b110-a89a-4dee-98f3-7fdb6f65610a,gender_all_female,Kenya
1c91e9ed-07c6-4c8a-9cfe-b7b252c22729,2025-03-26 12:26:40.809033 UTC,text,en,5c91b731-8103-4b60-8dff-b7c0fcb421aa,7bb7b110-a89a-4dee-98f3-7fdb6f65610a,gender_all_female,Kenya
5cc557cb-67b1-408a-984e-abb75017afb6,2025-03-26 12:30:35.231742 UTC,text,en,5c91b731-8103-4b60-8dff-b7c0fcb421aa,7bb7b110-a89a-4dee-98f3-7fdb6f65610a,gender_all_female,Kenya
61e94cab-9a24-406d-8569-7d45a7490f9e,2025-04-08 11:26:10.98688 UTC,text,en,ed647a83-20e2-403a-96d9-d238790419e5,7bb7b110-a89a-4dee-98f3-7fdb6f65610a,gender_all_female,Kenya
8bf13622-e3cf-48a4-aa16-38d1f4e01fd7,2025-04-08 06:39:03.071801 UTC,text,en,ed647a83-20e2-403a-96d9-d238790419e5,7bb7b110-a89a-4dee-98f3-7fdb6f65610a,gender_all_female,Kenya
99f59bd1-d5fd-42e5-ada2-df9f74158cb7,2025-03-26 12:23:27.638779 UTC,text,en,5c91b731-8103-4b60-8dff-b7c0fcb421aa,7bb7b110-a89a-4dee-98f3-7fdb6f65610a,gender_all_female,Kenya
609ba00f-11e7-42d8-a33b-9199e5026ab4,2025-04-08 11:40:25.011671 UTC,text,en,ed647a83-20e2-403a-96d9-d238790419e5,7bb7b110-a89a-4dee-98f3-7fdb6f65610a,gender_all_female,Kenya
567678ee-cf9b-40ee-b2ac-5d54c19a59a8,2025-04-08 11:27:29.214638 UTC,text,en,ed647a83-20e2-403a-96d9-d238790419e5,7bb7b110-a89a-4dee-98f3-7fdb6f65610a,gender_all_female,Kenya
2b371cb8-1827-41f5-bc35-9848b704650e,2025-03-26 12:36:38.818052 UTC,text,en,5c91b731-8103-4b60-8dff-b7c0fcb421aa,7bb7b110-a89a-4dee-98f3-7fdb6f65610a,gender_all_female,Kenya
70421cad-a531-4339-af6f-d6eae2326902,2025-03-26 12:29:16.325093 UTC,text,en,5c91b731-8103-4b60-8dff-b7c0fcb421aa,7bb7b110-a89a-4dee-98f3-7fdb6f65610a,gender_all_female,Kenya
aef23dba-b098-4518-9996-c7e46a876716,2025-04-01 12:13:23.324035 UTC,text,en,185cad1d-6041-4b0e-a0ee-8cac90eabd28,7bb7b110-a89a-4dee-98f3-7fdb6f65610a,gender_all_female,Kenya
c2905fb0-d423-488b-97c4-768c56a2236d,2025-07-05 15:26:23.493747 UTC,image,,269cca56-21c6-46c9-ae45-9911070f0d3c,7bb7b110-a89a-4dee-98f3-7fdb6f65610a,gender_all_female,Kenya
1f60ed7c-daae-41b6-bb11-eb64a99f811b,2025-07-05 15:27:08.32754 UTC,image,,269cca56-21c6-46c9-ae45-9911070f0d3c,7bb7b110-a89a-4dee-98f3-7fdb6f65610a,gender_all_female,Kenya
f05477f8-5720-4753-a77f-12db0bc7477c,2025-04-01 12:16:16.120113 UTC,text,en,185cad1d-6041-4b0e-a0ee-8cac90eabd28,7bb7b110-a89a-4dee-98f3-7fdb6f65610a,gender_all_female,Kenya
2bc16dbe-5787-4079-8103-345d8de8b0b5,2025-04-04 16:37:01.813277 UTC,text,en,5d8ecccc-5cc5-45db-9596-ecce1faca3d4,7bb7b110-a89a-4dee-98f3-7fdb6f65610a,gender_all_female,Kenya
72806a65-58c6-4826-a66d-866a0c513c7a,2025-07-05 20:51:18.28322 UTC,text,en,860dc837-078a-418e-b222-f1b6c20918e8,7bb7b110-a89a-4dee-98f3-7fdb6f65610a,gender_all_female,Kenya
87f6ed19-0ba1-4f75-824a-1c774f75385f,2025-04-05 12:55:47.702622 UTC,text,en,8bfff0e3-5386-4b27-95e9-dc2e003e6cce,7bb7b110-a89a-4dee-98f3-7fdb6f65610a,gender_all_female,Kenya
39f645bc-9d83-4bfb-8be8-6420bfd600d8,2025-04-05 20:40:20.161874 UTC,text,en,8bfff0e3-5386-4b27-95e9-dc2e003e6cce,7bb7b110-a89a-4dee-98f3-7fdb6f65610a,gender_all_female,Kenya
063097f6-6f1f-47ee-ab3d-f46eeb4183ac,2025-04-08 05:56:09.07728 UTC,text,en,fad641b1-ce6a-42ef-8f09-2bcd3f089586,7bb7b110-a89a-4dee-98f3-7fdb6f65610a,gender_all_female,Kenya
f1424fe8-77b4-4091-be71-b527016c26dc,2025-07-05 20:49:59.520946 UTC,text,en,860dc837-078a-418e-b222-f1b6c20918e8,7bb7b110-a89a-4dee-98f3-7fdb6f65610a,gender_all_female,Kenya
b40cce77-19bc-443a-9bc6-932de9d481e1,2025-04-08 05:57:23.117911 UTC,text,en,fad641b1-ce6a-42ef-8f09-2bcd3f089586,7bb7b110-a89a-4dee-98f3-7fdb6f65610a,gender_all_female,Kenya
3543036c-03f7-473b-aa91-9c9d0e2d28b1,2025-04-05 12:54:11.946294 UTC,text,en,8bfff0e3-5386-4b27-95e9-dc2e003e6cce,7bb7b110-a89a-4dee-98f3-7fdb6f65610a,gender_all_female,Kenya
c3970b29-7dbb-4b03-852c-5a99f078b656,2025-04-08 05:52:56.635521 UTC,text,en,043de35c-8fd2-43e3-b705-9b50e35c13f5,7bb7b110-a89a-4dee-98f3-7fdb6f65610a,gender_all_female,Kenya
8d8d3f3c-de46-4341-9a16-e42e76d29937,2025-04-08 05:55:14.722727 UTC,text,en,043de35c-8fd2-43e3-b705-9b50e35c13f5,7bb7b110-a89a-4dee-98f3-7fdb6f65610a,gender_all_female,Kenya
e5b2328f-0f4f-4854-be58-7a463f2c4d0a,2025-04-08 05:53:54.887974 UTC,text,en,043de35c-8fd2-43e3-b705-9b50e35c13f5,7bb7b110-a89a-4dee-98f3-7fdb6f65610a,gender_all_female,Kenya
968c5e7b-d1fa-4138-a295-e0e1331ab7f6,2025-09-16 11:11:40.477683 UTC,text,en,0a56748e-6879-4509-a05a-7df782341c3f,7bb7b110-a89a-4dee-98f3-7fdb6f65610a,gender_all_female,Kenya
7bdbb699-3896-4fbf-974a-7265f6b65be6,2026-06-20 13:51:11.561005 UTC,text,en,df5ed934-a549-4d47-8ab5-92b7f0eb2a0c,7bb7b110-a89a-4dee-98f3-7fdb6f65610a,gender_all_female,Kenya
e16c29a7-7e33-46f8-87e3-edcdbae39288,2025-04-16 20:41:40.521589 UTC,text,en,4a773721-b9b3-4838-987e-dadddcd08d58,7bb7b110-a89a-4dee-98f3-7fdb6f65610a,gender_all_female,Kenya
2c201d47-e547-4be7-ade6-9da8947e93e9,2025-04-16 20:40:42.494316 UTC,text,en,4a773721-b9b3-4838-987e-dadddcd08d58,7bb7b110-a89a-4dee-98f3-7fdb6f65610a,gender_all_female,Kenya
9853269d-1b57-4454-afea-e38c09426111,2026-06-20 13:50:08.778635 UTC,text,en,df5ed934-a549-4d47-8ab5-92b7f0eb2a0c,7bb7b110-a89a-4dee-98f3-7fdb6f65610a,gender_all_female,Kenya
79757cb8-6b06-426b-a3ba-b27d21684442,2026-06-08 07:28:09.641013 UTC,text,en,2c09e7af-a1f9-4444-a7a9-a8ef00c8d1bb,7bb7b110-a89a-4dee-98f3-7fdb6f65610a,gender_all_female,Kenya
8491cd0f-b0e8-41bd-933c-c38009ec1d48,2026-05-31 15:27:52.616963 UTC,text,am,9afb0fa2-0716-4727-8e79-f9b44f2f941f,5d132d18-8277-4357-b1fb-b24cbf81a996,,Ethiopia
7ce754f0-8de4-4d82-bb0b-f1826480e063,2026-05-31 15:30:43.648744 UTC,text,am,9afb0fa2-0716-4727-8e79-f9b44f2f941f,5d132d18-8277-4357-b1fb-b24cbf81a996,,Ethiopia
592888db-bc41-4570-80a9-02980db2ac7c,2026-05-31 15:24:33.003859 UTC,text,am,9afb0fa2-0716-4727-8e79-f9b44f2f941f,5d132d18-8277-4357-b1fb-b24cbf81a996,,Ethiopia
4aa9f4bd-d29c-4554-959a-6fcf7321ed52,2026-05-31 15:18:07.983118 UTC,text,am,9afb0fa2-0716-4727-8e79-f9b44f2f941f,5d132d18-8277-4357-b1fb-b24cbf81a996,,Ethiopia
095d86fa-1b85-4654-bc68-b0140b6c09ca,2026-05-31 15:13:53.901569 UTC,text,am,9afb0fa2-0716-4727-8e79-f9b44f2f941f,5d132d18-8277-4357-b1fb-b24cbf81a996,,Ethiopia
939287e2-ff88-4423-9899-2a2bec0c1aef,2026-05-31 15:09:49.859208 UTC,text,am,9afb0fa2-0716-4727-8e79-f9b44f2f941f,5d132d18-8277-4357-b1fb-b24cbf81a996,,Ethiopia
be7a49ae-1584-4f66-a90e-d0181bf335c8,2026-05-31 15:21:01.057043 UTC,text,am,9afb0fa2-0716-4727-8e79-f9b44f2f941f,5d132d18-8277-4357-b1fb-b24cbf81a996,,Ethiopia
8aa8ce66-bd82-4ba2-a289-ec4ea01a3cae,2026-05-31 15:03:44.313419 UTC,text,am,9afb0fa2-0716-4727-8e79-f9b44f2f941f,5d132d18-8277-4357-b1fb-b24cbf81a996,,Ethiopia
32b8ec49-7d82-4a64-aa7e-ba302eb16a72,2025-04-07 19:23:29.985199 UTC,text,en,3b7afc46-f8c4-4d10-b3d3-bdac2c3decde,7bb7b110-a89a-4dee-98f3-7fdb6f65610a,gender_all_female,Kenya
9597fd5f-83a9-41ac-9922-f597376ab051,2025-04-07 19:28:16.23524 UTC,text,en,3b7afc46-f8c4-4d10-b3d3-bdac2c3decde,7bb7b110-a89a-4dee-98f3-7fdb6f65610a,gender_all_female,Kenya
a803ee40-6ec5-4c39-bca8-6f0a29ed4a3d,2025-04-08 17:44:10.594888 UTC,text,en,9cc30973-afb2-4bec-b58c-c75477fa89e2,7bb7b110-a89a-4dee-98f3-7fdb6f65610a,gender_all_female,Kenya
cbb0a26a-16b9-43b1-af57-fa184c14a3f4,2025-04-07 19:34:32.917291 UTC,text,en,3b7afc46-f8c4-4d10-b3d3-bdac2c3decde,7bb7b110-a89a-4dee-98f3-7fdb6f65610a,gender_all_female,Kenya
3c6dddc5-8afd-43ca-be67-04799ffd123d,2025-04-07 19:30:48.718143 UTC,text,en,3b7afc46-f8c4-4d10-b3d3-bdac2c3decde,7bb7b110-a89a-4dee-98f3-7fdb6f65610a,gender_all_female,Kenya
325dd4fd-7c9a-4e71-a650-b6091ab9b7e2,2025-04-07 19:29:34.686079 UTC,text,en,3b7afc46-f8c4-4d10-b3d3-bdac2c3decde,7bb7b110-a89a-4dee-98f3-7fdb6f65610a,gender_all_female,Kenya
83df7171-1389-4345-8ba8-d92ebc51de09,2026-05-31 15:32:50.453645 UTC,text,om,b9ca1bf6-1380-4177-b6c8-05069d72bd65,5d132d18-8277-4357-b1fb-b24cbf81a996,,Ethiopia
39cd1885-3586-40d1-befa-dfbc9c0544b8,2025-04-07 19:36:07.566946 UTC,text,en,3b7afc46-f8c4-4d10-b3d3-bdac2c3decde,7bb7b110-a89a-4dee-98f3-7fdb6f65610a,gender_all_female,Kenya
61a43aaf-cc65-4cc5-976b-7af33b2c933c,2025-03-26 12:19:25.217338 UTC,text,en,62843b43-d876-4243-8d36-6df656e35e7a,7bb7b110-a89a-4dee-98f3-7fdb6f65610a,gender_all_female,Kenya
205277eb-6359-460b-9bd1-e2ac318cdb33,2025-04-09 10:59:57.927502 UTC,text,en,c5c8e742-e096-49b4-9092-0ef7b27b1828,7bb7b110-a89a-4dee-98f3-7fdb6f65610a,gender_all_female,Kenya
c5940405-d1bd-4450-af8e-aa30ab140c23,2025-03-26 13:02:19.421767 UTC,voice,,62843b43-d876-4243-8d36-6df656e35e7a,7bb7b110-a89a-4dee-98f3-7fdb6f65610a,gender_all_female,Kenya
a1b5f75a-089a-45ad-9100-12d1b4b5abc0,2025-03-26 12:18:05.311792 UTC,text,en,62843b43-d876-4243-8d36-6df656e35e7a,7bb7b110-a89a-4dee-98f3-7fdb6f65610a,gender_all_female,Kenya
8abe447a-2944-411d-8941-71b2cde38df9,2025-07-02 20:21:36.331463 UTC,text,en,e27944f4-1c19-4592-9ae7-3bcfae8c7b86,7bb7b110-a89a-4dee-98f3-7fdb6f65610a,gender_all_female,Kenya
21236a4b-2683-4dd1-a673-7b096cb4f011,2025-04-04 10:24:08.001252 UTC,text,en,36ae2db3-8a0f-42bd-a8f4-86e018acd9e7,7bb7b110-a89a-4dee-98f3-7fdb6f65610a,gender_all_female,Kenya
2a1a6b86-a42f-42fe-8ff5-bb7041ba3a0e,2025-04-09 03:56:56.419127 UTC,text,en,e44eee3d-1cf9-47c2-92e3-bd7944961909,7bb7b110-a89a-4dee-98f3-7fdb6f65610a,gender_all_female,Kenya
f655a3b5-ef7c-4fa0-9639-8703dee39831,2025-06-21 11:07:01.973931 UTC,text,en,c1c3a555-465a-4e08-9318-0c979361cc35,7bb7b110-a89a-4dee-98f3-7fdb6f65610a,gender_all_female,Kenya
f238c152-e63d-429b-b869-93a20c0df9a8,2025-06-21 11:04:39.232092 UTC,text,en,c1c3a555-465a-4e08-9318-0c979361cc35,7bb7b110-a89a-4dee-98f3-7fdb6f65610a,gender_all_female,Kenya
caba5b05-7101-497e-a278-ff8309391aa7,2026-08-31 18:32:49.398254 UTC,image,,38c28067-3dc7-4981-af3e-23bc19bec0e7,06d307d9-fa94-4372-9a05-0fef9826002b,,Kenya
41f73031-a913-45eb-a208-0bb5bb3a02ab,2026-08-31 18:31:42.690963 UTC,image,,38c28067-3dc7-4981-af3e-23bc19bec0e7,06d307d9-fa94-4372-9a05-0fef9826002b,,Kenya
9c0e97ae-1173-4318-9c3a-ecf033a94326,2026-08-31 18:30:01.290133 UTC,image,,38c28067-3dc7-4981-af3e-23bc19bec0e7,06d307d9-fa94-4372-9a05-0fef9826002b,,Kenya
ad77a1a8-f62d-4c6c-bafe-b56de6027a88,2026-04-24 15:38:06.003493 UTC,text,en,3faddb32-13a5-4b79-879d-6ed4b1538408,7bb7b110-a89a-4dee-98f3-7fdb6f65610a,gender_all_female,Kenya
bbf9c140-a245-420f-ad51-0b612a7c5882,2026-08-31 05:58:29.816535 UTC,text,en,2cfbe095-2830-4aa6-98a3-105258c284d3,06d307d9-fa94-4372-9a05-0fef9826002b,,Kenya
5a53b284-1f77-4fec-baeb-572eb65b7cd8,2026-09-01 11:34:47.881964 UTC,text,en,8e547cb7-06c1-4d6f-9215-0c124bdb9523,06d307d9-fa94-4372-9a05-0fef9826002b,,Kenya
fbcf6bff-f475-4853-8845-3abd8c577369,2025-07-05 15:32:23.566419 UTC,text,en,ffcfc2f0-c4d6-4700-8b5f-5f69bababb09,7bb7b110-a89a-4dee-98f3-7fdb6f65610a,gender_all_female,Kenya
224d5759-34af-43a2-8adc-d92ca6350503,2025-07-05 15:31:46.679606 UTC,text,en,ffcfc2f0-c4d6-4700-8b5f-5f69bababb09,7bb7b110-a89a-4dee-98f3-7fdb6f65610a,gender_all_female,Kenya
b4bade2a-8e56-48ee-a5f2-d056f7da7896,2025-07-05 15:29:48.805528 UTC,text,en,ffcfc2f0-c4d6-4700-8b5f-5f69bababb09,7bb7b110-a89a-4dee-98f3-7fdb6f65610a,gender_all_female,Kenya
4fbee9e9-5eeb-42cf-8d4d-899acbc823a1,2025-07-05 15:30:32.904533 UTC,voice,,ffcfc2f0-c4d6-4700-8b5f-5f69bababb09,7bb7b110-a89a-4dee-98f3-7fdb6f65610a,gender_all_female,Kenya
e437734f-d9e5-46e7-9ef1-0835247259a8,2025-07-05 15:31:01.950202 UTC,voice,en,ffcfc2f0-c4d6-4700-8b5f-5f69bababb09,7bb7b110-a89a-4dee-98f3-7fdb6f65610a,gender_all_female,Kenya
740c8bf2-d96d-4b28-924a-ecc62e5c95e6,2026-02-24 14:32:29.914938 UTC,text,hi,bc254f34-f041-4d72-8808-62c1f973c71e,08849f82-d1c8-461a-a587-535050cbc026,,India
8bbc6298-365b-4aad-98ef-cc6a0dff7eaa,2025-07-05 15:32:59.028175 UTC,text,en,ffcfc2f0-c4d6-4700-8b5f-5f69bababb09,7bb7b110-a89a-4dee-98f3-7fdb6f65610a,gender_all_female,Kenya
92cf4f92-d748-411f-9496-0829a489abc9,2026-06-08 07:29:22.793 UTC,text,en,2c09e7af-a1f9-4444-a7a9-a8ef00c8d1bb,7bb7b110-a89a-4dee-98f3-7fdb6f65610a,gender_all_female,Kenya
c48b886b-2b4e-4b35-a60b-a503d59e01b9,2026-08-31 05:32:26.640391 UTC,voice,en,273740f9-fe9d-4b86-896a-f4beb5a96bee,06d307d9-fa94-4372-9a05-0fef9826002b,,Kenya
a1d4c0ca-d5ae-458b-a920-42cd4c9cff19,2026-08-31 05:18:28.220593 UTC,text,und,273740f9-fe9d-4b86-896a-f4beb5a96bee,06d307d9-fa94-4372-9a05-0fef9826002b,,Kenya
05013df8-04fb-4daf-8623-b1bffd329451,2026-08-31 05:28:55.858758 UTC,text,en,273740f9-fe9d-4b86-896a-f4beb5a96bee,06d307d9-fa94-4372-9a05-0fef9826002b,,Kenya
f4af7f97-296a-45d8-9cb6-1ab79f7742b8,2025-07-02 21:22:01.727261 UTC,text,en,4cc8dc2f-9ed1-4e06-956a-e1778402ec2a,7bb7b110-a89a-4dee-98f3-7fdb6f65610a,gender_all_female,Kenya
515a174d-caf1-4aba-971e-5d2439703db3,2025-07-02 21:22:53.567256 UTC,text,en,4cc8dc2f-9ed1-4e06-956a-e1778402ec2a,7bb7b110-a89a-4dee-98f3-7fdb6f65610a,gender_all_female,Kenya
d79c4605-e7ef-4724-90c1-b5f1c9658f3d,2025-07-02 21:21:00.601863 UTC,text,en,4cc8dc2f-9ed1-4e06-956a-e1778402ec2a,7bb7b110-a89a-4dee-98f3-7fdb6f65610a,gender_all_female,Kenya
3af7ab59-1dd4-4543-8dbd-ca6dd37493f4,2026-05-30 11:44:09.032153 UTC,text,en,b44630f7-8797-4e7d-912d-c04cd24e9369,7bb7b110-a89a-4dee-98f3-7fdb6f65610a,gender_all_female,Kenya
58239b19-3b2a-4ab3-85d4-41fe5eaf0f41,2025-08-22 12:01:45.420717 UTC,text,en,cf21bfaf-67ca-45a7-ac79-be43b89dcd5e,7bb7b110-a89a-4dee-98f3-7fdb6f65610a,gender_all_female,Kenya
33520c5f-70da-4e27-bb93-481d3b2c3088,2025-08-22 12:03:57.315335 UTC,text,en,cf21bfaf-67ca-45a7-ac79-be43b89dcd5e,7bb7b110-a89a-4dee-98f3-7fdb6f65610a,gender_all_female,Kenya
a451654e-dbbe-4c04-a756-4d74267d1ba9,2025-08-22 12:02:30.981478 UTC,text,en,cf21bfaf-67ca-45a7-ac79-be43b89dcd5e,7bb7b110-a89a-4dee-98f3-7fdb6f65610a,gender_all_female,Kenya
915b053f-6102-4b20-a5df-29a0d7b9406b,2026-06-05 16:33:24.171743 UTC,text,hi,0b1bb038-2ea6-4465-85b3-533e8376b47e,acf64ee8-0c1c-4f52-845e-44e3878f0ae9,gender_all_female,India
7b6d9b7a-62e1-4da7-aeb9-67909a4d437f,2025-04-03 05:40:34.819196 UTC,text,en,b87c84c0-d02a-4f41-ba39-de3d4c37d4ea,7bb7b110-a89a-4dee-98f3-7fdb6f65610a,gender_all_female,Kenya
8698dbaf-24fd-4db7-b79f-75bc544fecd3,2025-06-24 05:56:34.451194 UTC,text,en,d6af84ce-035c-461e-a0b4-f23bf2c7c4ae,7bb7b110-a89a-4dee-98f3-7fdb6f65610a,gender_all_female,Kenya
1f7fda00-7fd7-4004-9ba3-fb2827296060,2025-04-03 05:44:13.04526 UTC,text,en,b87c84c0-d02a-4f41-ba39-de3d4c37d4ea,7bb7b110-a89a-4dee-98f3-7fdb6f65610a,gender_all_female,Kenya
aced20da-edf4-46a9-b087-1dfa5de5ff14,2025-04-02 16:18:13.613657 UTC,text,en,b87c84c0-d02a-4f41-ba39-de3d4c37d4ea,7bb7b110-a89a-4dee-98f3-7fdb6f65610a,gender_all_female,Kenya
5676b19b-e37f-4baa-8230-eb2a91d25625,2025-06-24 05:55:39.380748 UTC,text,en,d6af84ce-035c-461e-a0b4-f23bf2c7c4ae,7bb7b110-a89a-4dee-98f3-7fdb6f65610a,gender_all_female,Kenya
e57ce96d-61f1-45ed-baf0-15be4cdc147b,2026-08-31 18:34:24.984334 UTC,text,en,a7fca222-dbd2-41a4-aed2-7a7d1e2494de,06d307d9-fa94-4372-9a05-0fef9826002b,,Kenya
7d971bfa-14de-446c-b0d4-24739e190cd4,2025-11-13 08:48:24.083117 UTC,text,hi,ac4e14b9-41fd-4669-96d9-b651bdb1f937,acf64ee8-0c1c-4f52-845e-44e3878f0ae9,gender_all_female,India
706bb559-f2c3-4250-8a66-1ac51808c75f,2026-02-01 08:00:38.716522 UTC,text,hi,01bff871-2223-419c-998a-3677a1a9f939,acf64ee8-0c1c-4f52-845e-44e3878f0ae9,gender_all_female,India
42d7c267-2c31-4531-862d-047998d2579c,2026-05-25 12:50:36.026428 UTC,text,am,0e6d92d6-5307-4d88-a7a3-2d17290d41bf,5d132d18-8277-4357-b1fb-b24cbf81a996,,Ethiopia
1d41387b-fe21-4e91-af99-714854b85aec,2025-04-08 11:41:28.789543 UTC,text,en,ed309390-4078-4992-bec3-76a0286591f8,7bb7b110-a89a-4dee-98f3-7fdb6f65610a,gender_all_female,Kenya
00e9fde3-5ebd-498d-a6a8-de30b9352e5b,2025-07-02 21:06:03.500929 UTC,text,en,a1f193af-6ba7-467f-b512-5fd478ab731d,7bb7b110-a89a-4dee-98f3-7fdb6f65610a,gender_all_female,Kenya
7cb2cf62-fdbf-48b7-bf86-7cee6da2cacd,2026-06-18 10:42:27.203671 UTC,text,en,781ba329-6fab-40f2-af88-afd72861ffb8,7bb7b110-a89a-4dee-98f3-7fdb6f65610a,gender_all_female,Kenya
ac60f04d-a0f0-41bb-b303-9bcbfe56ee85,2025-07-02 21:07:27.948938 UTC,text,en,a1f193af-6ba7-467f-b512-5fd478ab731d,7bb7b110-a89a-4dee-98f3-7fdb6f65610a,gender_all_female,Kenya
d49f478b-ddbd-4e29-a8b9-4f20a9a29ecc,2025-07-02 21:12:58.475651 UTC,text,en,a1f193af-6ba7-467f-b512-5fd478ab731d,7bb7b110-a89a-4dee-98f3-7fdb6f65610a,gender_all_female,Kenya
c8259ac2-c682-410a-8033-30863e4db3df,2025-07-02 21:11:49.406677 UTC,text,en,a1f193af-6ba7-467f-b512-5fd478ab731d,7bb7b110-a89a-4dee-98f3-7fdb6f65610a,gender_all_female,Kenya
1eeb08a0-567c-4383-b37d-1f5b44c6bbdf,2025-07-02 21:10:36.977213 UTC,text,en,a1f193af-6ba7-467f-b512-5fd478ab731d,7bb7b110-a89a-4dee-98f3-7fdb6f65610a,gender_all_female,Kenya
ef757204-a7ca-4c88-a028-099ae7c76291,2025-07-02 21:09:02.095505 UTC,text,en,a1f193af-6ba7-467f-b512-5fd478ab731d,7bb7b110-a89a-4dee-98f3-7fdb6f65610a,gender_all_female,Kenya
cde74489-2bb9-4e3d-a090-b251d5ade648,2025-07-02 21:05:00.171616 UTC,text,en,a1f193af-6ba7-467f-b512-5fd478ab731d,7bb7b110-a89a-4dee-98f3-7fdb6f65610a,gender_all_female,Kenya
346df7eb-2854-43fc-9317-e3e7822cac94,2026-06-18 10:42:51.999891 UTC,text,en,781ba329-6fab-40f2-af88-afd72861ffb8,7bb7b110-a89a-4dee-98f3-7fdb6f65610a,gender_all_female,Kenya
295c1657-c093-44f8-b243-35710e08cc9e,2025-07-03 10:23:37.266524 UTC,voice,,df99cf6f-6abc-41d7-9611-276a272c5911,7bb7b110-a89a-4dee-98f3-7fdb6f65610a,gender_all_female,Kenya
b2cc1fe8-765e-4bbb-b097-992f903d5691,2025-07-03 10:25:47.320907 UTC,voice,en,df99cf6f-6abc-41d7-9611-276a272c5911,7bb7b110-a89a-4dee-98f3-7fdb6f65610a,gender_all_female,Kenya
fdd93b12-6381-4e25-8cf1-75f9810f5e59,2025-07-03 10:18:14.376145 UTC,text,en,df99cf6f-6abc-41d7-9611-276a272c5911,7bb7b110-a89a-4dee-98f3-7fdb6f65610a,gender_all_female,Kenya
7743cc81-4b43-48e1-99b0-25ad252afb81,2025-07-03 10:18:42.886998 UTC,text,en,df99cf6f-6abc-41d7-9611-276a272c5911,7bb7b110-a89a-4dee-98f3-7fdb6f65610a,gender_all_female,Kenya
e2b6c9bb-0330-4929-8b85-1162b4729ca7,2025-07-03 10:12:13.150852 UTC,text,en,df99cf6f-6abc-41d7-9611-276a272c5911,7bb7b110-a89a-4dee-98f3-7fdb6f65610a,gender_all_female,Kenya
97c58b08-e177-47d8-9ee1-fca6eaf8701e,2025-07-03 10:14:30.91311 UTC,text,en,df99cf6f-6abc-41d7-9611-276a272c5911,7bb7b110-a89a-4dee-98f3-7fdb6f65610a,gender_all_female,Kenya
419b743a-21e3-48a3-8cb0-1a5a6f3018b8,2025-07-03 10:25:09.519578 UTC,voice,en,df99cf6f-6abc-41d7-9611-276a272c5911,7bb7b110-a89a-4dee-98f3-7fdb6f65610a,gender_all_female,Kenya
02ff12d5-96ca-4b8c-9b72-6c65b1e983e9,2025-04-04 10:17:31.57477 UTC,text,en,051f5f90-1105-4529-ba16-e17d22344d83,7bb7b110-a89a-4dee-98f3-7fdb6f65610a,gender_all_female,Kenya
dc828da3-4e11-47ab-84c6-9d59bfd15d43,2025-04-04 13:31:02.285367 UTC,text,en,87da1ab9-3a16-4914-8018-0d9e3cb1bda6,7bb7b110-a89a-4dee-98f3-7fdb6f65610a,gender_all_female,Kenya
37ed3b5d-c69d-430d-b514-3fb49061cf28,2025-07-03 10:22:53.528911 UTC,voice,en,df99cf6f-6abc-41d7-9611-276a272c5911,7bb7b110-a89a-4dee-98f3-7fdb6f65610a,gender_all_female,Kenya
1807d1f9-af30-4e97-b2e1-a6e27c15414e,2025-07-03 10:27:55.529847 UTC,text,en,df99cf6f-6abc-41d7-9611-276a272c5911,7bb7b110-a89a-4dee-98f3-7fdb6f65610a,gender_all_female,Kenya
077f232b-bdfb-4267-a0b1-87d006a014d3,2025-07-03 10:16:14.67778 UTC,text,en,df99cf6f-6abc-41d7-9611-276a272c5911,7bb7b110-a89a-4dee-98f3-7fdb6f65610a,gender_all_female,Kenya
ab1bad96-a33f-403b-9ed6-b849c55af434,2025-07-03 10:19:28.626354 UTC,text,en,df99cf6f-6abc-41d7-9611-276a272c5911,7bb7b110-a89a-4dee-98f3-7fdb6f65610a,gender_all_female,Kenya
6a2f3655-90de-4902-adff-96a466f81caf,2025-07-03 10:10:48.429345 UTC,text,en,df99cf6f-6abc-41d7-9611-276a272c5911,7bb7b110-a89a-4dee-98f3-7fdb6f65610a,gender_all_female,Kenya
81c8e1b2-4777-4e0a-b830-ee762581e28a,2025-07-03 10:13:24.504068 UTC,text,en,df99cf6f-6abc-41d7-9611-276a272c5911,7bb7b110-a89a-4dee-98f3-7fdb6f65610a,gender_all_female,Kenya
de711b71-34ee-4e91-b304-9fd807144ec3,2025-07-03 10:23:59.914832 UTC,voice,en,df99cf6f-6abc-41d7-9611-276a272c5911,7bb7b110-a89a-4dee-98f3-7fdb6f65610a,gender_all_female,Kenya
622e891a-b515-4d31-8476-341864d88222,2025-07-03 10:27:04.234917 UTC,text,en,df99cf6f-6abc-41d7-9611-276a272c5911,7bb7b110-a89a-4dee-98f3-7fdb6f65610a,gender_all_female,Kenya
f1f08979-95de-4322-9753-ec86e3471424,2025-07-03 10:21:02.955051 UTC,text,en,df99cf6f-6abc-41d7-9611-276a272c5911,7bb7b110-a89a-4dee-98f3-7fdb6f65610a,gender_all_female,Kenya
2b4a6ec4-c312-468e-b060-b4e9e524a67f,2025-07-03 10:15:23.389198 UTC,text,en,df99cf6f-6abc-41d7-9611-276a272c5911,7bb7b110-a89a-4dee-98f3-7fdb6f65610a,gender_all_female,Kenya
96597511-22fa-4c43-92d1-9a1da6c0ed27,2025-07-03 10:22:02.141376 UTC,text,en,df99cf6f-6abc-41d7-9611-276a272c5911,7bb7b110-a89a-4dee-98f3-7fdb6f65610a,gender_all_female,Kenya
01cf1be2-81bb-46f0-9416-7a1fcd49b642,2025-07-03 10:26:14.587037 UTC,text,en,df99cf6f-6abc-41d7-9611-276a272c5911,7bb7b110-a89a-4dee-98f3-7fdb6f65610a,gender_all_female,Kenya
7464a998-59f3-4b97-ad89-27b3b16f4591,2025-07-03 10:28:33.801374 UTC,text,en,df99cf6f-6abc-41d7-9611-276a272c5911,7bb7b110-a89a-4dee-98f3-7fdb6f65610a,gender_all_female,Kenya
02e25c0d-6bdf-4d41-ad51-923224ef6144,2025-04-08 06:36:19.549763 UTC,text,en,b777f1f0-3b18-44ba-8cef-d7ee4e659ba3,7bb7b110-a89a-4dee-98f3-7fdb6f65610a,gender_all_female,Kenya
49c79678-d1db-4e22-9371-8b3707968fa2,2025-04-09 07:49:41.697543 UTC,text,en,e72d36c9-cd23-4413-b85a-e866de1ee656,7bb7b110-a89a-4dee-98f3-7fdb6f65610a,gender_all_female,Kenya
37d62274-e0e7-4e7d-8958-335b589795c3,2026-09-01 05:17:31.22462 UTC,text,en,fad0fa4d-0725-4b41-b514-b2943575b305,06d307d9-fa94-4372-9a05-0fef9826002b,,Kenya
e01b79cd-06d9-4d04-946f-573fb0288a7c,2025-07-02 09:14:38.025309 UTC,text,en,bc6047a4-8082-4708-894f-61c1f13f0d48,7bb7b110-a89a-4dee-98f3-7fdb6f65610a,gender_all_female,Kenya
63b0d932-8f9f-460c-b892-d9512e233d43,2026-02-18 17:28:43.170279 UTC,text,en,ca697250-d721-44c4-82ec-ca313e650028,f32f8d2f-37df-42d1-bf2a-5b10bb9c9913,,Kenya
f9942a54-23da-46f3-95c7-fcd226d61c22,2025-05-12 15:02:37.135228 UTC,text,en,e9c39814-e0c5-4301-8e56-ad230b46299f,7bb7b110-a89a-4dee-98f3-7fdb6f65610a,gender_all_female,Kenya
b69088bf-9d5b-4c8c-ab29-c5e0599b4f5f,2025-05-12 15:03:44.424921 UTC,text,en,e9c39814-e0c5-4301-8e56-ad230b46299f,7bb7b110-a89a-4dee-98f3-7fdb6f65610a,gender_all_female,Kenya
3b583e7b-9ec2-4b76-9b81-20e250c0cf4a,2026-05-26 11:26:53.163964 UTC,text,en,28a8f8b5-a825-426c-983e-7f65c1073de5,7bb7b110-a89a-4dee-98f3-7fdb6f65610a,gender_all_female,Kenya
ba0c5499-25b7-4c90-a8ce-05497dfc41ef,2026-05-26 11:27:10.161812 UTC,text,en,28a8f8b5-a825-426c-983e-7f65c1073de5,7bb7b110-a89a-4dee-98f3-7fdb6f65610a,gender_all_female,Kenya
8da2876b-2df7-4ba5-98cc-a0d0b9953502,2026-05-16 07:33:05.366435 UTC,text,en,b550386f-e26e-4a38-8909-35342153f4c4,7bb7b110-a89a-4dee-98f3-7fdb6f65610a,gender_all_female,Kenya
3405b8a1-4b3b-4f6e-83c6-903ece5f3be0,2026-05-26 11:30:47.771869 UTC,text,en,28a8f8b5-a825-426c-983e-7f65c1073de5,7bb7b110-a89a-4dee-98f3-7fdb6f65610a,gender_all_female,Kenya
96d1d429-acdf-40ff-952e-0cba661defac,2026-02-04 02:24:26.96993 UTC,image,,f29c91b3-acab-4efd-b888-e95dff95109d,7f3af354-b60e-4fdf-be76-7e1a353f226f,,India
1d7ab1c5-eaa4-4bda-8efb-6820d74c51de,2025-03-31 07:03:20.228773 UTC,text,en,c8ca3d18-64d2-4adf-86b1-b275da85a52e,7bb7b110-a89a-4dee-98f3-7fdb6f65610a,gender_all_female,Kenya
4a863a21-1a5e-4b7f-bc20-c8f5e2d5401b,2025-03-31 07:04:10.084878 UTC,text,en,c8ca3d18-64d2-4adf-86b1-b275da85a52e,7bb7b110-a89a-4dee-98f3-7fdb6f65610a,gender_all_female,Kenya
d6644d3b-2d65-470a-ba60-e3b08f08eb6a,2025-03-31 07:05:17.090645 UTC,text,en,c8ca3d18-64d2-4adf-86b1-b275da85a52e,7bb7b110-a89a-4dee-98f3-7fdb6f65610a,gender_all_female,Kenya
f161f411-54f7-4fe3-a34f-199002c17eb9,2025-03-31 07:02:39.838098 UTC,text,en,c8ca3d18-64d2-4adf-86b1-b275da85a52e,7bb7b110-a89a-4dee-98f3-7fdb6f65610a,gender_all_female,Kenya
c791c842-c0c5-4171-ae5b-d4addc64fb56,2025-03-31 07:01:08.813993 UTC,text,en,c8ca3d18-64d2-4adf-86b1-b275da85a52e,7bb7b110-a89a-4dee-98f3-7fdb6f65610a,gender_all_female,Kenya
d388464c-d785-40c9-980b-6854c8af259c,2025-04-08 11:42:30.088629 UTC,text,en,aaeb7dad-3f67-4cf9-9143-93387ba55129,7bb7b110-a89a-4dee-98f3-7fdb6f65610a,gender_all_female,Kenya
1af6ee33-f01e-4065-abd3-3b9314cab4a8,2025-04-08 11:45:07.419741 UTC,text,en,aaeb7dad-3f67-4cf9-9143-93387ba55129,7bb7b110-a89a-4dee-98f3-7fdb6f65610a,gender_all_female,Kenya
b02ef4f4-719e-4e4e-9b9e-8f4d4c60cf11,2025-01-22 09:24:52.267589 UTC,voice,hi,32339753-5ed6-4392-89f4-ca40f44d179c,63a31f58-6311-47a3-aee6-9589bf961cfc,gender_all_male,India
9d0ef09b-2ca0-4fb8-9fcd-52a9eaa187a4,2025-01-22 09:25:40.543276 UTC,text,hi,32339753-5ed6-4392-89f4-ca40f44d179c,63a31f58-6311-47a3-aee6-9589bf961cfc,gender_all_male,India
380fa995-fbd4-4493-95e5-56db7ca89ed7,2025-01-22 09:25:11.745554 UTC,text,hi,32339753-5ed6-4392-89f4-ca40f44d179c,63a31f58-6311-47a3-aee6-9589bf961cfc,gender_all_male,India
b9b41ceb-74c3-49a4-b0e6-639181d4d701,2025-01-22 09:25:24.93592 UTC,text,hi,32339753-5ed6-4392-89f4-ca40f44d179c,63a31f58-6311-47a3-aee6-9589bf961cfc,gender_all_male,India
a36ff44c-e616-4096-9c3a-80cecb86f157,2025-01-22 09:23:55.407445 UTC,text,hi,32339753-5ed6-4392-89f4-ca40f44d179c,63a31f58-6311-47a3-aee6-9589bf961cfc,gender_all_male,India
4e02e843-26f9-4c43-b28d-93f30a29df5d,2025-01-22 09:22:29.143069 UTC,voice,hi,32339753-5ed6-4392-89f4-ca40f44d179c,63a31f58-6311-47a3-aee6-9589bf961cfc,gender_all_male,India
e488fc80-dd3b-4612-8285-f8987da71a53,2025-01-22 09:23:06.283096 UTC,text,hi,32339753-5ed6-4392-89f4-ca40f44d179c,63a31f58-6311-47a3-aee6-9589bf961cfc,gender_all_male,India
5002cced-0f97-4328-b2a6-587d841effcc,2025-01-22 09:23:27.653701 UTC,text,hi,32339753-5ed6-4392-89f4-ca40f44d179c,63a31f58-6311-47a3-aee6-9589bf961cfc,gender_all_male,India
51ed5eda-a061-4a28-9368-f8c80b1f9318,2026-07-26 10:33:57.035115 UTC,text,en,2da53223-388a-48c3-90e6-c40941186f02,15ec3a07-70ef-45ac-9582-770979262781,gender_all_female,Kenya
447c5dc0-133c-4d74-b7f8-45474574f09a,2026-07-26 10:35:11.062479 UTC,text,en,2da53223-388a-48c3-90e6-c40941186f02,15ec3a07-70ef-45ac-9582-770979262781,gender_all_female,Kenya
6fcbd2e3-c5f7-41e6-a185-73a7d4462a94,2026-03-06 12:57:33.848175 UTC,text,en,902f5258-5d49-4fdb-a7bb-ab7b8f841568,420bad20-015a-4fff-8bbf-b4c258ba08c2,,Kenya
dde14ed2-cb9c-4954-bd93-a0c7497cb18e,2026-07-26 10:36:20.360786 UTC,text,en,3c3fce19-e698-4c63-bd90-8a75002107c1,15ec3a07-70ef-45ac-9582-770979262781,gender_all_female,Kenya
682dc7a9-fafe-4789-bc3e-a4e3de88f089,2026-06-09 12:13:17.987781 UTC,voice,ar-Latn,67d04bf7-a0c8-4537-b4de-6c25dbde474d,46c978b3-afa8-4570-9e95-87ab680761c4,,India
25754d51-80c6-4852-b356-c0a265f82778,2026-03-06 07:54:53.502581 UTC,text,en,00c54ae8-baf7-4312-8f15-a7ad5f14e5aa,420bad20-015a-4fff-8bbf-b4c258ba08c2,,Kenya
ec8cd312-6fa8-40e7-815f-3c519926f69a,2025-01-22 09:28:37.18027 UTC,image,,02c4cde4-2dcc-4623-9768-89b2c5bc8fb9,63a31f58-6311-47a3-aee6-9589bf961cfc,gender_all_male,India
552650b3-4ed0-4d75-ab56-a2ef6a4f7dce,2025-01-22 09:26:38.102814 UTC,voice,hi,02c4cde4-2dcc-4623-9768-89b2c5bc8fb9,63a31f58-6311-47a3-aee6-9589bf961cfc,gender_all_male,India
74fa7304-fd95-43b7-b1b3-f6e91cf79119,2025-01-22 09:26:11.983854 UTC,voice,,02c4cde4-2dcc-4623-9768-89b2c5bc8fb9,63a31f58-6311-47a3-aee6-9589bf961cfc,gender_all_male,India
d8472896-099b-4e77-abee-29c2b25b10a5,2026-07-26 10:46:20.486099 UTC,text,en,9094e60c-30ed-44ef-ab2b-d1d220eb51dc,15ec3a07-70ef-45ac-9582-770979262781,gender_all_female,Kenya
2f3e2bb5-d8d9-4bbd-a4a6-89d6a7f5978d,2026-07-26 10:41:47.40184 UTC,text,en,9094e60c-30ed-44ef-ab2b-d1d220eb51dc,15ec3a07-70ef-45ac-9582-770979262781,gender_all_female,Kenya
13c797da-dce2-4a69-830f-579b5106d760,2024-10-25 05:25:20.171379 UTC,text,te-Latn,d01a76d5-207f-4275-94a4-fe9356c879ba,823c7ddf-e95a-4dbe-8c6e-bc8031b805c9,,India
7d926ab1-6fdb-4291-8cdd-e0395d9fc2cf,2024-10-25 05:25:41.316777 UTC,text,te,d01a76d5-207f-4275-94a4-fe9356c879ba,823c7ddf-e95a-4dbe-8c6e-bc8031b805c9,,India
bc33706a-e2f4-4db1-bc36-6cec1adf0c63,2025-01-22 08:56:11.291058 UTC,voice,hi,f4e2e805-eef5-4730-99a8-75a002e4f8a0,f91ec287-5346-47ad-95e5-a7e7b8c43421,gender_all_male,India
dcc87ae0-3505-4626-83a7-022b439f59e8,2025-01-22 08:55:42.859177 UTC,voice,hi,f4e2e805-eef5-4730-99a8-75a002e4f8a0,f91ec287-5346-47ad-95e5-a7e7b8c43421,gender_all_male,India
51850515-7453-4f66-bcfa-0620676b429f,2025-02-07 03:41:34.355536 UTC,text,hi,f4e2e805-eef5-4730-99a8-75a002e4f8a0,f91ec287-5346-47ad-95e5-a7e7b8c43421,gender_all_male,India
626ea8a7-3faa-4876-899f-099381ae7cee,2025-01-22 08:55:22.889055 UTC,voice,hi,f4e2e805-eef5-4730-99a8-75a002e4f8a0,f91ec287-5346-47ad-95e5-a7e7b8c43421,gender_all_male,India
278d1c84-51cd-433a-9936-3b6664d0aadf,2025-01-22 08:54:32.104729 UTC,image,,f4e2e805-eef5-4730-99a8-75a002e4f8a0,f91ec287-5346-47ad-95e5-a7e7b8c43421,gender_all_male,India
ed2d0889-1751-4b78-8c3e-12629367f680,2025-01-22 08:56:41.768033 UTC,voice,hi,f4e2e805-eef5-4730-99a8-75a002e4f8a0,f91ec287-5346-47ad-95e5-a7e7b8c43421,gender_all_male,India
f0f874a7-41ef-4aa2-8c1f-d4fb92963cd0,2025-01-22 08:54:58.434842 UTC,voice,hi,f4e2e805-eef5-4730-99a8-75a002e4f8a0,f91ec287-5346-47ad-95e5-a7e7b8c43421,gender_all_male,India
980bb80b-f3df-49f5-a8f6-3696243d1b93,2026-07-26 10:38:31.807417 UTC,text,en,bbd44bd0-fae7-4bc2-b611-ff434a4a9db0,15ec3a07-70ef-45ac-9582-770979262781,gender_all_female,Kenya
25f2ad0e-462f-4071-84c4-134058e7c579,2026-07-26 10:39:20.727538 UTC,text,en,bbd44bd0-fae7-4bc2-b611-ff434a4a9db0,15ec3a07-70ef-45ac-9582-770979262781,gender_all_female,Kenya
6c2a33f5-570b-4cc6-b5fd-e77253ee7174,2026-07-26 10:35:51.509435 UTC,text,en,a517ee3d-b97f-4a0c-ad1b-bfe1d316a667,15ec3a07-70ef-45ac-9582-770979262781,gender_all_female,Kenya
39c4b7f6-97e6-49b8-a42e-bbd9bebd3658,2026-07-26 10:35:47.685978 UTC,text,en,a517ee3d-b97f-4a0c-ad1b-bfe1d316a667,15ec3a07-70ef-45ac-9582-770979262781,gender_all_female,Kenya
21dfa797-f998-4a25-b79a-5952e4167f1e,2026-09-03 05:39:57.575715 UTC,image,,d19077bf-ae0d-4b43-a99e-a2d74caa0be1,15ec3a07-70ef-45ac-9582-770979262781,gender_all_female,Kenya
1d927fe2-4180-45f7-8cc3-bc0939bdc622,2026-09-03 05:46:12.757558 UTC,image,,d19077bf-ae0d-4b43-a99e-a2d74caa0be1,15ec3a07-70ef-45ac-9582-770979262781,gender_all_female,Kenya
2326922c-c91e-42e4-96c6-f1cf037fddf0,2026-07-17 19:33:06.91946 UTC,text,en,d5422859-1c27-4059-9fec-789dea62ce7a,15ec3a07-70ef-45ac-9582-770979262781,gender_all_female,Kenya
09c0bcc5-bb49-492b-9275-a76cdee3cfbc,2026-09-03 05:45:13.52636 UTC,image,,d19077bf-ae0d-4b43-a99e-a2d74caa0be1,15ec3a07-70ef-45ac-9582-770979262781,gender_all_female,Kenya
a11a2461-82d3-442b-aace-52133b568987,2026-02-12 00:34:10.117003 UTC,text,en,f8610349-6e3a-44e7-b9ab-552aa4d4b456,9a4fb43e-8d43-4368-a36b-48579f6fdbff,,India
e15de814-bb5f-467d-9bbe-74448f41e81d,2026-02-12 00:33:37.832127 UTC,text,en,9737e143-392b-4ebb-9cb0-deffbaf738c0,9a4fb43e-8d43-4368-a36b-48579f6fdbff,,India
50381a05-dc6f-44f4-831d-0a039df0b3aa,2026-07-24 01:40:26.75664 UTC,text,hi,e2537b3f-6274-423b-a957-b3c9af968793,234fe803-c631-44d3-895d-f4d22394074c,,India
cd152234-1885-4fd6-b241-3507f4051be6,2026-02-05 19:28:56.634659 UTC,text,en,d75b5dcb-b64e-4541-b520-3acf85eb820e,79b61610-ecf6-411e-b264-e8c3cd9987e1,,Ethiopia
10f92c8f-5b99-490c-963d-edd2c7d9d61c,2026-02-05 19:29:15.467621 UTC,text,en,d75b5dcb-b64e-4541-b520-3acf85eb820e,79b61610-ecf6-411e-b264-e8c3cd9987e1,,Ethiopia
67b1a164-dcfa-49e7-b245-298d9bfbec79,2026-09-05 11:21:13.543081 UTC,text,hi,8a35150a-82b4-47bb-9e45-0bd2e5b67c5f,62533ffe-23e7-44b2-9d73-027a680165dc,gender_all_male,India
ccc30123-2ea2-411c-b19b-dd10b7792350,2026-03-15 15:33:26.319856 UTC,text,am,96d49aad-940b-4b18-a986-7fc3dc8e2084,8c1e4fee-532d-4d32-8c17-20bf3e442404,,Ethiopia
c643c125-1985-4837-870e-1b60aa22c62d,2026-09-05 11:20:39.371728 UTC,text,hi,8a35150a-82b4-47bb-9e45-0bd2e5b67c5f,62533ffe-23e7-44b2-9d73-027a680165dc,gender_all_male,India
ba39a9ca-51d3-458d-8254-a9e7220a68e4,2026-09-05 11:20:54.560127 UTC,voice,hi,8a35150a-82b4-47bb-9e45-0bd2e5b67c5f,62533ffe-23e7-44b2-9d73-027a680165dc,gender_all_male,India
051240bd-2189-44de-84a1-49f4a0b180ea,2026-09-05 11:21:42.809071 UTC,voice,hi,8a35150a-82b4-47bb-9e45-0bd2e5b67c5f,62533ffe-23e7-44b2-9d73-027a680165dc,gender_all_male,India
5aa84ab7-7519-4268-8cbe-9c4e914cffa8,2026-09-05 11:21:25.290241 UTC,text,hi,8a35150a-82b4-47bb-9e45-0bd2e5b67c5f,62533ffe-23e7-44b2-9d73-027a680165dc,gender_all_male,India
43935764-ffad-4136-b57c-07b9140b84ea,2026-07-24 01:39:15.396931 UTC,text,hi,ad4e51af-1c14-4729-8364-c2d803043a1f,234fe803-c631-44d3-895d-f4d22394074c,,India
c4e56c96-eafc-4285-9825-5565e0b83254,2026-07-24 01:39:11.735165 UTC,text,hi,ad4e51af-1c14-4729-8364-c2d803043a1f,234fe803-c631-44d3-895d-f4d22394074c,,India
0aa738cd-bc5d-4355-b3a0-a569169ccc57,2026-07-24 01:40:04.985758 UTC,text,hi,a06be2a9-fd19-4090-842e-5317c2631dfb,234fe803-c631-44d3-895d-f4d22394074c,,India
1a6ed47e-f198-4cf3-add0-56d3525cc3c6,2024-09-17 15:10:32.066883 UTC,voice,gu-Latn,f21dd588-3210-4109-9db0-d8fca3b58fa5,cf66ad6f-e001-4876-b0ec-84e2d9d3a348,,India
dcfe6215-77d7-4867-a731-0143f8f66231,2026-02-05 19:27:33.398067 UTC,text,en,d355bb95-bd65-4843-8547-dc41a5de2dd3,79b61610-ecf6-411e-b264-e8c3cd9987e1,,Ethiopia
ac27ac7c-df89-486c-ab42-682f203709d7,2026-02-09 14:12:33.880537 UTC,text,hi,b276ac2e-e2b2-4e1c-a690-503d4dfaa5cf,b6a7131d-4139-4417-8366-6891f79959c6,,India
b33ee456-8eb4-4368-b2e0-daee0a41a7fb,2025-12-20 12:37:06.892316 UTC,image,,8022a96b-05d2-4fa2-b11f-96191bac8baa,99044352-079c-4742-96c4-6946f5ec5e51,,India
a2e0558a-9d93-4a77-acb0-5dc7c6e8a925,2026-02-09 15:04:57.386907 UTC,text,hi,91d98c89-769e-4189-bb05-0b130aa6df77,b6a7131d-4139-4417-8366-6891f79959c6,,India
3072d61b-a560-4ba0-8f1d-1680782100db,2026-02-09 15:05:28.687257 UTC,text,hi,91d98c89-769e-4189-bb05-0b130aa6df77,b6a7131d-4139-4417-8366-6891f79959c6,,India
cfcfbee6-9b6f-465f-bb6c-9a0f665c2856,2024-12-18 03:07:01.376642 UTC,voice,,13e7222b-38a4-4507-a243-30294f3d085c,ab2dbdf7-111b-4659-80ff-093f8b13b112,,India
44c1cd1a-7377-4fb5-bb95-aeeabe1a2c7a,2024-12-18 03:07:41.813115 UTC,voice,hi,13e7222b-38a4-4507-a243-30294f3d085c,ab2dbdf7-111b-4659-80ff-093f8b13b112,,India
d519aa53-2eba-483c-86dc-2055d8364061,2024-12-18 03:05:56.95579 UTC,voice,,13e7222b-38a4-4507-a243-30294f3d085c,ab2dbdf7-111b-4659-80ff-093f8b13b112,,India
8115d4b2-7ea9-4c3f-a64c-b7a5d15d68b1,2024-12-18 03:05:17.021868 UTC,voice,,13e7222b-38a4-4507-a243-30294f3d085c,ab2dbdf7-111b-4659-80ff-093f8b13b112,,India
fff6e6fa-99a3-460c-bb0a-56119d1ceb23,2024-12-18 03:04:22.330757 UTC,voice,,13e7222b-38a4-4507-a243-30294f3d085c,ab2dbdf7-111b-4659-80ff-093f8b13b112,,India
0af8e3d6-253b-46b2-85ef-a239e2030f52,2025-02-26 13:59:20.463147 UTC,voice,hi,520fab92-fe7c-4865-aeaa-79a85175592e,ab2dbdf7-111b-4659-80ff-093f8b13b112,,India
45547790-0c43-4a23-a187-cf61979f17a6,2025-02-26 13:57:45.207031 UTC,voice,hi,520fab92-fe7c-4865-aeaa-79a85175592e,ab2dbdf7-111b-4659-80ff-093f8b13b112,,India
b1a92a12-60dd-415e-8ac4-15d04c428546,2026-07-30 20:52:36.753515 UTC,text,om,7c087550-c3ec-43e9-b3c0-f98092349176,1f0c6d62-77f2-4355-8be5-3b90a828f306,,Ethiopia
edf54dc7-2b7c-4b0f-b99c-d5462e28acff,2025-01-01 14:19:51.588346 UTC,voice,hi,e30ab357-9648-47c0-a017-d142f7f52087,ab2dbdf7-111b-4659-80ff-093f8b13b112,,India
1033f490-475b-45f7-9819-6557da91ab55,2025-02-02 07:01:56.861519 UTC,text,hi,58ff77b9-249c-41d3-8ad1-146bd2d6c06a,ab2dbdf7-111b-4659-80ff-093f8b13b112,,India
caa701c7-38fa-4a5a-a61d-a08be77893d7,2025-02-02 07:02:59.961749 UTC,text,hi,58ff77b9-249c-41d3-8ad1-146bd2d6c06a,ab2dbdf7-111b-4659-80ff-093f8b13b112,,India
45761bb2-ff98-4dae-a541-17f7fb3e8665,2025-02-02 07:00:24.546133 UTC,voice,hi,58ff77b9-249c-41d3-8ad1-146bd2d6c06a,ab2dbdf7-111b-4659-80ff-093f8b13b112,,India
560edb2e-291c-49c1-85f2-be55006b3971,2025-11-28 14:29:37.913955 UTC,text,en,6f63dbed-fe09-4c9f-b45a-48543c8638a8,99044352-079c-4742-96c4-6946f5ec5e51,,India
bf9590bd-3d68-4f6d-9191-a53799b23962,2025-01-24 13:02:44.287846 UTC,voice,hi,c5232c4a-4e75-4194-85cd-17342faafa22,ab2dbdf7-111b-4659-80ff-093f8b13b112,,India
6f32f41b-7c68-451b-8b2b-99092588b049,2025-08-20 12:52:54.348239 UTC,text,en,5a736436-cbde-4898-bd1f-cc57d2959108,8b630076-8cdc-474f-9ce2-70a7b64ea63b,gender_all_female,Nigeria
0b86db10-a301-498a-8636-8db6b96c2f05,2025-08-20 12:55:30.567278 UTC,text,en,5a736436-cbde-4898-bd1f-cc57d2959108,8b630076-8cdc-474f-9ce2-70a7b64ea63b,gender_all_female,Nigeria
a2e77f45-7ed2-4148-9eaa-6503d54de8d1,2025-08-20 12:56:04.282503 UTC,text,en,5a736436-cbde-4898-bd1f-cc57d2959108,8b630076-8cdc-474f-9ce2-70a7b64ea63b,gender_all_female,Nigeria
a3f63970-9e4b-440e-955f-4eb83ffc0364,2025-08-20 12:55:04.576346 UTC,text,en,5a736436-cbde-4898-bd1f-cc57d2959108,8b630076-8cdc-474f-9ce2-70a7b64ea63b,gender_all_female,Nigeria
a2cb279e-864b-4268-b14c-7ed0ccddc07c,2025-08-20 12:54:00.033461 UTC,text,en,5a736436-cbde-4898-bd1f-cc57d2959108,8b630076-8cdc-474f-9ce2-70a7b64ea63b,gender_all_female,Nigeria
5f4a9a04-251e-40c6-b418-cc7f350f3e0e,2025-08-20 12:56:58.102087 UTC,text,en,09090bc3-ac6b-4dc0-aa29-d17f0fe39f66,8b630076-8cdc-474f-9ce2-70a7b64ea63b,gender_all_female,Nigeria
96939700-ad44-4a50-949b-e8327b4c0d01,2025-08-20 12:54:38.629218 UTC,text,en,5a736436-cbde-4898-bd1f-cc57d2959108,8b630076-8cdc-474f-9ce2-70a7b64ea63b,gender_all_female,Nigeria
53956c6b-0de3-43df-9291-7394b9643c15,2025-08-20 12:52:35.498784 UTC,text,en,5a736436-cbde-4898-bd1f-cc57d2959108,8b630076-8cdc-474f-9ce2-70a7b64ea63b,gender_all_female,Nigeria
92cb40d5-b4d6-4cc1-8ace-37cab83df0d4,2025-08-20 12:52:14.687217 UTC,text,en,5a736436-cbde-4898-bd1f-cc57d2959108,8b630076-8cdc-474f-9ce2-70a7b64ea63b,gender_all_female,Nigeria
a6e6ef1a-4907-49cb-9d5c-11788fe2ec3e,2025-08-20 12:51:53.94983 UTC,text,en,5a736436-cbde-4898-bd1f-cc57d2959108,8b630076-8cdc-474f-9ce2-70a7b64ea63b,gender_all_female,Nigeria
52428a29-0027-4c66-b4c9-81f934012f65,2025-01-27 06:26:12.420791 UTC,voice,hi,94a05d32-8d5e-4782-ba75-e7a5f12fc147,ab2dbdf7-111b-4659-80ff-093f8b13b112,,India
48e8053c-72f7-474d-a2e6-456fe8b5a133,2025-01-23 12:06:22.057024 UTC,voice,hi,c877fd0b-e5e1-4059-8865-84c48679170a,ab2dbdf7-111b-4659-80ff-093f8b13b112,,India
0a64e81c-00a7-4721-9a06-8c25e21abc5a,2025-01-23 12:05:30.093129 UTC,voice,hi,c877fd0b-e5e1-4059-8865-84c48679170a,ab2dbdf7-111b-4659-80ff-093f8b13b112,,India
53132d03-9b06-423e-b20f-4a41efc852e6,2025-01-23 12:08:32.583613 UTC,voice,hi,f183301b-97ba-470b-82e3-77707bf186ac,ab2dbdf7-111b-4659-80ff-093f8b13b112,,India
1c6942bd-f69f-4d1c-9d74-796fb8246121,2025-01-28 16:03:55.295108 UTC,voice,hi,6bad057c-4c49-4fdc-b161-5b4051a4a1e5,ab2dbdf7-111b-4659-80ff-093f8b13b112,,India
1491f0e4-40b3-4a1d-95b1-81adadbad33d,2026-07-30 20:52:51.152265 UTC,text,,4d0bfc3c-0911-4fae-9eb5-7990e693a221,1f0c6d62-77f2-4355-8be5-3b90a828f306,,Ethiopia
14225c4c-5724-473c-9797-f77c9ead321f,2025-06-17 02:42:40.204871 UTC,text,hi,0aa31599-0acd-444d-80aa-526baad5fd6f,ab2dbdf7-111b-4659-80ff-093f8b13b112,,India
860ccb39-ab15-4188-824d-ae5d4ae46a11,2025-06-17 02:41:50.082663 UTC,text,hi,0aa31599-0acd-444d-80aa-526baad5fd6f,ab2dbdf7-111b-4659-80ff-093f8b13b112,,India
f1acce28-975d-4087-8470-fe53234c707f,2025-06-17 02:43:27.046897 UTC,text,hi,0aa31599-0acd-444d-80aa-526baad5fd6f,ab2dbdf7-111b-4659-80ff-093f8b13b112,,India
56a25654-a986-4a7f-8e27-b4afa8b529ab,2025-06-17 02:40:10.70211 UTC,text,hi,0aa31599-0acd-444d-80aa-526baad5fd6f,ab2dbdf7-111b-4659-80ff-093f8b13b112,,India
d19f5185-f40f-4d01-96a9-0347826e565d,2025-06-17 02:40:44.223045 UTC,text,hi,0aa31599-0acd-444d-80aa-526baad5fd6f,ab2dbdf7-111b-4659-80ff-093f8b13b112,,India
bfe75a14-cc9b-4e6c-9429-a15e59ad921c,2026-03-23 12:58:22.272093 UTC,text,hi,0be504cd-9ac2-4e8d-9a40-1b21e10a202f,81c843bc-8afb-4142-8700-387e31f8c676,,India
ffbcd3a5-0428-4ab3-b50d-48505b15e48e,2026-03-23 12:59:12.221043 UTC,text,hi,0be504cd-9ac2-4e8d-9a40-1b21e10a202f,81c843bc-8afb-4142-8700-387e31f8c676,,India
0d529c6e-2ce3-4b64-8430-481cbc39814d,2025-01-31 23:54:59.897253 UTC,text,hi,b0d58edf-8af4-4c5d-8125-fd07a33e28dc,ab2dbdf7-111b-4659-80ff-093f8b13b112,,India
4cc6732a-2efe-4214-bead-5f363484db33,2025-01-31 23:53:28.543121 UTC,text,hi,b0d58edf-8af4-4c5d-8125-fd07a33e28dc,ab2dbdf7-111b-4659-80ff-093f8b13b112,,India
f2431de2-9041-41fe-81d2-89d45a3d3f8b,2025-01-31 23:51:57.26029 UTC,voice,hi,b0d58edf-8af4-4c5d-8125-fd07a33e28dc,ab2dbdf7-111b-4659-80ff-093f8b13b112,,India
b2435877-b49c-46d7-8a1a-6ee37f64fe90,2025-11-27 14:17:13.175491 UTC,text,en,77acaf1e-c997-4090-bc32-7132e8b54d70,99044352-079c-4742-96c4-6946f5ec5e51,,India
9040fc34-97ef-4913-9a12-3cfcc6641ee1,2025-01-27 06:29:58.60918 UTC,text,hi,7d6067bb-03f4-4876-b5e4-8de3e71375ee,ab2dbdf7-111b-4659-80ff-093f8b13b112,,India
b4db5da4-943a-4db6-ac2f-24482ca65b7a,2025-01-27 06:29:30.194391 UTC,voice,hi,7d6067bb-03f4-4876-b5e4-8de3e71375ee,ab2dbdf7-111b-4659-80ff-093f8b13b112,,India
391c25b0-d35e-4dde-8f54-fff49f030f82,2026-02-06 15:42:58.019954 UTC,text,hi,2cf52e7b-e369-4a34-9072-43d76fb67f19,d4d215a8-f0c7-47eb-8bee-2447a91119ae,,India
5c554f45-33b3-476e-a66b-b89a315dcc07,2025-11-27 14:18:22.391087 UTC,text,en,9ea2703c-cf26-4ccc-860b-ba785e5563bb,99044352-079c-4742-96c4-6946f5ec5e51,,India
c2ee3643-8ee0-4c27-9fbb-7090dd438b19,2025-11-27 15:56:46.59439 UTC,image,,1820569c-92dd-4aec-84ec-7ccf562d2631,99044352-079c-4742-96c4-6946f5ec5e51,,India
a69cfc2f-4ca3-456e-8998-d1970f5d6273,2025-12-20 12:35:57.256986 UTC,image,,6f7d2c20-c88a-4df0-9eb6-d815aeec08e8,99044352-079c-4742-96c4-6946f5ec5e51,,India
0e8150dc-3ce7-46a7-8f6a-04a6daee08c0,2025-11-27 15:55:28.371911 UTC,image,,4ae726cf-2d31-47ad-8150-2d3dc8cf7318,99044352-079c-4742-96c4-6946f5ec5e51,,India
3958545e-aaa6-46b5-b153-b344c7fb6f57,2026-09-02 13:55:27.168809 UTC,text,om,8fb01efa-1012-4f6b-866c-1e189293c3d6,ddb10778-78fe-4029-8820-6dc7ee5394e9,,Ethiopia
975254c9-a4f7-4aed-895f-c94468487adc,2025-01-23 12:07:32.792648 UTC,voice,hi,6a2d539b-5a33-4256-9659-cbe9ee55983f,ab2dbdf7-111b-4659-80ff-093f8b13b112,,India
1045d51b-9d64-48b6-af93-5070f83424be,2026-04-01 04:53:02.239185 UTC,text,hi-Latn,9de15232-4573-4f5c-b51c-f00c97ff36ea,d107d0e4-8080-44d4-9931-3d2dae558d9b,,India
0d345c20-8771-4f89-a856-4a373e5bd3bf,2024-12-26 10:35:12.20411 UTC,voice,hi,b663dc6f-51de-4765-b05d-dd1f5a8cd531,ab2dbdf7-111b-4659-80ff-093f8b13b112,,India
d64b372e-1c15-4047-a140-bbded5b43f6e,2024-12-26 10:33:52.332821 UTC,voice,en,b663dc6f-51de-4765-b05d-dd1f5a8cd531,ab2dbdf7-111b-4659-80ff-093f8b13b112,,India
22c784a2-51ab-4721-845f-f11daf4d9978,2025-01-16 13:17:40.509004 UTC,voice,hi,65852946-b7a4-46cd-b560-5f52cdbf53ab,ab2dbdf7-111b-4659-80ff-093f8b13b112,,India
1d1ed089-d3df-461b-9c00-00048f2af7fa,2026-05-27 14:40:32.274238 UTC,text,te,78f79b25-817e-4733-922d-a25086ee6cad,6b7979cd-d5e1-42e6-8c3a-d606e46a1659,gender_all_male,India
31741da0-567d-476b-91b4-74398b741e62,2026-05-27 14:42:16.831394 UTC,text,te,78f79b25-817e-4733-922d-a25086ee6cad,6b7979cd-d5e1-42e6-8c3a-d606e46a1659,gender_all_male,India
6b457f11-dc7a-41c4-93c3-bef54f7da89e,2026-05-27 14:41:25.063693 UTC,text,te,78f79b25-817e-4733-922d-a25086ee6cad,6b7979cd-d5e1-42e6-8c3a-d606e46a1659,gender_all_male,India
648fac47-c467-4c50-8606-f0c638ad261e,2025-01-24 13:00:51.846614 UTC,voice,hi,432185e6-63e6-491d-bfbe-b5064512f6f4,ab2dbdf7-111b-4659-80ff-093f8b13b112,,India
cd86f295-d6ef-40e7-9f80-9955e86b6fb1,2025-01-24 13:00:16.933528 UTC,voice,,432185e6-63e6-491d-bfbe-b5064512f6f4,ab2dbdf7-111b-4659-80ff-093f8b13b112,,India
74c3830e-fb24-4326-a6f5-cf3b6877cdfe,2025-06-23 03:47:46.049866 UTC,text,hi,101fa4b5-af57-4505-85f7-7b3461f458eb,ab2dbdf7-111b-4659-80ff-093f8b13b112,,India
01f2da53-a5c8-4c06-a4d0-27e5f436af23,2025-06-23 03:46:16.61472 UTC,text,hi,101fa4b5-af57-4505-85f7-7b3461f458eb,ab2dbdf7-111b-4659-80ff-093f8b13b112,,India
bfe3f8fa-94d6-481c-804d-8923df5dbfe3,2025-01-23 08:30:35.78101 UTC,voice,hi,cfc0b0de-9d88-4b8f-bdb0-a4b51136aa59,ab2dbdf7-111b-4659-80ff-093f8b13b112,,India
60e2817b-7323-41eb-9d3e-8f1cd803a542,2025-11-28 12:35:04.223655 UTC,image,,c56afe92-b43f-439d-8e95-122f90c1c64f,99044352-079c-4742-96c4-6946f5ec5e51,,India
e57e33af-338b-4c69-a012-fca35a3b4667,2025-11-28 12:35:42.707931 UTC,text,en,c56afe92-b43f-439d-8e95-122f90c1c64f,99044352-079c-4742-96c4-6946f5ec5e51,,India
6ffc5372-d90d-49cf-aa3e-7aeceb739a87,2025-11-28 12:33:49.754734 UTC,image,,c56afe92-b43f-439d-8e95-122f90c1c64f,99044352-079c-4742-96c4-6946f5ec5e51,,India
326f018c-2e26-4437-84a9-e466085b25b2,2026-03-31 14:38:58.098149 UTC,text,hi,27699426-4578-454a-b208-82f16832fdf4,d107d0e4-8080-44d4-9931-3d2dae558d9b,,India
ceccf4f1-4616-43f5-b7f0-16923a78074d,2026-03-31 14:34:03.548995 UTC,text,hi-Latn,27699426-4578-454a-b208-82f16832fdf4,d107d0e4-8080-44d4-9931-3d2dae558d9b,,India
4ed46659-a038-4c91-8f2a-0a6e8b19b2d3,2025-11-28 12:38:32.025277 UTC,image,,e3f39935-14a4-4d34-b726-d2452f5a6779,99044352-079c-4742-96c4-6946f5ec5e51,,India
9d912571-262d-4f44-a058-5ca6e99a22f0,2026-03-31 14:36:13.182858 UTC,text,hi,27699426-4578-454a-b208-82f16832fdf4,d107d0e4-8080-44d4-9931-3d2dae558d9b,,India
35085deb-ee8f-4928-a064-68ca941f5eaf,2026-03-31 14:41:33.651235 UTC,text,hi,27699426-4578-454a-b208-82f16832fdf4,d107d0e4-8080-44d4-9931-3d2dae558d9b,,India
eabf7baf-9d65-4a0b-bbdf-9a5934ad0891,2026-02-09 15:05:38.179751 UTC,text,hi,30397431-c031-4895-8cd2-4dc32daa4a77,b6a7131d-4139-4417-8366-6891f79959c6,,India
57d5ad31-6864-4ee7-bebb-f2063f78d4a1,2025-08-18 13:44:10.754943 UTC,text,hi,8f273ef0-ee6d-4e3d-a565-c084fd932a3f,ab2dbdf7-111b-4659-80ff-093f8b13b112,,India
43e10756-d1e9-433d-a560-5144a5e107df,2026-03-23 12:56:35.461298 UTC,text,hi,e27e3fcf-8d1e-4a7f-82ee-95e343265cfb,81c843bc-8afb-4142-8700-387e31f8c676,,India
767f842e-00c1-4588-a35b-da37d2bbbe76,2025-01-06 06:23:30.907752 UTC,voice,hi,8d3427e5-db83-4290-9f0b-132e0f3cfa26,ab2dbdf7-111b-4659-80ff-093f8b13b112,,India
51092041-cdaa-4e06-8cbd-71fa5b629e87,2025-06-16 06:40:09.18131 UTC,voice,hi,ff005423-2b62-49d2-86b0-db0b68a249eb,ab2dbdf7-111b-4659-80ff-093f8b13b112,,India
639bebbf-33ec-4c76-ba75-cf345fe1f714,2026-02-22 22:53:14.393323 UTC,text,te,11276f47-ed35-47ff-900d-98fa1d99c5d3,6b7979cd-d5e1-42e6-8c3a-d606e46a1659,gender_all_male,India
